# Exported from Wings 3D 2.4.1
mtllib Fuel-Tower_001.mtl
o Torus4_copy5
#256 vertices, 256 faces
v 18.47435100 48.25153428 6.2577874e-16
v 18.21668376 47.62947052 6.2577874e-16
v 17.59462000 47.37180328 6.2577874e-16
v 16.97255624 47.62947052 6.2577874e-16
v 16.71488900 48.25153428 6.2577874e-16
v 16.97255624 48.87359803 6.2577874e-16
v 17.59462000 49.13126528 6.2577874e-16
v 18.21668376 48.87359803 6.2577874e-16
v 18.11937153 48.25153428 3.60416709
v 17.86665529 47.62947052 3.55389870
v 17.25654431 47.37180328 3.43254008
v 16.64643334 47.62947052 3.31118146
v 16.39371709 48.25153428 3.26091308
v 16.64643334 48.87359803 3.31118146
v 17.25654431 49.13126528 3.43254008
v 17.86665529 48.87359803 3.55389870
v 17.06807477 48.25153428 7.06982805
v 16.83002127 47.62947052 6.97122307
v 16.25530930 47.37180328 6.73316957
v 15.68059733 47.62947052 6.49511608
v 15.44254384 48.25153428 6.39651109
v 15.68059733 48.87359803 6.49511608
v 16.25530930 49.13126528 6.73316957
v 16.83002127 48.87359803 6.97122307
v 15.36086146 48.25153428 10.26379949
v 15.14661898 47.62947052 10.12064724
v 14.62939187 47.37180328 9.77504713
v 14.11216476 47.62947052 9.42944703
v 13.89792228 48.25153428 9.28629478
v 14.11216476 48.87359803 9.42944703
v 14.62939187 49.13126528 9.77504713
v 15.14661898 48.87359803 10.12064724
v 13.06333887 48.25153428 13.06333887
v 12.88114061 47.62947052 12.88114061
v 12.44127511 47.37180328 12.44127511
v 12.00140961 47.62947052 12.00140961
v 11.81921136 48.25153428 11.81921136
v 12.00140961 48.87359803 12.00140961
v 12.44127511 49.13126528 12.44127511
v 12.88114061 48.87359803 12.88114061
v 10.26379949 48.25153428 15.36086146
v 10.12064724 47.62947052 15.14661898
v 9.77504713 47.37180328 14.62939187
v 9.42944703 47.62947052 14.11216476
v 9.28629478 48.25153428 13.89792228
v 9.42944703 48.87359803 14.11216476
v 9.77504713 49.13126528 14.62939187
v 10.12064724 48.87359803 15.14661898
v 7.06982805 48.25153428 17.06807477
v 6.97122307 47.62947052 16.83002127
v 6.73316957 47.37180328 16.25530930
v 6.49511608 47.62947052 15.68059733
v 6.39651109 48.25153428 15.44254384
v 6.49511608 48.87359803 15.68059733
v 6.73316957 49.13126528 16.25530930
v 6.97122307 48.87359803 16.83002127
v 3.60416709 48.25153428 18.11937153
v 3.55389870 47.62947052 17.86665529
v 3.43254008 47.37180328 17.25654431
v 3.31118146 47.62947052 16.64643334
v 3.26091308 48.25153428 16.39371709
v 3.31118146 48.87359803 16.64643334
v 3.43254008 49.13126528 17.25654431
v 3.55389870 48.87359803 17.86665529
v 1.5738426e-15 48.25153428 18.47435100
v 1.5580650e-15 47.62947052 18.21668376
v 1.5199746e-15 47.37180328 17.59462000
v 1.4818842e-15 47.62947052 16.97255624
v 1.4661066e-15 48.25153428 16.71488900
v 1.4818842e-15 48.87359803 16.97255624
v 1.5199746e-15 49.13126528 17.59462000
v 1.5580650e-15 48.87359803 18.21668376
v -3.60416709 48.25153428 18.11937153
v -3.55389870 47.62947052 17.86665529
v -3.43254008 47.37180328 17.25654431
v -3.31118146 47.62947052 16.64643334
v -3.26091308 48.25153428 16.39371709
v -3.31118146 48.87359803 16.64643334
v -3.43254008 49.13126528 17.25654431
v -3.55389870 48.87359803 17.86665529
v -7.06982805 48.25153428 17.06807477
v -6.97122307 47.62947052 16.83002127
v -6.73316957 47.37180328 16.25530930
v -6.49511608 47.62947052 15.68059733
v -6.39651109 48.25153428 15.44254384
v -6.49511608 48.87359803 15.68059733
v -6.73316957 49.13126528 16.25530930
v -6.97122307 48.87359803 16.83002127
v -10.26379949 48.25153428 15.36086146
v -10.12064724 47.62947052 15.14661898
v -9.77504713 47.37180328 14.62939187
v -9.42944703 47.62947052 14.11216476
v -9.28629478 48.25153428 13.89792228
v -9.42944703 48.87359803 14.11216476
v -9.77504713 49.13126528 14.62939187
v -10.12064724 48.87359803 15.14661898
v -13.06333887 48.25153428 13.06333887
v -12.88114061 47.62947052 12.88114061
v -12.44127511 47.37180328 12.44127511
v -12.00140961 47.62947052 12.00140961
v -11.81921136 48.25153428 11.81921136
v -12.00140961 48.87359803 12.00140961
v -12.44127511 49.13126528 12.44127511
v -12.88114061 48.87359803 12.88114061
v -15.36086146 48.25153428 10.26379949
v -15.14661898 47.62947052 10.12064724
v -14.62939187 47.37180328 9.77504713
v -14.11216476 47.62947052 9.42944703
v -13.89792228 48.25153428 9.28629478
v -14.11216476 48.87359803 9.42944703
v -14.62939187 49.13126528 9.77504713
v -15.14661898 48.87359803 10.12064724
v -17.06807477 48.25153428 7.06982805
v -16.83002127 47.62947052 6.97122307
v -16.25530930 47.37180328 6.73316957
v -15.68059733 47.62947052 6.49511608
v -15.44254384 48.25153428 6.39651109
v -15.68059733 48.87359803 6.49511608
v -16.25530930 49.13126528 6.73316957
v -16.83002127 48.87359803 6.97122307
v -18.11937153 48.25153428 3.60416709
v -17.86665529 47.62947052 3.55389870
v -17.25654431 47.37180328 3.43254008
v -16.64643334 47.62947052 3.31118146
v -16.39371709 48.25153428 3.26091308
v -16.64643334 48.87359803 3.31118146
v -17.25654431 49.13126528 3.43254008
v -17.86665529 48.87359803 3.55389870
v -18.47435100 48.25153428 2.8882342e-15
v -18.21668376 47.62947052 2.8566791e-15
v -17.59462000 47.37180328 2.7804982e-15
v -16.97255624 47.62947052 2.7043174e-15
v -16.71488900 48.25153428 2.6727623e-15
v -16.97255624 48.87359803 2.7043174e-15
v -17.59462000 49.13126528 2.7804982e-15
v -18.21668376 48.87359803 2.8566791e-15
v -18.11937153 48.25153428 -3.60416709
v -17.86665529 47.62947052 -3.55389870
v -17.25654431 47.37180328 -3.43254008
v -16.64643334 47.62947052 -3.31118146
v -16.39371709 48.25153428 -3.26091308
v -16.64643334 48.87359803 -3.31118146
v -17.25654431 49.13126528 -3.43254008
v -17.86665529 48.87359803 -3.55389870
v -17.06807477 48.25153428 -7.06982805
v -16.83002127 47.62947052 -6.97122307
v -16.25530930 47.37180328 -6.73316957
v -15.68059733 47.62947052 -6.49511608
v -15.44254384 48.25153428 -6.39651109
v -15.68059733 48.87359803 -6.49511608
v -16.25530930 49.13126528 -6.73316957
v -16.83002127 48.87359803 -6.97122307
v -15.36086146 48.25153428 -10.26379949
v -15.14661898 47.62947052 -10.12064724
v -14.62939187 47.37180328 -9.77504713
v -14.11216476 47.62947052 -9.42944703
v -13.89792228 48.25153428 -9.28629478
v -14.11216476 48.87359803 -9.42944703
v -14.62939187 49.13126528 -9.77504713
v -15.14661898 48.87359803 -10.12064724
v -13.06333887 48.25153428 -13.06333887
v -12.88114061 47.62947052 -12.88114061
v -12.44127511 47.37180328 -12.44127511
v -12.00140961 47.62947052 -12.00140961
v -11.81921136 48.25153428 -11.81921136
v -12.00140961 48.87359803 -12.00140961
v -12.44127511 49.13126528 -12.44127511
v -12.88114061 48.87359803 -12.88114061
v -10.26379949 48.25153428 -15.36086146
v -10.12064724 47.62947052 -15.14661898
v -9.77504713 47.37180328 -14.62939187
v -9.42944703 47.62947052 -14.11216476
v -9.28629478 48.25153428 -13.89792228
v -9.42944703 48.87359803 -14.11216476
v -9.77504713 49.13126528 -14.62939187
v -10.12064724 48.87359803 -15.14661898
v -7.06982805 48.25153428 -17.06807477
v -6.97122307 47.62947052 -16.83002127
v -6.73316957 47.37180328 -16.25530930
v -6.49511608 47.62947052 -15.68059733
v -6.39651109 48.25153428 -15.44254384
v -6.49511608 48.87359803 -15.68059733
v -6.73316957 49.13126528 -16.25530930
v -6.97122307 48.87359803 -16.83002127
v -3.60416709 48.25153428 -18.11937153
v -3.55389870 47.62947052 -17.86665529
v -3.43254008 47.37180328 -17.25654431
v -3.31118146 47.62947052 -16.64643334
v -3.26091308 48.25153428 -16.39371709
v -3.31118146 48.87359803 -16.64643334
v -3.43254008 49.13126528 -17.25654431
v -3.55389870 48.87359803 -17.86665529
v -2.9510684e-15 48.25153428 -18.47435100
v -2.9037357e-15 47.62947052 -18.21668376
v -2.7894644e-15 47.37180328 -17.59462000
v -2.6751932e-15 47.62947052 -16.97255624
v -2.6278604e-15 48.25153428 -16.71488900
v -2.6751932e-15 48.87359803 -16.97255624
v -2.7894644e-15 49.13126528 -17.59462000
v -2.9037357e-15 48.87359803 -18.21668376
v 3.60416709 48.25153428 -18.11937153
v 3.55389870 47.62947052 -17.86665529
v 3.43254008 47.37180328 -17.25654431
v 3.31118146 47.62947052 -16.64643334
v 3.26091308 48.25153428 -16.39371709
v 3.31118146 48.87359803 -16.64643334
v 3.43254008 49.13126528 -17.25654431
v 3.55389870 48.87359803 -17.86665529
v 7.06982805 48.25153428 -17.06807477
v 6.97122307 47.62947052 -16.83002127
v 6.73316957 47.37180328 -16.25530930
v 6.49511608 47.62947052 -15.68059733
v 6.39651109 48.25153428 -15.44254384
v 6.49511608 48.87359803 -15.68059733
v 6.73316957 49.13126528 -16.25530930
v 6.97122307 48.87359803 -16.83002127
v 10.26379949 48.25153428 -15.36086146
v 10.12064724 47.62947052 -15.14661898
v 9.77504713 47.37180328 -14.62939187
v 9.42944703 47.62947052 -14.11216476
v 9.28629478 48.25153428 -13.89792228
v 9.42944703 48.87359803 -14.11216476
v 9.77504713 49.13126528 -14.62939187
v 10.12064724 48.87359803 -15.14661898
v 13.06333887 48.25153428 -13.06333887
v 12.88114061 47.62947052 -12.88114061
v 12.44127511 47.37180328 -12.44127511
v 12.00140961 47.62947052 -12.00140961
v 11.81921136 48.25153428 -11.81921136
v 12.00140961 48.87359803 -12.00140961
v 12.44127511 49.13126528 -12.44127511
v 12.88114061 48.87359803 -12.88114061
v 15.36086146 48.25153428 -10.26379949
v 15.14661898 47.62947052 -10.12064724
v 14.62939187 47.37180328 -9.77504713
v 14.11216476 47.62947052 -9.42944703
v 13.89792228 48.25153428 -9.28629478
v 14.11216476 48.87359803 -9.42944703
v 14.62939187 49.13126528 -9.77504713
v 15.14661898 48.87359803 -10.12064724
v 17.06807477 48.25153428 -7.06982805
v 16.83002127 47.62947052 -6.97122307
v 16.25530930 47.37180328 -6.73316957
v 15.68059733 47.62947052 -6.49511608
v 15.44254384 48.25153428 -6.39651109
v 15.68059733 48.87359803 -6.49511608
v 16.25530930 49.13126528 -6.73316957
v 16.83002127 48.87359803 -6.97122307
v 18.11937153 48.25153428 -3.60416709
v 17.86665529 47.62947052 -3.55389870
v 17.25654431 47.37180328 -3.43254008
v 16.64643334 47.62947052 -3.31118146
v 16.39371709 48.25153428 -3.26091308
v 16.64643334 48.87359803 -3.31118146
v 17.25654431 49.13126528 -3.43254008
v 17.86665529 48.87359803 -3.55389870
vn 1.00000000 2.0513245e-15 -1.8099922e-16
vn 0.70660676 -0.70760644 -9.2227336e-17
vn 2.7057375e-16 -1.00000000 8.4554298e-17
vn -0.70660676 -0.70760644 2.8985734e-16
vn -1.00000000 2.0362412e-15 4.0724825e-16
vn -0.70660676 0.70760644 2.8985734e-16
vn 2.2547813e-16 1.00000000 8.4554298e-17
vn 0.70660676 0.70760644 -9.0345145e-17
vn 0.98078528 2.0211580e-15 0.19509032
vn 0.69302951 -0.70760644 0.13785214
vn 5.5617938e-16 -1.00000000 1.6159266e-16
vn -0.69302951 -0.70760644 -0.13785214
vn -0.98078528 2.0211580e-15 -0.19509032
vn -0.69302951 0.70760644 -0.13785214
vn 5.1108376e-16 1.00000000 1.6159266e-16
vn 0.69302951 0.70760644 0.13785214
vn 0.92387953 2.0060747e-15 0.38268343
vn 0.65281953 -0.70760644 0.27040670
vn 6.1630688e-16 -1.00000000 2.8560563e-16
vn -0.65281953 -0.70760644 -0.27040670
vn -0.92387953 2.0362412e-15 -0.38268343
vn -0.65281953 0.70760644 -0.27040670
vn 5.7121126e-16 1.00000000 3.0063750e-16
vn 0.65281953 0.70760644 0.27040670
vn 0.83146961 2.0060747e-15 0.55557023
vn 0.58752205 -0.70760644 0.39256968
vn 4.9605188e-16 -1.00000000 2.5554188e-16
vn -0.58752205 -0.70760644 -0.39256968
vn -0.83146961 2.0211580e-15 -0.55557023
vn -0.58752205 0.70760644 -0.39256968
vn 4.8102001e-16 1.00000000 2.4802594e-16
vn 0.58752205 0.70760644 0.39256968
vn 0.70710678 2.0060747e-15 0.70710678
vn 0.49964644 -0.70760644 0.49964644
vn 2.2547813e-16 -1.00000000 1.8038250e-16
vn -0.49964644 -0.70760644 -0.49964644
vn -0.70710678 2.0060747e-15 -0.70710678
vn -0.49964644 0.70760644 -0.49964644
vn 2.1796219e-16 1.00000000 1.8038250e-16
vn 0.49964644 0.70760644 0.49964644
vn 0.55557023 2.0060747e-15 0.83146961
vn 0.39256968 -0.70760644 0.58752205
vn 3.0063750e-17 -1.00000000 6.0127501e-17
vn -0.39256968 -0.70760644 -0.58752205
vn -0.55557023 2.0211580e-15 -0.83146961
vn -0.39256968 0.70760644 -0.58752205
vn 3.0063750e-17 1.00000000 9.0191251e-17
vn 0.39256968 0.70760644 0.58752205
vn 0.38268343 1.9909914e-15 0.92387953
vn 0.27040670 -0.70760644 0.65281953
vn 1.1649703e-16 -1.00000000 3.6076500e-16
vn -0.27040670 -0.70760644 -0.65281953
vn -0.38268343 2.0211580e-15 -0.92387953
vn -0.27040670 0.70760644 -0.65281953
vn 1.2025500e-16 1.00000000 3.6076500e-16
vn 0.27040670 0.70760644 0.65281953
vn 0.19509032 1.9759082e-15 0.98078528
vn 0.13785214 -0.70760644 0.69302951
vn 2.2547813e-16 -1.00000000 1.1724863e-15
vn -0.13785214 -0.70760644 -0.69302951
vn -0.19509032 2.0513245e-15 -0.98078528
vn -0.13785214 0.70760644 -0.69302951
vn 2.2172016e-16 1.00000000 1.1273906e-15
vn 0.13785214 0.70760644 0.69302951
vn -1.1312451e-17 1.9759082e-15 1.00000000
vn -3.7643810e-18 -0.70760644 0.70660676
vn 1.8789844e-18 -1.00000000 1.5633150e-15
vn 1.5057524e-17 -0.70760644 -0.70660676
vn 1.5083268e-17 2.0664078e-15 -1.00000000
vn 5.6465716e-18 0.70760644 -0.70660676
vn 0.0000000e+0 1.00000000 1.5482831e-15
vn -7.5287621e-18 0.70760644 0.70660676
vn -0.19509032 2.0060747e-15 0.98078528
vn -0.13785214 -0.70760644 0.69302951
vn -2.1420422e-16 -1.00000000 1.1424225e-15
vn 0.13785214 -0.70760644 -0.69302951
vn 0.19509032 2.0513245e-15 -0.98078528
vn 0.13785214 0.70760644 -0.69302951
vn -2.2172016e-16 1.00000000 1.1273906e-15
vn -0.13785214 0.70760644 0.69302951
vn -0.38268343 2.0211580e-15 0.92387953
vn -0.27040670 -0.70760644 0.65281953
vn -8.2675313e-17 -1.00000000 3.6076500e-16
vn 0.27040670 -0.70760644 -0.65281953
vn 0.38268343 2.0362412e-15 -0.92387953
vn 0.27040670 0.70760644 -0.65281953
vn -9.7707189e-17 1.00000000 3.4573313e-16
vn -0.27040670 0.70760644 0.65281953
vn -0.55557023 2.0060747e-15 0.83146961
vn -0.39256968 -0.70760644 0.58752205
vn -6.7643438e-17 -1.00000000 1.2025500e-16
vn 0.39256968 -0.70760644 -0.58752205
vn 0.55557023 2.0362412e-15 -0.83146961
vn 0.39256968 0.70760644 -0.58752205
vn -9.7707189e-17 1.00000000 1.3528688e-16
vn -0.39256968 0.70760644 0.58752205
vn -0.70710678 2.0060747e-15 0.70710678
vn -0.49964644 -0.70760644 0.49964644
vn -1.6535063e-16 -1.00000000 1.5783469e-16
vn 0.49964644 -0.70760644 -0.49964644
vn 0.70710678 2.0362412e-15 -0.70710678
vn 0.49964644 0.70760644 -0.49964644
vn -1.9541438e-16 1.00000000 1.8038250e-16
vn -0.49964644 0.70760644 0.49964644
vn -0.83146961 2.0060747e-15 0.55557023
vn -0.58752205 -0.70760644 0.39256968
vn -3.1566938e-16 -1.00000000 1.2777094e-16
vn 0.58752205 -0.70760644 -0.39256968
vn 0.83146961 2.0211580e-15 -0.55557023
vn 0.58752205 0.70760644 -0.39256968
vn -3.3070125e-16 1.00000000 1.5031875e-16
vn -0.58752205 0.70760644 0.39256968
vn -0.92387953 2.0060747e-15 0.38268343
vn -0.65281953 -0.70760644 0.27040670
vn -5.4114751e-16 -1.00000000 2.3299406e-16
vn 0.65281953 -0.70760644 -0.27040670
vn 0.92387953 1.9909914e-15 -0.38268343
vn 0.65281953 0.70760644 -0.27040670
vn -5.4114751e-16 1.00000000 2.4802594e-16
vn -0.65281953 0.70760644 0.27040670
vn -0.98078528 2.0362412e-15 0.19509032
vn -0.69302951 -0.70760644 0.13785214
vn -5.2611563e-16 -1.00000000 1.7098758e-16
vn 0.69302951 -0.70760644 -0.13785214
vn 0.98078528 2.0060747e-15 -0.19509032
vn 0.69302951 0.70760644 -0.13785214
vn -5.1108376e-16 1.00000000 1.6910860e-16
vn -0.69302951 0.70760644 0.13785214
vn -1.00000000 2.0513245e-15 0.0000000e+0
vn -0.70660676 -0.70760644 0.0000000e+0
vn -5.2611563e-16 -1.00000000 -3.7579688e-18
vn 0.70660676 -0.70760644 -7.5287621e-18
vn 1.00000000 2.0211580e-15 -1.1312451e-17
vn 0.70660676 0.70760644 -7.5287621e-18
vn -4.9605188e-16 1.00000000 -3.7579688e-18
vn -0.70660676 0.70760644 0.0000000e+0
vn -0.98078528 2.0362412e-15 -0.19509032
vn -0.69302951 -0.70760644 -0.13785214
vn -1.9541438e-16 -1.00000000 -4.1337657e-17
vn 0.69302951 -0.70760644 0.13785214
vn 0.98078528 1.9909914e-15 0.19509032
vn 0.69302951 0.70760644 0.13785214
vn -1.8038250e-16 1.00000000 -3.0063750e-17
vn -0.69302951 0.70760644 -0.13785214
vn -0.92387953 2.0362412e-15 -0.38268343
vn -0.65281953 -0.70760644 -0.27040670
vn -2.2547813e-16 -1.00000000 -1.2025500e-16
vn 0.65281953 -0.70760644 0.27040670
vn 0.92387953 2.0060747e-15 0.38268343
vn 0.65281953 0.70760644 0.27040670
vn -2.1044625e-16 1.00000000 -1.1273906e-16
vn -0.65281953 0.70760644 -0.27040670
vn -0.83146961 2.0513245e-15 -0.55557023
vn -0.58752205 -0.70760644 -0.39256968
vn -6.9146626e-16 -1.00000000 -4.5095625e-16
vn 0.58752205 -0.70760644 0.39256968
vn 0.83146961 2.0060747e-15 0.55557023
vn 0.58752205 0.70760644 0.39256968
vn -6.9146626e-16 1.00000000 -4.7350407e-16
vn -0.58752205 0.70760644 -0.39256968
vn -0.70710678 2.0362412e-15 -0.70710678
vn -0.49964644 -0.70760644 -0.49964644
vn -6.1630688e-16 -1.00000000 -6.1630688e-16
vn 0.49964644 -0.70760644 0.49964644
vn 0.70710678 1.9909914e-15 0.70710678
vn 0.49964644 0.70760644 0.49964644
vn -6.5388657e-16 1.00000000 -6.4637063e-16
vn -0.49964644 0.70760644 -0.49964644
vn -0.55557023 2.0211580e-15 -0.83146961
vn -0.39256968 -0.70760644 -0.58752205
vn -2.1796219e-16 -1.00000000 -3.6076500e-16
vn 0.39256968 -0.70760644 0.58752205
vn 0.55557023 2.0211580e-15 0.83146961
vn 0.39256968 0.70760644 0.58752205
vn -2.4051000e-16 1.00000000 -3.6076500e-16
vn -0.39256968 0.70760644 -0.58752205
vn -0.38268343 1.9909914e-15 -0.92387953
vn -0.27040670 -0.70760644 -0.65281953
vn -8.6433282e-17 -1.00000000 4.5095625e-17
vn 0.27040670 -0.70760644 0.65281953
vn 0.38268343 2.0362412e-15 0.92387953
vn 0.27040670 0.70760644 0.65281953
vn -8.6433282e-17 1.00000000 6.0127501e-17
vn -0.27040670 0.70760644 -0.65281953
vn -0.19509032 1.9909914e-15 -0.98078528
vn -0.13785214 -0.70760644 -0.69302951
vn -4.1337657e-17 -1.00000000 1.5031875e-16
vn 0.13785214 -0.70760644 0.69302951
vn 0.19509032 2.0060747e-15 0.98078528
vn 0.13785214 0.70760644 0.69302951
vn -4.5095625e-17 1.00000000 1.3528688e-16
vn -0.13785214 0.70760644 -0.69302951
vn -3.1674864e-16 2.0060747e-15 -1.00000000
vn -1.5622181e-16 -0.70760644 -0.70660676
vn 3.3821719e-17 -1.00000000 2.2547813e-16
vn 3.0115048e-16 -0.70760644 0.70660676
vn 5.2791440e-16 1.9909914e-15 1.00000000
vn 2.8985734e-16 0.70760644 0.70660676
vn 2.8184766e-17 1.00000000 2.4051000e-16
vn -1.5433962e-16 0.70760644 -0.70660676
vn 0.19509032 2.0211580e-15 -0.98078528
vn 0.13785214 -0.70760644 -0.69302951
vn -3.7579688e-17 -1.00000000 3.6076500e-16
vn -0.13785214 -0.70760644 0.69302951
vn -0.19509032 2.0211580e-15 0.98078528
vn -0.13785214 0.70760644 0.69302951
vn -4.5095625e-17 1.00000000 4.2089250e-16
vn 0.13785214 0.70760644 -0.69302951
vn 0.38268343 2.0211580e-15 -0.92387953
vn 0.27040670 -0.70760644 -0.65281953
vn 2.2547813e-17 -1.00000000 1.0522313e-16
vn -0.27040670 -0.70760644 0.65281953
vn -0.38268343 2.0362412e-15 0.92387953
vn -0.27040670 0.70760644 0.65281953
vn 1.5031875e-17 1.00000000 1.6535063e-16
vn 0.27040670 0.70760644 -0.65281953
vn 0.55557023 2.0211580e-15 -0.83146961
vn 0.39256968 -0.70760644 -0.58752205
vn 1.9541438e-16 -1.00000000 -2.4051000e-16
vn -0.39256968 -0.70760644 0.58752205
vn -0.55557023 2.0362412e-15 0.83146961
vn -0.39256968 0.70760644 0.58752205
vn 1.9541438e-16 1.00000000 -2.1044625e-16
vn 0.39256968 0.70760644 -0.58752205
vn 0.70710678 2.0362412e-15 -0.70710678
vn 0.49964644 -0.70760644 -0.49964644
vn 4.2089250e-16 -1.00000000 -3.9834469e-16
vn -0.49964644 -0.70760644 0.49964644
vn -0.70710678 2.0362412e-15 0.70710678
vn -0.49964644 0.70760644 0.49964644
vn 4.5095625e-16 1.00000000 -4.0586063e-16
vn 0.49964644 0.70760644 -0.49964644
vn 0.83146961 2.0211580e-15 -0.55557023
vn 0.58752205 -0.70760644 -0.39256968
vn 4.2089250e-16 -1.00000000 -3.5324907e-16
vn -0.58752205 -0.70760644 0.39256968
vn -0.83146961 2.0362412e-15 0.55557023
vn -0.58752205 0.70760644 0.39256968
vn 4.3592438e-16 1.00000000 -3.6076500e-16
vn 0.58752205 0.70760644 -0.39256968
vn 0.92387953 2.0211580e-15 -0.38268343
vn 0.65281953 -0.70760644 -0.27040670
vn 4.5095625e-17 -1.00000000 -1.4280281e-16
vn -0.65281953 -0.70760644 0.27040670
vn -0.92387953 2.0362412e-15 0.38268343
vn -0.65281953 0.70760644 0.27040670
vn 4.5095625e-17 1.00000000 -1.3904485e-16
vn 0.65281953 0.70760644 -0.27040670
vn 0.98078528 2.0362412e-15 -0.19509032
vn 0.69302951 -0.70760644 -0.13785214
vn -1.0522313e-16 -1.00000000 6.2006485e-17
vn -0.69302951 -0.70760644 0.13785214
vn -0.98078528 2.0362412e-15 0.19509032
vn -0.69302951 0.70760644 0.13785214
vn -1.3528688e-16 1.00000000 6.5764454e-17
vn 0.69302951 0.70760644 -0.13785214
g Torus4_copy5_default
usemtl default
s 1
f 1//1 9//9 10//10 2//2
f 1//1 249//249 256//256 8//8
f 2//2 10//10 11//11 3//3
f 2//2 250//250 249//249 1//1
f 3//3 11//11 12//12 4//4
f 3//3 251//251 250//250 2//2
f 4//4 12//12 13//13 5//5
f 4//4 252//252 251//251 3//3
f 5//5 13//13 14//14 6//6
f 5//5 253//253 252//252 4//4
f 6//6 14//14 15//15 7//7
f 6//6 254//254 253//253 5//5
f 7//7 15//15 16//16 8//8
f 7//7 255//255 254//254 6//6
f 8//8 16//16 9//9 1//1
f 8//8 256//256 255//255 7//7
f 9//9 17//17 18//18 10//10
f 10//10 18//18 19//19 11//11
f 11//11 19//19 20//20 12//12
f 12//12 20//20 21//21 13//13
f 13//13 21//21 22//22 14//14
f 14//14 22//22 23//23 15//15
f 15//15 23//23 24//24 16//16
f 16//16 24//24 17//17 9//9
f 17//17 25//25 26//26 18//18
f 18//18 26//26 27//27 19//19
f 19//19 27//27 28//28 20//20
f 20//20 28//28 29//29 21//21
f 21//21 29//29 30//30 22//22
f 22//22 30//30 31//31 23//23
f 23//23 31//31 32//32 24//24
f 24//24 32//32 25//25 17//17
f 25//25 33//33 34//34 26//26
f 26//26 34//34 35//35 27//27
f 27//27 35//35 36//36 28//28
f 28//28 36//36 37//37 29//29
f 29//29 37//37 38//38 30//30
f 30//30 38//38 39//39 31//31
f 31//31 39//39 40//40 32//32
f 32//32 40//40 33//33 25//25
f 33//33 41//41 42//42 34//34
f 34//34 42//42 43//43 35//35
f 35//35 43//43 44//44 36//36
f 36//36 44//44 45//45 37//37
f 37//37 45//45 46//46 38//38
f 38//38 46//46 47//47 39//39
f 39//39 47//47 48//48 40//40
f 40//40 48//48 41//41 33//33
f 41//41 49//49 50//50 42//42
f 42//42 50//50 51//51 43//43
f 43//43 51//51 52//52 44//44
f 44//44 52//52 53//53 45//45
f 45//45 53//53 54//54 46//46
f 46//46 54//54 55//55 47//47
f 47//47 55//55 56//56 48//48
f 48//48 56//56 49//49 41//41
f 49//49 57//57 58//58 50//50
f 50//50 58//58 59//59 51//51
f 51//51 59//59 60//60 52//52
f 52//52 60//60 61//61 53//53
f 53//53 61//61 62//62 54//54
f 54//54 62//62 63//63 55//55
f 55//55 63//63 64//64 56//56
f 56//56 64//64 57//57 49//49
f 57//57 65//65 66//66 58//58
f 58//58 66//66 67//67 59//59
f 59//59 67//67 68//68 60//60
f 60//60 68//68 69//69 61//61
f 61//61 69//69 70//70 62//62
f 62//62 70//70 71//71 63//63
f 63//63 71//71 72//72 64//64
f 64//64 72//72 65//65 57//57
f 65//65 73//73 74//74 66//66
f 66//66 74//74 75//75 67//67
f 67//67 75//75 76//76 68//68
f 68//68 76//76 77//77 69//69
f 69//69 77//77 78//78 70//70
f 70//70 78//78 79//79 71//71
f 71//71 79//79 80//80 72//72
f 72//72 80//80 73//73 65//65
f 73//73 81//81 82//82 74//74
f 74//74 82//82 83//83 75//75
f 75//75 83//83 84//84 76//76
f 76//76 84//84 85//85 77//77
f 77//77 85//85 86//86 78//78
f 78//78 86//86 87//87 79//79
f 79//79 87//87 88//88 80//80
f 80//80 88//88 81//81 73//73
f 81//81 89//89 90//90 82//82
f 82//82 90//90 91//91 83//83
f 83//83 91//91 92//92 84//84
f 84//84 92//92 93//93 85//85
f 85//85 93//93 94//94 86//86
f 86//86 94//94 95//95 87//87
f 87//87 95//95 96//96 88//88
f 88//88 96//96 89//89 81//81
f 89//89 97//97 98//98 90//90
f 90//90 98//98 99//99 91//91
f 91//91 99//99 100//100 92//92
f 92//92 100//100 101//101 93//93
f 93//93 101//101 102//102 94//94
f 94//94 102//102 103//103 95//95
f 95//95 103//103 104//104 96//96
f 96//96 104//104 97//97 89//89
f 97//97 105//105 106//106 98//98
f 98//98 106//106 107//107 99//99
f 99//99 107//107 108//108 100//100
f 100//100 108//108 109//109 101//101
f 101//101 109//109 110//110 102//102
f 102//102 110//110 111//111 103//103
f 103//103 111//111 112//112 104//104
f 104//104 112//112 105//105 97//97
f 105//105 113//113 114//114 106//106
f 106//106 114//114 115//115 107//107
f 107//107 115//115 116//116 108//108
f 108//108 116//116 117//117 109//109
f 109//109 117//117 118//118 110//110
f 110//110 118//118 119//119 111//111
f 111//111 119//119 120//120 112//112
f 112//112 120//120 113//113 105//105
f 113//113 121//121 122//122 114//114
f 114//114 122//122 123//123 115//115
f 115//115 123//123 124//124 116//116
f 116//116 124//124 125//125 117//117
f 117//117 125//125 126//126 118//118
f 118//118 126//126 127//127 119//119
f 119//119 127//127 128//128 120//120
f 120//120 128//128 121//121 113//113
f 121//121 129//129 130//130 122//122
f 122//122 130//130 131//131 123//123
f 123//123 131//131 132//132 124//124
f 124//124 132//132 133//133 125//125
f 125//125 133//133 134//134 126//126
f 126//126 134//134 135//135 127//127
f 127//127 135//135 136//136 128//128
f 128//128 136//136 129//129 121//121
f 129//129 137//137 138//138 130//130
f 130//130 138//138 139//139 131//131
f 131//131 139//139 140//140 132//132
f 132//132 140//140 141//141 133//133
f 133//133 141//141 142//142 134//134
f 134//134 142//142 143//143 135//135
f 135//135 143//143 144//144 136//136
f 136//136 144//144 137//137 129//129
f 137//137 145//145 146//146 138//138
f 138//138 146//146 147//147 139//139
f 139//139 147//147 148//148 140//140
f 140//140 148//148 149//149 141//141
f 141//141 149//149 150//150 142//142
f 142//142 150//150 151//151 143//143
f 143//143 151//151 152//152 144//144
f 144//144 152//152 145//145 137//137
f 145//145 153//153 154//154 146//146
f 146//146 154//154 155//155 147//147
f 147//147 155//155 156//156 148//148
f 148//148 156//156 157//157 149//149
f 149//149 157//157 158//158 150//150
f 150//150 158//158 159//159 151//151
f 151//151 159//159 160//160 152//152
f 152//152 160//160 153//153 145//145
f 153//153 161//161 162//162 154//154
f 154//154 162//162 163//163 155//155
f 155//155 163//163 164//164 156//156
f 156//156 164//164 165//165 157//157
f 157//157 165//165 166//166 158//158
f 158//158 166//166 167//167 159//159
f 159//159 167//167 168//168 160//160
f 160//160 168//168 161//161 153//153
f 161//161 169//169 170//170 162//162
f 162//162 170//170 171//171 163//163
f 163//163 171//171 172//172 164//164
f 164//164 172//172 173//173 165//165
f 165//165 173//173 174//174 166//166
f 166//166 174//174 175//175 167//167
f 167//167 175//175 176//176 168//168
f 168//168 176//176 169//169 161//161
f 169//169 177//177 178//178 170//170
f 170//170 178//178 179//179 171//171
f 171//171 179//179 180//180 172//172
f 172//172 180//180 181//181 173//173
f 173//173 181//181 182//182 174//174
f 174//174 182//182 183//183 175//175
f 175//175 183//183 184//184 176//176
f 176//176 184//184 177//177 169//169
f 177//177 185//185 186//186 178//178
f 178//178 186//186 187//187 179//179
f 179//179 187//187 188//188 180//180
f 180//180 188//188 189//189 181//181
f 181//181 189//189 190//190 182//182
f 182//182 190//190 191//191 183//183
f 183//183 191//191 192//192 184//184
f 184//184 192//192 185//185 177//177
f 185//185 193//193 194//194 186//186
f 186//186 194//194 195//195 187//187
f 187//187 195//195 196//196 188//188
f 188//188 196//196 197//197 189//189
f 189//189 197//197 198//198 190//190
f 190//190 198//198 199//199 191//191
f 191//191 199//199 200//200 192//192
f 192//192 200//200 193//193 185//185
f 193//193 201//201 202//202 194//194
f 194//194 202//202 203//203 195//195
f 195//195 203//203 204//204 196//196
f 196//196 204//204 205//205 197//197
f 197//197 205//205 206//206 198//198
f 198//198 206//206 207//207 199//199
f 199//199 207//207 208//208 200//200
f 200//200 208//208 201//201 193//193
f 201//201 209//209 210//210 202//202
f 202//202 210//210 211//211 203//203
f 203//203 211//211 212//212 204//204
f 204//204 212//212 213//213 205//205
f 205//205 213//213 214//214 206//206
f 206//206 214//214 215//215 207//207
f 207//207 215//215 216//216 208//208
f 208//208 216//216 209//209 201//201
f 209//209 217//217 218//218 210//210
f 210//210 218//218 219//219 211//211
f 211//211 219//219 220//220 212//212
f 212//212 220//220 221//221 213//213
f 213//213 221//221 222//222 214//214
f 214//214 222//222 223//223 215//215
f 215//215 223//223 224//224 216//216
f 216//216 224//224 217//217 209//209
f 217//217 225//225 226//226 218//218
f 218//218 226//226 227//227 219//219
f 219//219 227//227 228//228 220//220
f 220//220 228//228 229//229 221//221
f 221//221 229//229 230//230 222//222
f 222//222 230//230 231//231 223//223
f 223//223 231//231 232//232 224//224
f 224//224 232//232 225//225 217//217
f 225//225 233//233 234//234 226//226
f 226//226 234//234 235//235 227//227
f 227//227 235//235 236//236 228//228
f 228//228 236//236 237//237 229//229
f 229//229 237//237 238//238 230//230
f 230//230 238//238 239//239 231//231
f 231//231 239//239 240//240 232//232
f 232//232 240//240 233//233 225//225
f 233//233 241//241 242//242 234//234
f 234//234 242//242 243//243 235//235
f 235//235 243//243 244//244 236//236
f 236//236 244//244 245//245 237//237
f 237//237 245//245 246//246 238//238
f 238//238 246//246 247//247 239//239
f 239//239 247//247 248//248 240//240
f 240//240 248//248 241//241 233//233
f 241//241 249//249 250//250 242//242
f 242//242 250//250 251//251 243//243
f 243//243 251//251 252//252 244//244
f 244//244 252//252 253//253 245//245
f 245//245 253//253 254//254 246//246
f 246//246 254//254 255//255 247//247
f 247//247 255//255 256//256 248//248
f 248//248 256//256 249//249 241//241
o Torus4
#256 vertices, 256 faces
v 18.47435100 44.87020939 6.2577874e-16
v 18.21668376 44.24814563 6.2577874e-16
v 17.59462000 43.99047839 6.2577874e-16
v 16.97255624 44.24814563 6.2577874e-16
v 16.71488900 44.87020939 6.2577874e-16
v 16.97255624 45.49227315 6.2577874e-16
v 17.59462000 45.74994039 6.2577874e-16
v 18.21668376 45.49227315 6.2577874e-16
v 18.11937153 44.87020939 3.60416709
v 17.86665529 44.24814563 3.55389870
v 17.25654431 43.99047839 3.43254008
v 16.64643334 44.24814563 3.31118146
v 16.39371709 44.87020939 3.26091308
v 16.64643334 45.49227315 3.31118146
v 17.25654431 45.74994039 3.43254008
v 17.86665529 45.49227315 3.55389870
v 17.06807477 44.87020939 7.06982805
v 16.83002127 44.24814563 6.97122307
v 16.25530930 43.99047839 6.73316957
v 15.68059733 44.24814563 6.49511608
v 15.44254384 44.87020939 6.39651109
v 15.68059733 45.49227315 6.49511608
v 16.25530930 45.74994039 6.73316957
v 16.83002127 45.49227315 6.97122307
v 15.36086146 44.87020939 10.26379949
v 15.14661898 44.24814563 10.12064724
v 14.62939187 43.99047839 9.77504713
v 14.11216476 44.24814563 9.42944703
v 13.89792228 44.87020939 9.28629478
v 14.11216476 45.49227315 9.42944703
v 14.62939187 45.74994039 9.77504713
v 15.14661898 45.49227315 10.12064724
v 13.06333887 44.87020939 13.06333887
v 12.88114061 44.24814563 12.88114061
v 12.44127511 43.99047839 12.44127511
v 12.00140961 44.24814563 12.00140961
v 11.81921136 44.87020939 11.81921136
v 12.00140961 45.49227315 12.00140961
v 12.44127511 45.74994039 12.44127511
v 12.88114061 45.49227315 12.88114061
v 10.26379949 44.87020939 15.36086146
v 10.12064724 44.24814563 15.14661898
v 9.77504713 43.99047839 14.62939187
v 9.42944703 44.24814563 14.11216476
v 9.28629478 44.87020939 13.89792228
v 9.42944703 45.49227315 14.11216476
v 9.77504713 45.74994039 14.62939187
v 10.12064724 45.49227315 15.14661898
v 7.06982805 44.87020939 17.06807477
v 6.97122307 44.24814563 16.83002127
v 6.73316957 43.99047839 16.25530930
v 6.49511608 44.24814563 15.68059733
v 6.39651109 44.87020939 15.44254384
v 6.49511608 45.49227315 15.68059733
v 6.73316957 45.74994039 16.25530930
v 6.97122307 45.49227315 16.83002127
v 3.60416709 44.87020939 18.11937153
v 3.55389870 44.24814563 17.86665529
v 3.43254008 43.99047839 17.25654431
v 3.31118146 44.24814563 16.64643334
v 3.26091308 44.87020939 16.39371709
v 3.31118146 45.49227315 16.64643334
v 3.43254008 45.74994039 17.25654431
v 3.55389870 45.49227315 17.86665529
v 1.5738426e-15 44.87020939 18.47435100
v 1.5580650e-15 44.24814563 18.21668376
v 1.5199746e-15 43.99047839 17.59462000
v 1.4818842e-15 44.24814563 16.97255624
v 1.4661066e-15 44.87020939 16.71488900
v 1.4818842e-15 45.49227315 16.97255624
v 1.5199746e-15 45.74994039 17.59462000
v 1.5580650e-15 45.49227315 18.21668376
v -3.60416709 44.87020939 18.11937153
v -3.55389870 44.24814563 17.86665529
v -3.43254008 43.99047839 17.25654431
v -3.31118146 44.24814563 16.64643334
v -3.26091308 44.87020939 16.39371709
v -3.31118146 45.49227315 16.64643334
v -3.43254008 45.74994039 17.25654431
v -3.55389870 45.49227315 17.86665529
v -7.06982805 44.87020939 17.06807477
v -6.97122307 44.24814563 16.83002127
v -6.73316957 43.99047839 16.25530930
v -6.49511608 44.24814563 15.68059733
v -6.39651109 44.87020939 15.44254384
v -6.49511608 45.49227315 15.68059733
v -6.73316957 45.74994039 16.25530930
v -6.97122307 45.49227315 16.83002127
v -10.26379949 44.87020939 15.36086146
v -10.12064724 44.24814563 15.14661898
v -9.77504713 43.99047839 14.62939187
v -9.42944703 44.24814563 14.11216476
v -9.28629478 44.87020939 13.89792228
v -9.42944703 45.49227315 14.11216476
v -9.77504713 45.74994039 14.62939187
v -10.12064724 45.49227315 15.14661898
v -13.06333887 44.87020939 13.06333887
v -12.88114061 44.24814563 12.88114061
v -12.44127511 43.99047839 12.44127511
v -12.00140961 44.24814563 12.00140961
v -11.81921136 44.87020939 11.81921136
v -12.00140961 45.49227315 12.00140961
v -12.44127511 45.74994039 12.44127511
v -12.88114061 45.49227315 12.88114061
v -15.36086146 44.87020939 10.26379949
v -15.14661898 44.24814563 10.12064724
v -14.62939187 43.99047839 9.77504713
v -14.11216476 44.24814563 9.42944703
v -13.89792228 44.87020939 9.28629478
v -14.11216476 45.49227315 9.42944703
v -14.62939187 45.74994039 9.77504713
v -15.14661898 45.49227315 10.12064724
v -17.06807477 44.87020939 7.06982805
v -16.83002127 44.24814563 6.97122307
v -16.25530930 43.99047839 6.73316957
v -15.68059733 44.24814563 6.49511608
v -15.44254384 44.87020939 6.39651109
v -15.68059733 45.49227315 6.49511608
v -16.25530930 45.74994039 6.73316957
v -16.83002127 45.49227315 6.97122307
v -18.11937153 44.87020939 3.60416709
v -17.86665529 44.24814563 3.55389870
v -17.25654431 43.99047839 3.43254008
v -16.64643334 44.24814563 3.31118146
v -16.39371709 44.87020939 3.26091308
v -16.64643334 45.49227315 3.31118146
v -17.25654431 45.74994039 3.43254008
v -17.86665529 45.49227315 3.55389870
v -18.47435100 44.87020939 2.8882342e-15
v -18.21668376 44.24814563 2.8566791e-15
v -17.59462000 43.99047839 2.7804982e-15
v -16.97255624 44.24814563 2.7043174e-15
v -16.71488900 44.87020939 2.6727623e-15
v -16.97255624 45.49227315 2.7043174e-15
v -17.59462000 45.74994039 2.7804982e-15
v -18.21668376 45.49227315 2.8566791e-15
v -18.11937153 44.87020939 -3.60416709
v -17.86665529 44.24814563 -3.55389870
v -17.25654431 43.99047839 -3.43254008
v -16.64643334 44.24814563 -3.31118146
v -16.39371709 44.87020939 -3.26091308
v -16.64643334 45.49227315 -3.31118146
v -17.25654431 45.74994039 -3.43254008
v -17.86665529 45.49227315 -3.55389870
v -17.06807477 44.87020939 -7.06982805
v -16.83002127 44.24814563 -6.97122307
v -16.25530930 43.99047839 -6.73316957
v -15.68059733 44.24814563 -6.49511608
v -15.44254384 44.87020939 -6.39651109
v -15.68059733 45.49227315 -6.49511608
v -16.25530930 45.74994039 -6.73316957
v -16.83002127 45.49227315 -6.97122307
v -15.36086146 44.87020939 -10.26379949
v -15.14661898 44.24814563 -10.12064724
v -14.62939187 43.99047839 -9.77504713
v -14.11216476 44.24814563 -9.42944703
v -13.89792228 44.87020939 -9.28629478
v -14.11216476 45.49227315 -9.42944703
v -14.62939187 45.74994039 -9.77504713
v -15.14661898 45.49227315 -10.12064724
v -13.06333887 44.87020939 -13.06333887
v -12.88114061 44.24814563 -12.88114061
v -12.44127511 43.99047839 -12.44127511
v -12.00140961 44.24814563 -12.00140961
v -11.81921136 44.87020939 -11.81921136
v -12.00140961 45.49227315 -12.00140961
v -12.44127511 45.74994039 -12.44127511
v -12.88114061 45.49227315 -12.88114061
v -10.26379949 44.87020939 -15.36086146
v -10.12064724 44.24814563 -15.14661898
v -9.77504713 43.99047839 -14.62939187
v -9.42944703 44.24814563 -14.11216476
v -9.28629478 44.87020939 -13.89792228
v -9.42944703 45.49227315 -14.11216476
v -9.77504713 45.74994039 -14.62939187
v -10.12064724 45.49227315 -15.14661898
v -7.06982805 44.87020939 -17.06807477
v -6.97122307 44.24814563 -16.83002127
v -6.73316957 43.99047839 -16.25530930
v -6.49511608 44.24814563 -15.68059733
v -6.39651109 44.87020939 -15.44254384
v -6.49511608 45.49227315 -15.68059733
v -6.73316957 45.74994039 -16.25530930
v -6.97122307 45.49227315 -16.83002127
v -3.60416709 44.87020939 -18.11937153
v -3.55389870 44.24814563 -17.86665529
v -3.43254008 43.99047839 -17.25654431
v -3.31118146 44.24814563 -16.64643334
v -3.26091308 44.87020939 -16.39371709
v -3.31118146 45.49227315 -16.64643334
v -3.43254008 45.74994039 -17.25654431
v -3.55389870 45.49227315 -17.86665529
v -2.9510684e-15 44.87020939 -18.47435100
v -2.9037357e-15 44.24814563 -18.21668376
v -2.7894644e-15 43.99047839 -17.59462000
v -2.6751932e-15 44.24814563 -16.97255624
v -2.6278604e-15 44.87020939 -16.71488900
v -2.6751932e-15 45.49227315 -16.97255624
v -2.7894644e-15 45.74994039 -17.59462000
v -2.9037357e-15 45.49227315 -18.21668376
v 3.60416709 44.87020939 -18.11937153
v 3.55389870 44.24814563 -17.86665529
v 3.43254008 43.99047839 -17.25654431
v 3.31118146 44.24814563 -16.64643334
v 3.26091308 44.87020939 -16.39371709
v 3.31118146 45.49227315 -16.64643334
v 3.43254008 45.74994039 -17.25654431
v 3.55389870 45.49227315 -17.86665529
v 7.06982805 44.87020939 -17.06807477
v 6.97122307 44.24814563 -16.83002127
v 6.73316957 43.99047839 -16.25530930
v 6.49511608 44.24814563 -15.68059733
v 6.39651109 44.87020939 -15.44254384
v 6.49511608 45.49227315 -15.68059733
v 6.73316957 45.74994039 -16.25530930
v 6.97122307 45.49227315 -16.83002127
v 10.26379949 44.87020939 -15.36086146
v 10.12064724 44.24814563 -15.14661898
v 9.77504713 43.99047839 -14.62939187
v 9.42944703 44.24814563 -14.11216476
v 9.28629478 44.87020939 -13.89792228
v 9.42944703 45.49227315 -14.11216476
v 9.77504713 45.74994039 -14.62939187
v 10.12064724 45.49227315 -15.14661898
v 13.06333887 44.87020939 -13.06333887
v 12.88114061 44.24814563 -12.88114061
v 12.44127511 43.99047839 -12.44127511
v 12.00140961 44.24814563 -12.00140961
v 11.81921136 44.87020939 -11.81921136
v 12.00140961 45.49227315 -12.00140961
v 12.44127511 45.74994039 -12.44127511
v 12.88114061 45.49227315 -12.88114061
v 15.36086146 44.87020939 -10.26379949
v 15.14661898 44.24814563 -10.12064724
v 14.62939187 43.99047839 -9.77504713
v 14.11216476 44.24814563 -9.42944703
v 13.89792228 44.87020939 -9.28629478
v 14.11216476 45.49227315 -9.42944703
v 14.62939187 45.74994039 -9.77504713
v 15.14661898 45.49227315 -10.12064724
v 17.06807477 44.87020939 -7.06982805
v 16.83002127 44.24814563 -6.97122307
v 16.25530930 43.99047839 -6.73316957
v 15.68059733 44.24814563 -6.49511608
v 15.44254384 44.87020939 -6.39651109
v 15.68059733 45.49227315 -6.49511608
v 16.25530930 45.74994039 -6.73316957
v 16.83002127 45.49227315 -6.97122307
v 18.11937153 44.87020939 -3.60416709
v 17.86665529 44.24814563 -3.55389870
v 17.25654431 43.99047839 -3.43254008
v 16.64643334 44.24814563 -3.31118146
v 16.39371709 44.87020939 -3.26091308
v 16.64643334 45.49227315 -3.31118146
v 17.25654431 45.74994039 -3.43254008
v 17.86665529 45.49227315 -3.55389870
vn 1.00000000 0.0000000e+0 -1.8099922e-16
vn 0.70660676 -0.70760644 -9.2227336e-17
vn 2.2547813e-16 -1.00000000 8.4554298e-17
vn -0.70660676 -0.70760644 2.8985734e-16
vn -1.00000000 0.0000000e+0 4.0724825e-16
vn -0.70660676 0.70760644 2.8985734e-16
vn 2.2547813e-16 1.00000000 8.4554298e-17
vn 0.70660676 0.70760644 -9.0345145e-17
vn 0.98078528 0.0000000e+0 0.19509032
vn 0.69302951 -0.70760644 0.13785214
vn 5.1108376e-16 -1.00000000 1.6159266e-16
vn -0.69302951 -0.70760644 -0.13785214
vn -0.98078528 0.0000000e+0 -0.19509032
vn -0.69302951 0.70760644 -0.13785214
vn 5.1108376e-16 1.00000000 1.6159266e-16
vn 0.69302951 0.70760644 0.13785214
vn 0.92387953 0.0000000e+0 0.38268343
vn 0.65281953 -0.70760644 0.27040670
vn 5.7121126e-16 -1.00000000 3.0063750e-16
vn -0.65281953 -0.70760644 -0.27040670
vn -0.92387953 0.0000000e+0 -0.38268343
vn -0.65281953 0.70760644 -0.27040670
vn 5.7121126e-16 1.00000000 3.0063750e-16
vn 0.65281953 0.70760644 0.27040670
vn 0.83146961 0.0000000e+0 0.55557023
vn 0.58752205 -0.70760644 0.39256968
vn 4.8102001e-16 -1.00000000 2.4802594e-16
vn -0.58752205 -0.70760644 -0.39256968
vn -0.83146961 0.0000000e+0 -0.55557023
vn -0.58752205 0.70760644 -0.39256968
vn 4.8102001e-16 1.00000000 2.4802594e-16
vn 0.58752205 0.70760644 0.39256968
vn 0.70710678 0.0000000e+0 0.70710678
vn 0.49964644 -0.70760644 0.49964644
vn 2.1796219e-16 -1.00000000 1.8038250e-16
vn -0.49964644 -0.70760644 -0.49964644
vn -0.70710678 0.0000000e+0 -0.70710678
vn -0.49964644 0.70760644 -0.49964644
vn 2.1796219e-16 1.00000000 1.8038250e-16
vn 0.49964644 0.70760644 0.49964644
vn 0.55557023 0.0000000e+0 0.83146961
vn 0.39256968 -0.70760644 0.58752205
vn 3.0063750e-17 -1.00000000 9.0191251e-17
vn -0.39256968 -0.70760644 -0.58752205
vn -0.55557023 0.0000000e+0 -0.83146961
vn -0.39256968 0.70760644 -0.58752205
vn 3.0063750e-17 1.00000000 9.0191251e-17
vn 0.39256968 0.70760644 0.58752205
vn 0.38268343 0.0000000e+0 0.92387953
vn 0.27040670 -0.70760644 0.65281953
vn 1.2025500e-16 -1.00000000 3.6076500e-16
vn -0.27040670 -0.70760644 -0.65281953
vn -0.38268343 0.0000000e+0 -0.92387953
vn -0.27040670 0.70760644 -0.65281953
vn 1.2025500e-16 1.00000000 3.6076500e-16
vn 0.27040670 0.70760644 0.65281953
vn 0.19509032 0.0000000e+0 0.98078528
vn 0.13785214 -0.70760644 0.69302951
vn 2.2172016e-16 -1.00000000 1.1273906e-15
vn -0.13785214 -0.70760644 -0.69302951
vn -0.19509032 0.0000000e+0 -0.98078528
vn -0.13785214 0.70760644 -0.69302951
vn 2.2172016e-16 1.00000000 1.1273906e-15
vn 0.13785214 0.70760644 0.69302951
vn -1.5083268e-17 0.0000000e+0 1.00000000
vn -9.4109526e-18 -0.70760644 0.70660676
vn 0.0000000e+0 -1.00000000 1.5482831e-15
vn 7.5287621e-18 -0.70760644 -0.70660676
vn 1.5083268e-17 0.0000000e+0 -1.00000000
vn 5.6465716e-18 0.70760644 -0.70660676
vn 0.0000000e+0 1.00000000 1.5482831e-15
vn -7.5287621e-18 0.70760644 0.70660676
vn -0.19509032 0.0000000e+0 0.98078528
vn -0.13785214 -0.70760644 0.69302951
vn -2.2172016e-16 -1.00000000 1.1273906e-15
vn 0.13785214 -0.70760644 -0.69302951
vn 0.19509032 0.0000000e+0 -0.98078528
vn 0.13785214 0.70760644 -0.69302951
vn -2.2172016e-16 1.00000000 1.1273906e-15
vn -0.13785214 0.70760644 0.69302951
vn -0.38268343 0.0000000e+0 0.92387953
vn -0.27040670 -0.70760644 0.65281953
vn -9.7707189e-17 -1.00000000 3.4573313e-16
vn 0.27040670 -0.70760644 -0.65281953
vn 0.38268343 0.0000000e+0 -0.92387953
vn 0.27040670 0.70760644 -0.65281953
vn -9.7707189e-17 1.00000000 3.4573313e-16
vn -0.27040670 0.70760644 0.65281953
vn -0.55557023 0.0000000e+0 0.83146961
vn -0.39256968 -0.70760644 0.58752205
vn -9.7707189e-17 -1.00000000 1.3528688e-16
vn 0.39256968 -0.70760644 -0.58752205
vn 0.55557023 0.0000000e+0 -0.83146961
vn 0.39256968 0.70760644 -0.58752205
vn -9.7707189e-17 1.00000000 1.3528688e-16
vn -0.39256968 0.70760644 0.58752205
vn -0.70710678 0.0000000e+0 0.70710678
vn -0.49964644 -0.70760644 0.49964644
vn -1.9541438e-16 -1.00000000 1.8038250e-16
vn 0.49964644 -0.70760644 -0.49964644
vn 0.70710678 0.0000000e+0 -0.70710678
vn 0.49964644 0.70760644 -0.49964644
vn -1.9541438e-16 1.00000000 1.8038250e-16
vn -0.49964644 0.70760644 0.49964644
vn -0.83146961 0.0000000e+0 0.55557023
vn -0.58752205 -0.70760644 0.39256968
vn -3.3070125e-16 -1.00000000 1.5031875e-16
vn 0.58752205 -0.70760644 -0.39256968
vn 0.83146961 0.0000000e+0 -0.55557023
vn 0.58752205 0.70760644 -0.39256968
vn -3.3070125e-16 1.00000000 1.5031875e-16
vn -0.58752205 0.70760644 0.39256968
vn -0.92387953 0.0000000e+0 0.38268343
vn -0.65281953 -0.70760644 0.27040670
vn -5.4114751e-16 -1.00000000 2.4802594e-16
vn 0.65281953 -0.70760644 -0.27040670
vn 0.92387953 0.0000000e+0 -0.38268343
vn 0.65281953 0.70760644 -0.27040670
vn -5.4114751e-16 1.00000000 2.4802594e-16
vn -0.65281953 0.70760644 0.27040670
vn -0.98078528 0.0000000e+0 0.19509032
vn -0.69302951 -0.70760644 0.13785214
vn -5.1108376e-16 -1.00000000 1.6910860e-16
vn 0.69302951 -0.70760644 -0.13785214
vn 0.98078528 0.0000000e+0 -0.19509032
vn 0.69302951 0.70760644 -0.13785214
vn -5.1108376e-16 1.00000000 1.6910860e-16
vn -0.69302951 0.70760644 0.13785214
vn -1.00000000 0.0000000e+0 0.0000000e+0
vn -0.70660676 -0.70760644 0.0000000e+0
vn -4.9605188e-16 -1.00000000 -3.7579688e-18
vn 0.70660676 -0.70760644 -7.5287621e-18
vn 1.00000000 0.0000000e+0 -1.5083268e-17
vn 0.70660676 0.70760644 -7.5287621e-18
vn -4.9605188e-16 1.00000000 -3.7579688e-18
vn -0.70660676 0.70760644 0.0000000e+0
vn -0.98078528 0.0000000e+0 -0.19509032
vn -0.69302951 -0.70760644 -0.13785214
vn -1.8038250e-16 -1.00000000 -3.0063750e-17
vn 0.69302951 -0.70760644 0.13785214
vn 0.98078528 0.0000000e+0 0.19509032
vn 0.69302951 0.70760644 0.13785214
vn -1.8038250e-16 1.00000000 -3.0063750e-17
vn -0.69302951 0.70760644 -0.13785214
vn -0.92387953 0.0000000e+0 -0.38268343
vn -0.65281953 -0.70760644 -0.27040670
vn -2.1044625e-16 -1.00000000 -1.1273906e-16
vn 0.65281953 -0.70760644 0.27040670
vn 0.92387953 0.0000000e+0 0.38268343
vn 0.65281953 0.70760644 0.27040670
vn -2.1044625e-16 1.00000000 -1.1273906e-16
vn -0.65281953 0.70760644 -0.27040670
vn -0.83146961 0.0000000e+0 -0.55557023
vn -0.58752205 -0.70760644 -0.39256968
vn -6.9146626e-16 -1.00000000 -4.7350407e-16
vn 0.58752205 -0.70760644 0.39256968
vn 0.83146961 0.0000000e+0 0.55557023
vn 0.58752205 0.70760644 0.39256968
vn -6.9146626e-16 1.00000000 -4.7350407e-16
vn -0.58752205 0.70760644 -0.39256968
vn -0.70710678 0.0000000e+0 -0.70710678
vn -0.49964644 -0.70760644 -0.49964644
vn -6.5388657e-16 -1.00000000 -6.4637063e-16
vn 0.49964644 -0.70760644 0.49964644
vn 0.70710678 0.0000000e+0 0.70710678
vn 0.49964644 0.70760644 0.49964644
vn -6.5388657e-16 1.00000000 -6.4637063e-16
vn -0.49964644 0.70760644 -0.49964644
vn -0.55557023 0.0000000e+0 -0.83146961
vn -0.39256968 -0.70760644 -0.58752205
vn -2.4051000e-16 -1.00000000 -3.6076500e-16
vn 0.39256968 -0.70760644 0.58752205
vn 0.55557023 0.0000000e+0 0.83146961
vn 0.39256968 0.70760644 0.58752205
vn -2.4051000e-16 1.00000000 -3.6076500e-16
vn -0.39256968 0.70760644 -0.58752205
vn -0.38268343 0.0000000e+0 -0.92387953
vn -0.27040670 -0.70760644 -0.65281953
vn -8.6433282e-17 -1.00000000 6.0127501e-17
vn 0.27040670 -0.70760644 0.65281953
vn 0.38268343 0.0000000e+0 0.92387953
vn 0.27040670 0.70760644 0.65281953
vn -8.6433282e-17 1.00000000 6.0127501e-17
vn -0.27040670 0.70760644 -0.65281953
vn -0.19509032 0.0000000e+0 -0.98078528
vn -0.13785214 -0.70760644 -0.69302951
vn -4.5095625e-17 -1.00000000 1.3528688e-16
vn 0.13785214 -0.70760644 0.69302951
vn 0.19509032 0.0000000e+0 0.98078528
vn 0.13785214 0.70760644 0.69302951
vn -4.5095625e-17 1.00000000 1.3528688e-16
vn -0.13785214 0.70760644 -0.69302951
vn -3.1674864e-16 0.0000000e+0 -1.00000000
vn -1.5622181e-16 -0.70760644 -0.70660676
vn 2.8184766e-17 -1.00000000 2.4051000e-16
vn 2.8985734e-16 -0.70760644 0.70660676
vn 5.2791440e-16 0.0000000e+0 1.00000000
vn 2.8985734e-16 0.70760644 0.70660676
vn 2.8184766e-17 1.00000000 2.4051000e-16
vn -1.5433962e-16 0.70760644 -0.70660676
vn 0.19509032 0.0000000e+0 -0.98078528
vn 0.13785214 -0.70760644 -0.69302951
vn -4.5095625e-17 -1.00000000 4.2089250e-16
vn -0.13785214 -0.70760644 0.69302951
vn -0.19509032 0.0000000e+0 0.98078528
vn -0.13785214 0.70760644 0.69302951
vn -4.5095625e-17 1.00000000 4.2089250e-16
vn 0.13785214 0.70760644 -0.69302951
vn 0.38268343 0.0000000e+0 -0.92387953
vn 0.27040670 -0.70760644 -0.65281953
vn 1.5031875e-17 -1.00000000 1.6535063e-16
vn -0.27040670 -0.70760644 0.65281953
vn -0.38268343 0.0000000e+0 0.92387953
vn -0.27040670 0.70760644 0.65281953
vn 1.5031875e-17 1.00000000 1.6535063e-16
vn 0.27040670 0.70760644 -0.65281953
vn 0.55557023 0.0000000e+0 -0.83146961
vn 0.39256968 -0.70760644 -0.58752205
vn 1.9541438e-16 -1.00000000 -2.1044625e-16
vn -0.39256968 -0.70760644 0.58752205
vn -0.55557023 0.0000000e+0 0.83146961
vn -0.39256968 0.70760644 0.58752205
vn 1.9541438e-16 1.00000000 -2.1044625e-16
vn 0.39256968 0.70760644 -0.58752205
vn 0.70710678 0.0000000e+0 -0.70710678
vn 0.49964644 -0.70760644 -0.49964644
vn 4.3592438e-16 -1.00000000 -4.0586063e-16
vn -0.49964644 -0.70760644 0.49964644
vn -0.70710678 0.0000000e+0 0.70710678
vn -0.49964644 0.70760644 0.49964644
vn 4.5095625e-16 1.00000000 -4.0586063e-16
vn 0.49964644 0.70760644 -0.49964644
vn 0.83146961 0.0000000e+0 -0.55557023
vn 0.58752205 -0.70760644 -0.39256968
vn 4.3592438e-16 -1.00000000 -3.6076500e-16
vn -0.58752205 -0.70760644 0.39256968
vn -0.83146961 0.0000000e+0 0.55557023
vn -0.58752205 0.70760644 0.39256968
vn 4.3592438e-16 1.00000000 -3.6076500e-16
vn 0.58752205 0.70760644 -0.39256968
vn 0.92387953 0.0000000e+0 -0.38268343
vn 0.65281953 -0.70760644 -0.27040670
vn 4.5095625e-17 -1.00000000 -1.3904485e-16
vn -0.65281953 -0.70760644 0.27040670
vn -0.92387953 0.0000000e+0 0.38268343
vn -0.65281953 0.70760644 0.27040670
vn 4.5095625e-17 1.00000000 -1.3904485e-16
vn 0.65281953 0.70760644 -0.27040670
vn 0.98078528 0.0000000e+0 -0.19509032
vn 0.69302951 -0.70760644 -0.13785214
vn -1.3528688e-16 -1.00000000 6.5764454e-17
vn -0.69302951 -0.70760644 0.13785214
vn -0.98078528 0.0000000e+0 0.19509032
vn -0.69302951 0.70760644 0.13785214
vn -1.3528688e-16 1.00000000 6.5764454e-17
vn 0.69302951 0.70760644 -0.13785214
g Torus4_default
usemtl default
s 1
f 257//257 265//265 266//266 258//258
f 257//257 505//505 512//512 264//264
f 258//258 266//266 267//267 259//259
f 258//258 506//506 505//505 257//257
f 259//259 267//267 268//268 260//260
f 259//259 507//507 506//506 258//258
f 260//260 268//268 269//269 261//261
f 260//260 508//508 507//507 259//259
f 261//261 269//269 270//270 262//262
f 261//261 509//509 508//508 260//260
f 262//262 270//270 271//271 263//263
f 262//262 510//510 509//509 261//261
f 263//263 271//271 272//272 264//264
f 263//263 511//511 510//510 262//262
f 264//264 272//272 265//265 257//257
f 264//264 512//512 511//511 263//263
f 265//265 273//273 274//274 266//266
f 266//266 274//274 275//275 267//267
f 267//267 275//275 276//276 268//268
f 268//268 276//276 277//277 269//269
f 269//269 277//277 278//278 270//270
f 270//270 278//278 279//279 271//271
f 271//271 279//279 280//280 272//272
f 272//272 280//280 273//273 265//265
f 273//273 281//281 282//282 274//274
f 274//274 282//282 283//283 275//275
f 275//275 283//283 284//284 276//276
f 276//276 284//284 285//285 277//277
f 277//277 285//285 286//286 278//278
f 278//278 286//286 287//287 279//279
f 279//279 287//287 288//288 280//280
f 280//280 288//288 281//281 273//273
f 281//281 289//289 290//290 282//282
f 282//282 290//290 291//291 283//283
f 283//283 291//291 292//292 284//284
f 284//284 292//292 293//293 285//285
f 285//285 293//293 294//294 286//286
f 286//286 294//294 295//295 287//287
f 287//287 295//295 296//296 288//288
f 288//288 296//296 289//289 281//281
f 289//289 297//297 298//298 290//290
f 290//290 298//298 299//299 291//291
f 291//291 299//299 300//300 292//292
f 292//292 300//300 301//301 293//293
f 293//293 301//301 302//302 294//294
f 294//294 302//302 303//303 295//295
f 295//295 303//303 304//304 296//296
f 296//296 304//304 297//297 289//289
f 297//297 305//305 306//306 298//298
f 298//298 306//306 307//307 299//299
f 299//299 307//307 308//308 300//300
f 300//300 308//308 309//309 301//301
f 301//301 309//309 310//310 302//302
f 302//302 310//310 311//311 303//303
f 303//303 311//311 312//312 304//304
f 304//304 312//312 305//305 297//297
f 305//305 313//313 314//314 306//306
f 306//306 314//314 315//315 307//307
f 307//307 315//315 316//316 308//308
f 308//308 316//316 317//317 309//309
f 309//309 317//317 318//318 310//310
f 310//310 318//318 319//319 311//311
f 311//311 319//319 320//320 312//312
f 312//312 320//320 313//313 305//305
f 313//313 321//321 322//322 314//314
f 314//314 322//322 323//323 315//315
f 315//315 323//323 324//324 316//316
f 316//316 324//324 325//325 317//317
f 317//317 325//325 326//326 318//318
f 318//318 326//326 327//327 319//319
f 319//319 327//327 328//328 320//320
f 320//320 328//328 321//321 313//313
f 321//321 329//329 330//330 322//322
f 322//322 330//330 331//331 323//323
f 323//323 331//331 332//332 324//324
f 324//324 332//332 333//333 325//325
f 325//325 333//333 334//334 326//326
f 326//326 334//334 335//335 327//327
f 327//327 335//335 336//336 328//328
f 328//328 336//336 329//329 321//321
f 329//329 337//337 338//338 330//330
f 330//330 338//338 339//339 331//331
f 331//331 339//339 340//340 332//332
f 332//332 340//340 341//341 333//333
f 333//333 341//341 342//342 334//334
f 334//334 342//342 343//343 335//335
f 335//335 343//343 344//344 336//336
f 336//336 344//344 337//337 329//329
f 337//337 345//345 346//346 338//338
f 338//338 346//346 347//347 339//339
f 339//339 347//347 348//348 340//340
f 340//340 348//348 349//349 341//341
f 341//341 349//349 350//350 342//342
f 342//342 350//350 351//351 343//343
f 343//343 351//351 352//352 344//344
f 344//344 352//352 345//345 337//337
f 345//345 353//353 354//354 346//346
f 346//346 354//354 355//355 347//347
f 347//347 355//355 356//356 348//348
f 348//348 356//356 357//357 349//349
f 349//349 357//357 358//358 350//350
f 350//350 358//358 359//359 351//351
f 351//351 359//359 360//360 352//352
f 352//352 360//360 353//353 345//345
f 353//353 361//361 362//362 354//354
f 354//354 362//362 363//363 355//355
f 355//355 363//363 364//364 356//356
f 356//356 364//364 365//365 357//357
f 357//357 365//365 366//366 358//358
f 358//358 366//366 367//367 359//359
f 359//359 367//367 368//368 360//360
f 360//360 368//368 361//361 353//353
f 361//361 369//369 370//370 362//362
f 362//362 370//370 371//371 363//363
f 363//363 371//371 372//372 364//364
f 364//364 372//372 373//373 365//365
f 365//365 373//373 374//374 366//366
f 366//366 374//374 375//375 367//367
f 367//367 375//375 376//376 368//368
f 368//368 376//376 369//369 361//361
f 369//369 377//377 378//378 370//370
f 370//370 378//378 379//379 371//371
f 371//371 379//379 380//380 372//372
f 372//372 380//380 381//381 373//373
f 373//373 381//381 382//382 374//374
f 374//374 382//382 383//383 375//375
f 375//375 383//383 384//384 376//376
f 376//376 384//384 377//377 369//369
f 377//377 385//385 386//386 378//378
f 378//378 386//386 387//387 379//379
f 379//379 387//387 388//388 380//380
f 380//380 388//388 389//389 381//381
f 381//381 389//389 390//390 382//382
f 382//382 390//390 391//391 383//383
f 383//383 391//391 392//392 384//384
f 384//384 392//392 385//385 377//377
f 385//385 393//393 394//394 386//386
f 386//386 394//394 395//395 387//387
f 387//387 395//395 396//396 388//388
f 388//388 396//396 397//397 389//389
f 389//389 397//397 398//398 390//390
f 390//390 398//398 399//399 391//391
f 391//391 399//399 400//400 392//392
f 392//392 400//400 393//393 385//385
f 393//393 401//401 402//402 394//394
f 394//394 402//402 403//403 395//395
f 395//395 403//403 404//404 396//396
f 396//396 404//404 405//405 397//397
f 397//397 405//405 406//406 398//398
f 398//398 406//406 407//407 399//399
f 399//399 407//407 408//408 400//400
f 400//400 408//408 401//401 393//393
f 401//401 409//409 410//410 402//402
f 402//402 410//410 411//411 403//403
f 403//403 411//411 412//412 404//404
f 404//404 412//412 413//413 405//405
f 405//405 413//413 414//414 406//406
f 406//406 414//414 415//415 407//407
f 407//407 415//415 416//416 408//408
f 408//408 416//416 409//409 401//401
f 409//409 417//417 418//418 410//410
f 410//410 418//418 419//419 411//411
f 411//411 419//419 420//420 412//412
f 412//412 420//420 421//421 413//413
f 413//413 421//421 422//422 414//414
f 414//414 422//422 423//423 415//415
f 415//415 423//423 424//424 416//416
f 416//416 424//424 417//417 409//409
f 417//417 425//425 426//426 418//418
f 418//418 426//426 427//427 419//419
f 419//419 427//427 428//428 420//420
f 420//420 428//428 429//429 421//421
f 421//421 429//429 430//430 422//422
f 422//422 430//430 431//431 423//423
f 423//423 431//431 432//432 424//424
f 424//424 432//432 425//425 417//417
f 425//425 433//433 434//434 426//426
f 426//426 434//434 435//435 427//427
f 427//427 435//435 436//436 428//428
f 428//428 436//436 437//437 429//429
f 429//429 437//437 438//438 430//430
f 430//430 438//438 439//439 431//431
f 431//431 439//439 440//440 432//432
f 432//432 440//440 433//433 425//425
f 433//433 441//441 442//442 434//434
f 434//434 442//442 443//443 435//435
f 435//435 443//443 444//444 436//436
f 436//436 444//444 445//445 437//437
f 437//437 445//445 446//446 438//438
f 438//438 446//446 447//447 439//439
f 439//439 447//447 448//448 440//440
f 440//440 448//448 441//441 433//433
f 441//441 449//449 450//450 442//442
f 442//442 450//450 451//451 443//443
f 443//443 451//451 452//452 444//444
f 444//444 452//452 453//453 445//445
f 445//445 453//453 454//454 446//446
f 446//446 454//454 455//455 447//447
f 447//447 455//455 456//456 448//448
f 448//448 456//456 449//449 441//441
f 449//449 457//457 458//458 450//450
f 450//450 458//458 459//459 451//451
f 451//451 459//459 460//460 452//452
f 452//452 460//460 461//461 453//453
f 453//453 461//461 462//462 454//454
f 454//454 462//462 463//463 455//455
f 455//455 463//463 464//464 456//456
f 456//456 464//464 457//457 449//449
f 457//457 465//465 466//466 458//458
f 458//458 466//466 467//467 459//459
f 459//459 467//467 468//468 460//460
f 460//460 468//468 469//469 461//461
f 461//461 469//469 470//470 462//462
f 462//462 470//470 471//471 463//463
f 463//463 471//471 472//472 464//464
f 464//464 472//472 465//465 457//457
f 465//465 473//473 474//474 466//466
f 466//466 474//474 475//475 467//467
f 467//467 475//475 476//476 468//468
f 468//468 476//476 477//477 469//469
f 469//469 477//477 478//478 470//470
f 470//470 478//478 479//479 471//471
f 471//471 479//479 480//480 472//472
f 472//472 480//480 473//473 465//465
f 473//473 481//481 482//482 474//474
f 474//474 482//482 483//483 475//475
f 475//475 483//483 484//484 476//476
f 476//476 484//484 485//485 477//477
f 477//477 485//485 486//486 478//478
f 478//478 486//486 487//487 479//479
f 479//479 487//487 488//488 480//480
f 480//480 488//488 481//481 473//473
f 481//481 489//489 490//490 482//482
f 482//482 490//490 491//491 483//483
f 483//483 491//491 492//492 484//484
f 484//484 492//492 493//493 485//485
f 485//485 493//493 494//494 486//486
f 486//486 494//494 495//495 487//487
f 487//487 495//495 496//496 488//488
f 488//488 496//496 489//489 481//481
f 489//489 497//497 498//498 490//490
f 490//490 498//498 499//499 491//491
f 491//491 499//499 500//500 492//492
f 492//492 500//500 501//501 493//493
f 493//493 501//501 502//502 494//494
f 494//494 502//502 503//503 495//495
f 495//495 503//503 504//504 496//496
f 496//496 504//504 497//497 489//489
f 497//497 505//505 506//506 498//498
f 498//498 506//506 507//507 499//499
f 499//499 507//507 508//508 500//500
f 500//500 508//508 509//509 501//501
f 501//501 509//509 510//510 502//502
f 502//502 510//510 511//511 503//503
f 503//503 511//511 512//512 504//504
f 504//504 512//512 505//505 497//497
o sphere3
#114 vertices, 128 faces
v 0.38268343 58.14078188 0.0000000e+0
v 0.35355339 58.14078188 0.14644661
v 0.27059805 58.14078188 0.27059805
v 0.14644661 58.14078188 0.35355339
v 2.3432602e-17 58.14078188 0.38268343
v -0.14644661 58.14078188 0.35355339
v -0.27059805 58.14078188 0.27059805
v -0.35355339 58.14078188 0.14644661
v -0.38268343 58.14078188 4.6865204e-17
v -0.35355339 58.14078188 -0.14644661
v -0.27059805 58.14078188 -0.27059805
v -0.14644661 58.14078188 -0.35355339
v -7.0297806e-17 58.14078188 -0.38268343
v 0.14644661 58.14078188 -0.35355339
v 0.27059805 58.14078188 -0.27059805
v 0.35355339 58.14078188 -0.14644661
v 0.70710678 57.92400913 0.0000000e+0
v 0.65328148 57.92400913 0.27059805
v 0.50000000 57.92400913 0.50000000
v 0.27059805 57.92400913 0.65328148
v 4.3297803e-17 57.92400913 0.70710678
v -0.27059805 57.92400913 0.65328148
v -0.50000000 57.92400913 0.50000000
v -0.65328148 57.92400913 0.27059805
v -0.70710678 57.92400913 8.6595606e-17
v -0.65328148 57.92400913 -0.27059805
v -0.50000000 57.92400913 -0.50000000
v -0.27059805 57.92400913 -0.65328148
v -1.2989341e-16 57.92400913 -0.70710678
v 0.27059805 57.92400913 -0.65328148
v 0.50000000 57.92400913 -0.50000000
v 0.65328148 57.92400913 -0.27059805
v 0.92387953 57.59958578 0.0000000e+0
v 0.85355339 57.59958578 0.35355339
v 0.65328148 57.59958578 0.65328148
v 0.35355339 57.59958578 0.85355339
v 5.6571306e-17 57.59958578 0.92387953
v -0.35355339 57.59958578 0.85355339
v -0.65328148 57.59958578 0.65328148
v -0.85355339 57.59958578 0.35355339
v -0.92387953 57.59958578 1.1314261e-16
v -0.85355339 57.59958578 -0.35355339
v -0.65328148 57.59958578 -0.65328148
v -0.35355339 57.59958578 -0.85355339
v -1.6971392e-16 57.59958578 -0.92387953
v 0.35355339 57.59958578 -0.85355339
v 0.65328148 57.59958578 -0.65328148
v 0.85355339 57.59958578 -0.35355339
v 1.00000000 57.21690235 0.0000000e+0
v 0.92387953 57.21690235 0.38268343
v 0.70710678 57.21690235 0.70710678
v 0.38268343 57.21690235 0.92387953
v 6.1232340e-17 57.21690235 1.00000000
v -0.38268343 57.21690235 0.92387953
v -0.70710678 57.21690235 0.70710678
v -0.92387953 57.21690235 0.38268343
v -1.00000000 57.21690235 1.2246468e-16
v -0.92387953 57.21690235 -0.38268343
v -0.70710678 57.21690235 -0.70710678
v -0.38268343 57.21690235 -0.92387953
v -1.8369702e-16 57.21690235 -1.00000000
v 0.38268343 57.21690235 -0.92387953
v 0.70710678 57.21690235 -0.70710678
v 0.92387953 57.21690235 -0.38268343
v 0.92387953 56.83421891 0.0000000e+0
v 0.85355339 56.83421891 0.35355339
v 0.65328148 56.83421891 0.65328148
v 0.35355339 56.83421891 0.85355339
v 5.6571306e-17 56.83421891 0.92387953
v -0.35355339 56.83421891 0.85355339
v -0.65328148 56.83421891 0.65328148
v -0.85355339 56.83421891 0.35355339
v -0.92387953 56.83421891 1.1314261e-16
v -0.85355339 56.83421891 -0.35355339
v -0.65328148 56.83421891 -0.65328148
v -0.35355339 56.83421891 -0.85355339
v -1.6971392e-16 56.83421891 -0.92387953
v 0.35355339 56.83421891 -0.85355339
v 0.65328148 56.83421891 -0.65328148
v 0.85355339 56.83421891 -0.35355339
v 0.70710678 56.50979557 0.0000000e+0
v 0.65328148 56.50979557 0.27059805
v 0.50000000 56.50979557 0.50000000
v 0.27059805 56.50979557 0.65328148
v 4.3297803e-17 56.50979557 0.70710678
v -0.27059805 56.50979557 0.65328148
v -0.50000000 56.50979557 0.50000000
v -0.65328148 56.50979557 0.27059805
v -0.70710678 56.50979557 8.6595606e-17
v -0.65328148 56.50979557 -0.27059805
v -0.50000000 56.50979557 -0.50000000
v -0.27059805 56.50979557 -0.65328148
v -1.2989341e-16 56.50979557 -0.70710678
v 0.27059805 56.50979557 -0.65328148
v 0.50000000 56.50979557 -0.50000000
v 0.65328148 56.50979557 -0.27059805
v 0.38268343 56.29302281 0.0000000e+0
v 0.35355339 56.29302281 0.14644661
v 0.27059805 56.29302281 0.27059805
v 0.14644661 56.29302281 0.35355339
v 2.3432602e-17 56.29302281 0.38268343
v -0.14644661 56.29302281 0.35355339
v -0.27059805 56.29302281 0.27059805
v -0.35355339 56.29302281 0.14644661
v -0.38268343 56.29302281 4.6865204e-17
v -0.35355339 56.29302281 -0.14644661
v -0.27059805 56.29302281 -0.27059805
v -0.14644661 56.29302281 -0.35355339
v -7.0297806e-17 56.29302281 -0.38268343
v 0.14644661 56.29302281 -0.35355339
v 0.27059805 56.29302281 -0.27059805
v 0.35355339 56.29302281 -0.14644661
v 0.0000000e+0 58.21690235 0.0000000e+0
v 0.0000000e+0 56.21690235 0.0000000e+0
vn 0.38219484 0.92408176 2.5779949e-14
vn 0.35310199 0.92408176 0.14625963
vn 0.27025256 0.92408176 0.27025256
vn 0.14625963 0.92408176 0.35310199
vn -7.0989809e-18 0.92408176 0.38219484
vn -0.14625963 0.92408176 0.35310199
vn -0.27025256 0.92408176 0.27025256
vn -0.35310199 0.92408176 0.14625963
vn -0.38219484 0.92408176 4.6143376e-17
vn -0.35310199 0.92408176 -0.14625963
vn -0.27025256 0.92408176 -0.27025256
vn -0.14625963 0.92408176 -0.35310199
vn 9.2286751e-17 0.92408176 -0.38219484
vn 0.14625963 0.92408176 -0.35310199
vn 0.27025256 0.92408176 -0.27025256
vn 0.35310199 0.92408176 -0.14625963
vn 0.70658450 0.70762868 -7.1443235e-17
vn 0.65279895 0.70762868 0.27039818
vn 0.49963069 0.70762868 0.49963069
vn 0.27039818 0.70762868 0.65279895
vn 0.0000000e+0 0.70762868 0.70658450
vn -0.27039818 0.70762868 0.65279895
vn -0.49963069 0.70762868 0.49963069
vn -0.65279895 0.70762868 0.27039818
vn -0.70658450 0.70762868 1.1430918e-16
vn -0.65279895 0.70762868 -0.27039818
vn -0.49963069 0.70762868 -0.49963069
vn -0.27039818 0.70762868 -0.65279895
vn -5.0010264e-17 0.70762868 -0.70658450
vn 0.27039818 0.70762868 -0.65279895
vn 0.49963069 0.70762868 -0.49963069
vn 0.65279895 0.70762868 -0.27039818
vn 0.92368212 0.38315969 -1.1503246e-16
vn 0.85337100 0.38315969 0.35347784
vn 0.65314189 0.38315969 0.65314189
vn 0.35347784 0.38315969 0.85337100
vn 7.1895288e-18 0.38315969 0.92368212
vn -0.35347784 0.38315969 0.85337100
vn -0.65314189 0.38315969 0.65314189
vn -0.85337100 0.38315969 0.35347784
vn -0.92368212 0.38315969 1.3660105e-16
vn -0.85337100 0.38315969 -0.35347784
vn -0.65314189 0.38315969 -0.65314189
vn -0.35347784 0.38315969 -0.85337100
vn -1.0784293e-16 0.38315969 -0.92368212
vn 0.35347784 0.38315969 -0.85337100
vn 0.65314189 0.38315969 -0.65314189
vn 0.85337100 0.38315969 -0.35347784
vn 1.00000000 0.0000000e+0 -1.2974783e-16
vn 0.92387953 0.0000000e+0 0.38268343
vn 0.70710678 0.0000000e+0 0.70710678
vn 0.38268343 0.0000000e+0 0.92387953
vn 0.0000000e+0 0.0000000e+0 1.00000000
vn -0.38268343 0.0000000e+0 0.92387953
vn -0.70710678 -7.2082126e-18 0.70710678
vn -0.92387953 -7.2082126e-18 0.38268343
vn -1.00000000 0.0000000e+0 1.4416425e-16
vn -0.92387953 7.2082126e-18 -0.38268343
vn -0.70710678 -7.2082126e-18 -0.70710678
vn -0.38268343 0.0000000e+0 -0.92387953
vn -1.4416425e-16 7.2082126e-18 -1.00000000
vn 0.38268343 0.0000000e+0 -0.92387953
vn 0.70710678 0.0000000e+0 -0.70710678
vn 0.92387953 7.2082126e-18 -0.38268343
vn 0.92368212 -0.38315969 -1.0065340e-16
vn 0.85337100 -0.38315969 0.35347784
vn 0.65314189 -0.38315969 0.65314189
vn 0.35347784 -0.38315969 0.85337100
vn 0.0000000e+0 -0.38315969 0.92368212
vn -0.35347784 -0.38315969 0.85337100
vn -0.65314189 -0.38315969 0.65314189
vn -0.85337100 -0.38315969 0.35347784
vn -0.92368212 -0.38315969 1.5816963e-16
vn -0.85337100 -0.38315969 -0.35347784
vn -0.65314189 -0.38315969 -0.65314189
vn -0.35347784 -0.38315969 -0.85337100
vn -1.0784293e-16 -0.38315969 -0.92368212
vn 0.35347784 -0.38315969 -0.85337100
vn 0.65314189 -0.38315969 -0.65314189
vn 0.85337100 -0.38315969 -0.35347784
vn 0.70658450 -0.70762868 -4.6438103e-17
vn 0.65279895 -0.70762868 0.27039818
vn 0.49963069 -0.70762868 0.49963069
vn 0.27039818 -0.70762868 0.65279895
vn 0.0000000e+0 -0.70762868 0.70658450
vn -0.27039818 -0.70762868 0.65279895
vn -0.49963069 -0.70762868 0.49963069
vn -0.65279895 -0.70762868 0.27039818
vn -0.70658450 -0.70762868 1.4645863e-16
vn -0.65279895 -0.70762868 -0.27039818
vn -0.49963069 -0.70762868 -0.49963069
vn -0.27039818 -0.70762868 -0.65279895
vn -5.7154588e-17 -0.70762868 -0.70658450
vn 0.27039818 -0.70762868 -0.65279895
vn 0.49963069 -0.70762868 -0.49963069
vn 0.65279895 -0.70762868 -0.27039818
vn 0.38219484 -0.92408176 3.9718798e-15
vn 0.35310199 -0.92408176 0.14625963
vn 0.27025256 -0.92408176 0.27025256
vn 0.14625963 -0.92408176 0.35310199
vn -1.1713318e-16 -0.92408176 0.38219484
vn -0.14625963 -0.92408176 0.35310199
vn -0.27025256 -0.92408176 0.27025256
vn -0.35310199 -0.92408176 0.14625963
vn -0.38219484 -0.92408176 -3.9079890e-15
vn -0.35310199 -0.92408176 -0.14625963
vn -0.27025256 -0.92408176 -0.27025256
vn -0.14625963 -0.92408176 -0.35310199
vn -2.7686025e-16 -0.92408176 -0.38219484
vn 0.14625963 -0.92408176 -0.35310199
vn 0.27025256 -0.92408176 -0.27025256
vn 0.35310199 -0.92408176 -0.14625963
vn -8.8501998e-18 1.00000000 -5.2092276e-15
vn 3.3630759e-17 -1.00000000 1.8364165e-15
g sphere3_default
usemtl default
s 1
f 513//513 529//529 544//544 528//528
f 513//513 625//625 514//514
f 514//514 530//530 529//529 513//513
f 514//514 625//625 515//515
f 515//515 531//531 530//530 514//514
f 515//515 625//625 516//516
f 516//516 532//532 531//531 515//515
f 516//516 625//625 517//517
f 517//517 533//533 532//532 516//516
f 517//517 625//625 518//518
f 518//518 534//534 533//533 517//517
f 518//518 625//625 519//519
f 519//519 535//535 534//534 518//518
f 519//519 625//625 520//520
f 520//520 536//536 535//535 519//519
f 520//520 625//625 521//521
f 521//521 537//537 536//536 520//520
f 521//521 625//625 522//522
f 522//522 538//538 537//537 521//521
f 522//522 625//625 523//523
f 523//523 539//539 538//538 522//522
f 523//523 625//625 524//524
f 524//524 540//540 539//539 523//523
f 524//524 625//625 525//525
f 525//525 541//541 540//540 524//524
f 525//525 625//625 526//526
f 526//526 542//542 541//541 525//525
f 526//526 625//625 527//527
f 527//527 543//543 542//542 526//526
f 527//527 625//625 528//528
f 528//528 544//544 543//543 527//527
f 528//528 625//625 513//513
f 529//529 545//545 560//560 544//544
f 530//530 546//546 545//545 529//529
f 531//531 547//547 546//546 530//530
f 532//532 548//548 547//547 531//531
f 533//533 549//549 548//548 532//532
f 534//534 550//550 549//549 533//533
f 535//535 551//551 550//550 534//534
f 536//536 552//552 551//551 535//535
f 537//537 553//553 552//552 536//536
f 538//538 554//554 553//553 537//537
f 539//539 555//555 554//554 538//538
f 540//540 556//556 555//555 539//539
f 541//541 557//557 556//556 540//540
f 542//542 558//558 557//557 541//541
f 543//543 559//559 558//558 542//542
f 544//544 560//560 559//559 543//543
f 545//545 561//561 576//576 560//560
f 546//546 562//562 561//561 545//545
f 547//547 563//563 562//562 546//546
f 548//548 564//564 563//563 547//547
f 549//549 565//565 564//564 548//548
f 550//550 566//566 565//565 549//549
f 551//551 567//567 566//566 550//550
f 552//552 568//568 567//567 551//551
f 553//553 569//569 568//568 552//552
f 554//554 570//570 569//569 553//553
f 555//555 571//571 570//570 554//554
f 556//556 572//572 571//571 555//555
f 557//557 573//573 572//572 556//556
f 558//558 574//574 573//573 557//557
f 559//559 575//575 574//574 558//558
f 560//560 576//576 575//575 559//559
f 561//561 577//577 592//592 576//576
f 562//562 578//578 577//577 561//561
f 563//563 579//579 578//578 562//562
f 564//564 580//580 579//579 563//563
f 565//565 581//581 580//580 564//564
f 566//566 582//582 581//581 565//565
f 567//567 583//583 582//582 566//566
f 568//568 584//584 583//583 567//567
f 569//569 585//585 584//584 568//568
f 570//570 586//586 585//585 569//569
f 571//571 587//587 586//586 570//570
f 572//572 588//588 587//587 571//571
f 573//573 589//589 588//588 572//572
f 574//574 590//590 589//589 573//573
f 575//575 591//591 590//590 574//574
f 576//576 592//592 591//591 575//575
f 577//577 593//593 608//608 592//592
f 578//578 594//594 593//593 577//577
f 579//579 595//595 594//594 578//578
f 580//580 596//596 595//595 579//579
f 581//581 597//597 596//596 580//580
f 582//582 598//598 597//597 581//581
f 583//583 599//599 598//598 582//582
f 584//584 600//600 599//599 583//583
f 585//585 601//601 600//600 584//584
f 586//586 602//602 601//601 585//585
f 587//587 603//603 602//602 586//586
f 588//588 604//604 603//603 587//587
f 589//589 605//605 604//604 588//588
f 590//590 606//606 605//605 589//589
f 591//591 607//607 606//606 590//590
f 592//592 608//608 607//607 591//591
f 593//593 609//609 624//624 608//608
f 594//594 610//610 609//609 593//593
f 595//595 611//611 610//610 594//594
f 596//596 612//612 611//611 595//595
f 597//597 613//613 612//612 596//596
f 598//598 614//614 613//613 597//597
f 599//599 615//615 614//614 598//598
f 600//600 616//616 615//615 599//599
f 601//601 617//617 616//616 600//600
f 602//602 618//618 617//617 601//601
f 603//603 619//619 618//618 602//602
f 604//604 620//620 619//619 603//603
f 605//605 621//621 620//620 604//604
f 606//606 622//622 621//621 605//605
f 607//607 623//623 622//622 606//606
f 608//608 624//624 623//623 607//607
f 609//609 626//626 624//624
f 610//610 626//626 609//609
f 611//611 626//626 610//610
f 612//612 626//626 611//611
f 613//613 626//626 612//612
f 614//614 626//626 613//613
f 615//615 626//626 614//614
f 616//616 626//626 615//615
f 617//617 626//626 616//616
f 618//618 626//626 617//617
f 619//619 626//626 618//618
f 620//620 626//626 619//619
f 621//621 626//626 620//620
f 622//622 626//626 621//621
f 623//623 626//626 622//622
f 624//624 626//626 623//623
o Cylinder2
#176 vertices, 162 faces
v 5.72505578 38.24618605 -1.1269766e-16
v 5.28926186 38.24618605 2.19088400
v 4.04822577 38.24618605 4.04822577
v 2.19088400 38.24618605 5.28926186
v 6.8470167e-16 38.24618605 5.72505578
v -2.19088400 38.24618605 5.28926186
v -4.04822577 38.24618605 4.04822577
v -5.28926186 38.24618605 2.19088400
v -5.72505578 38.24618605 5.8841947e-16
v -5.28926186 38.24618605 -2.19088400
v -4.04822577 38.24618605 -4.04822577
v -2.19088400 38.24618605 -5.28926186
v -7.1753258e-16 38.24618605 -5.72505578
v 2.19088400 38.24618605 -5.28926186
v 4.04822577 38.24618605 -4.04822577
v 5.28926186 38.24618605 -2.19088400
v 4.08349200 53.53629971 -8.1361307e-19
v 3.77265468 53.53629971 1.56268473
v 2.88746488 53.53629971 2.88746488
v 1.56268473 53.53629971 3.77265468
v 4.5654116e-16 53.53629971 4.08349200
v -1.56268473 53.53629971 3.77265468
v -2.88746488 53.53629971 2.88746488
v -3.77265468 53.53629971 1.56268473
v -4.08349200 53.53629971 4.9926993e-16
v -3.77265468 53.53629971 -1.56268473
v -2.88746488 53.53629971 -2.88746488
v -1.56268473 53.53629971 -3.77265468
v -5.4362592e-16 53.53629971 -4.08349200
v 1.56268473 53.53629971 -3.77265468
v 2.88746488 53.53629971 -2.88746488
v 3.77265468 53.53629971 -1.56268473
v 3.45025501 53.87855738 1.42914242
v 3.73452911 53.87855738 6.8314322e-17
v 3.45025501 53.87855738 -1.42914242
v 2.64071086 53.87855738 -2.64071086
v 1.42914242 53.87855738 -3.45025501
v -4.7943570e-16 53.87855738 -3.73452911
v -1.42914242 53.87855738 -3.45025501
v -2.64071086 53.87855738 -2.64071086
v -3.45025501 53.87855738 -1.42914242
v -3.73452911 53.87855738 4.3014199e-16
v -3.45025501 53.87855738 1.42914242
v -2.64071086 53.87855738 2.64071086
v -1.42914242 53.87855738 3.45025501
v 4.5654116e-16 53.87855738 3.73452911
v 1.42914242 53.87855738 3.45025501
v 2.64071086 53.87855738 2.64071086
v 3.84628114 53.28705663 -1.32706622
v 4.06134667 53.28705663 -0.24585875
v 5.64939242 38.49542913 -0.24585875
v 5.31344410 38.49542913 -1.93478501
v 1.78135395 53.28705663 -3.65810899
v 2.69795738 53.28705663 -3.04565416
v 3.82087530 38.49542913 -4.16857208
v 2.38907275 38.49542913 -5.12527196
v -1.32706622 53.28705663 -3.84628114
v -0.24585875 53.28705663 -4.06134667
v -0.24585875 38.49542913 -5.64939242
v -1.93478501 38.49542913 -5.31344410
v -3.65810899 53.28705663 -1.78135395
v -3.04565416 53.28705663 -2.69795738
v -4.16857208 38.49542913 -3.82087530
v -5.12527196 38.49542913 -2.38907275
v -3.84628114 53.28705663 1.32706622
v -4.06134667 53.28705663 0.24585875
v -5.64939242 38.49542913 0.24585875
v -5.31344410 38.49542913 1.93478501
v -1.78135395 53.28705663 3.65810899
v -2.69795738 53.28705663 3.04565416
v -3.82087530 38.49542913 4.16857208
v -2.38907275 38.49542913 5.12527196
v 1.32706622 53.28705663 3.84628114
v 0.24585875 53.28705663 4.06134667
v 0.24585875 38.49542913 5.64939242
v 1.93478501 38.49542913 5.31344410
v 3.65810899 53.28705663 1.78135395
v 3.04565416 53.28705663 2.69795738
v 4.16857208 38.49542913 3.82087530
v 5.12527196 38.49542913 2.38907275
v 5.70429227 53.54618749 3.14856990
v 5.09183744 53.54618749 4.06517333
v 6.21475535 38.75455999 5.18809125
v 7.17145523 38.75455999 3.75628870
v 1.80716861 53.54618749 6.25991887
v 0.72596115 53.54618749 6.47498441
v 0.72596115 38.75455999 8.06303016
v 2.41488741 38.75455999 7.72708184
v -3.14856990 53.54618749 5.70429227
v -4.06517333 53.54618749 5.09183744
v -5.18809125 38.75455999 6.21475535
v -3.75628870 38.75455999 7.17145523
v -6.25991887 53.54618749 1.80716861
v -6.47498441 53.54618749 0.72596115
v -8.06303016 38.75455999 0.72596115
v -7.72708184 38.75455999 2.41488741
v -5.70429227 53.54618749 -3.14856990
v -5.09183744 53.54618749 -4.06517333
v -6.21475535 38.75455999 -5.18809125
v -7.17145523 38.75455999 -3.75628870
v -1.80716861 53.54618749 -6.25991887
v -0.72596115 53.54618749 -6.47498441
v -0.72596115 38.75455999 -8.06303016
v -2.41488741 38.75455999 -7.72708184
v 3.14856990 53.54618749 -5.70429227
v 4.06517333 53.54618749 -5.09183744
v 5.18809125 38.75455999 -6.21475535
v 3.75628870 38.75455999 -7.17145523
v 6.25991887 53.54618749 -1.80716861
v 6.47498441 53.54618749 -0.72596115
v 8.06303016 38.75455999 -0.72596115
v 7.72708184 38.75455999 -2.41488741
v 6.67185826 53.25738706 -1.56499704
v 6.76289173 53.25738706 -1.10734089
v 8.28162737 39.11133875 -1.10734089
v 8.07498704 39.11133875 -2.14619201
v 3.61109620 53.25738706 -5.82433624
v 3.99907835 53.25738706 -5.56509485
v 5.07298663 39.11133875 -6.63900313
v 4.19229117 39.11133875 -7.22746502
v -5.82433624 53.25738706 -3.61109620
v -5.56509485 53.25738706 -3.99907835
v -6.63900313 39.11133875 -5.07298663
v -7.22746502 39.11133875 -4.19229117
v 5.82433624 53.25738706 3.61109620
v 5.56509485 53.25738706 3.99907835
v 6.63900313 39.11133875 5.07298663
v 7.22746502 39.11133875 4.19229117
v -3.61109620 53.25738706 5.82433624
v -3.99907835 53.25738706 5.56509485
v -5.07298663 39.11133875 6.63900313
v -4.19229117 39.11133875 7.22746502
v 1.56499704 53.25738706 6.67185826
v 1.10734089 53.25738706 6.76289173
v 1.10734089 39.11133875 8.28162737
v 2.14619201 39.11133875 8.07498704
v -1.56499704 53.25738706 -6.67185826
v -1.10734089 53.25738706 -6.76289173
v -1.10734089 39.11133875 -8.28162737
v -2.14619201 39.11133875 -8.07498704
v -6.67185826 53.25738706 1.56499704
v -6.76289173 53.25738706 1.10734089
v -8.28162737 39.11133875 1.10734089
v -8.07498704 39.11133875 2.14619201
v 5.04949920 34.60139627 -6.4903145e-17
v 4.66512896 34.60139627 1.93235969
v 3.57053513 34.60139627 3.57053513
v 1.93235969 34.60139627 4.66512896
v 6.8470167e-16 34.60139627 5.04949920
v -1.93235969 34.60139627 4.66512896
v -3.57053513 34.60139627 3.57053513
v -4.66512896 34.60139627 1.93235969
v -5.04949920 34.60139627 3.3988800e-16
v -4.66512896 34.60139627 -1.93235969
v -3.57053513 34.60139627 -3.57053513
v -1.93235969 34.60139627 -4.66512896
v -5.6459014e-16 34.60139627 -5.04949920
v 1.93235969 34.60139627 -4.66512896
v 3.57053513 34.60139627 -3.57053513
v 4.66512896 34.60139627 -1.93235969
v 12.53285702 -0.44142530 -1.3797990e-16
v 11.57885008 -0.44142530 4.79611674
v 8.86206819 -0.44142530 8.86206819
v 4.79611674 -0.44142530 11.57885008
v 1.7816971e-15 -0.44142530 12.53285702
v -4.79611674 -0.44142530 11.57885008
v -8.86206819 -0.44142530 8.86206819
v -11.57885008 -0.44142530 4.79611674
v -12.53285702 -0.44142530 8.6671173e-16
v -11.57885008 -0.44142530 -4.79611674
v -8.86206819 -0.44142530 -8.86206819
v -4.79611674 -0.44142530 -11.57885008
v -1.3190452e-15 -0.44142530 -12.53285702
v 4.79611674 -0.44142530 -11.57885008
v 8.86206819 -0.44142530 -8.86206819
v 11.57885008 -0.44142530 -4.79611674
vn 0.99916270 -8.9613781e-3 -3.9919785e-2
vn 0.90782933 -8.9613781e-3 0.41924408
vn 0.73474227 -8.9613781e-3 0.67828717
vn 0.34548194 -8.9613781e-3 0.93838261
vn 3.9919785e-2 -8.9613781e-3 0.99916270
vn -0.41924408 -8.9613781e-3 0.90782933
vn -0.67828717 -8.9613781e-3 0.73474227
vn -0.93838261 -8.9613781e-3 0.34548194
vn -0.99916270 -8.9613781e-3 3.9919785e-2
vn -0.90782933 -8.9613781e-3 -0.41924408
vn -0.73474227 -8.9613781e-3 -0.67828717
vn -0.34548194 -8.9613781e-3 -0.93838261
vn -3.9919785e-2 -8.9613781e-3 -0.99916270
vn 0.41924408 -8.9613781e-3 -0.90782933
vn 0.67828717 -8.9613781e-3 -0.73474227
vn 0.93838261 -8.9613781e-3 -0.34548194
vn 0.92743953 0.37163896 -4.1718193e-2
vn 0.84087753 0.37163896 0.39345833
vn 0.68529799 0.37163896 0.62629956
vn 0.31637316 0.37163896 0.87280726
vn 4.1718193e-2 0.37163896 0.92743953
vn -0.39345833 0.37163896 0.84087753
vn -0.62629956 0.37163896 0.68529799
vn -0.87280726 0.37163896 0.31637316
vn -0.92743953 0.37163896 4.1718193e-2
vn -0.84087753 0.37163896 -0.39345833
vn -0.68529799 0.37163896 -0.62629956
vn -0.31637316 0.37163896 -0.87280726
vn -4.1718193e-2 0.37163896 -0.92743953
vn 0.39345833 0.37163896 -0.84087753
vn 0.62629956 0.37163896 -0.68529799
vn 0.87280726 0.37163896 -0.31637316
vn 0.46024472 0.86708209 0.19063960
vn 0.49816529 0.86708209 2.0934089e-16
vn 0.46024472 0.86708209 -0.19063960
vn 0.35225606 0.86708209 -0.35225606
vn 0.19063960 0.86708209 -0.46024472
vn -8.9717523e-17 0.86708209 -0.49816529
vn -0.19063960 0.86708209 -0.46024472
vn -0.35225606 0.86708209 -0.35225606
vn -0.46024472 0.86708209 -0.19063960
vn -0.49816529 0.86708209 4.3861900e-16
vn -0.46024472 0.86708209 0.19063960
vn -0.35225606 0.86708209 0.35225606
vn -0.19063960 0.86708209 0.46024472
vn -1.9937227e-17 0.86708209 0.49816529
vn 0.19063960 0.86708209 0.46024472
vn 0.35225606 0.86708209 0.35225606
vn 0.67164642 0.49823545 -0.54831789
vn 0.83035256 0.49823545 0.24955172
vn 0.92028946 -0.31313430 0.23455112
vn 0.76047776 -0.31313430 -0.56887651
vn 8.7206441e-2 0.49823545 -0.86264504
vn 0.76360764 0.49823545 -0.41068821
vn 0.81659560 -0.31313430 -0.48489022
vn 0.13548255 -0.31313430 -0.93999542
vn -0.54831789 0.49823545 -0.67164642
vn 0.24955172 0.49823545 -0.83035256
vn 0.23455112 -0.31313430 -0.92028946
vn -0.56887651 -0.31313430 -0.76047776
vn -0.86264504 0.49823545 -8.7206441e-2
vn -0.41068821 0.49823545 -0.76360764
vn -0.48489022 -0.31313430 -0.81659560
vn -0.93999542 -0.31313430 -0.13548255
vn -0.67164642 0.49823545 0.54831789
vn -0.83035256 0.49823545 -0.24955172
vn -0.92028946 -0.31313430 -0.23455112
vn -0.76047776 -0.31313430 0.56887651
vn -8.7206441e-2 0.49823545 0.86264504
vn -0.76360764 0.49823545 0.41068821
vn -0.81659560 -0.31313430 0.48489022
vn -0.13548255 -0.31313430 0.93999542
vn 0.54831789 0.49823545 0.67164642
vn -0.24955172 0.49823545 0.83035256
vn -0.23455112 -0.31313430 0.92028946
vn 0.56887651 -0.31313430 0.76047776
vn 0.86264504 0.49823545 8.7206441e-2
vn 0.41068821 0.49823545 0.76360764
vn 0.48489022 -0.31313430 0.81659560
vn 0.93999542 -0.31313430 0.13548255
vn 0.69723699 0.66719106 -0.26213865
vn 2.4636510e-2 0.66719106 0.74447910
vn 0.13210428 -0.54545533 0.82766354
vn 0.81521553 -0.54545533 -0.19468468
vn 0.67838102 0.66719106 0.30766098
vn -0.50900558 0.66719106 0.54384686
vn -0.49183467 -0.54545533 0.67865834
vn 0.71410729 -0.54545533 0.43878157
vn 0.26213865 0.66719106 0.69723699
vn -0.74447910 0.66719106 2.4636510e-2
vn -0.82766354 -0.54545533 0.13210428
vn 0.19468468 -0.54545533 0.81521553
vn -0.30766098 0.66719106 0.67838102
vn -0.54384686 0.66719106 -0.50900558
vn -0.67865834 -0.54545533 -0.49183467
vn -0.43878157 -0.54545533 0.71410729
vn -0.69723699 0.66719106 0.26213865
vn -2.4636510e-2 0.66719106 -0.74447910
vn -0.13210428 -0.54545533 -0.82766354
vn -0.81521553 -0.54545533 0.19468468
vn -0.67838102 0.66719106 -0.30766098
vn 0.50900558 0.66719106 -0.54384686
vn 0.49183467 -0.54545533 -0.67865834
vn -0.71410729 -0.54545533 -0.43878157
vn -0.26213865 0.66719106 -0.69723699
vn 0.74447910 0.66719106 -2.4636510e-2
vn 0.82766354 -0.54545533 -0.13210428
vn -0.19468468 -0.54545533 -0.81521553
vn 0.30766098 0.66719106 -0.67838102
vn 0.54384686 0.66719106 0.50900558
vn 0.67865834 -0.54545533 0.49183467
vn 0.43878157 -0.54545533 -0.71410729
vn 0.81874709 0.37089742 -0.43827880
vn 0.92414571 0.37089742 9.1595862e-2
vn 0.98263814 -0.16701281 8.0802259e-2
vn 0.87691758 -0.16701281 -0.45069089
vn 0.26903171 0.37089742 -0.88885153
vn 0.71823776 0.37089742 -0.58870165
vn 0.75196592 -0.16701281 -0.63769427
vn 0.30138778 -0.16701281 -0.93876095
vn -0.88885153 0.37089742 -0.26903171
vn -0.58870165 0.37089742 -0.71823776
vn -0.63769427 -0.16701281 -0.75196592
vn -0.93876095 -0.16701281 -0.30138778
vn 0.88885153 0.37089742 0.26903171
vn 0.58870165 0.37089742 0.71823776
vn 0.63769427 -0.16701281 0.75196592
vn 0.93876095 -0.16701281 0.30138778
vn -0.26903171 0.37089742 0.88885153
vn -0.71823776 0.37089742 0.58870165
vn -0.75196592 -0.16701281 0.63769427
vn -0.30138778 -0.16701281 0.93876095
vn 0.43827880 0.37089742 0.81874709
vn -9.1595862e-2 0.37089742 0.92414571
vn -8.0802259e-2 -0.16701281 0.98263814
vn 0.45069089 -0.16701281 0.87691758
vn -0.43827880 0.37089742 -0.81874709
vn 9.1595862e-2 0.37089742 -0.92414571
vn 8.0802259e-2 -0.16701281 -0.98263814
vn -0.45069089 -0.16701281 -0.87691758
vn -0.81874709 0.37089742 0.43827880
vn -0.92414571 0.37089742 -9.1595862e-2
vn -0.98263814 -0.16701281 -8.0802259e-2
vn -0.87691758 -0.16701281 0.45069089
vn 0.99990780 1.3579360e-2 -2.8835408e-17
vn 0.92379435 1.3579360e-2 0.38264815
vn 0.70704158 1.3579360e-2 0.70704158
vn 0.38264815 1.3579360e-2 0.92379435
vn -1.4417704e-17 1.3579360e-2 0.99990780
vn -0.38264815 1.3579360e-2 0.92379435
vn -0.70704158 1.3579360e-2 0.70704158
vn -0.92379435 1.3579360e-2 0.38264815
vn -0.99990780 1.3579360e-2 3.8206915e-16
vn -0.92379435 1.3579360e-2 -0.38264815
vn -0.70704158 1.3579360e-2 -0.70704158
vn -0.38264815 1.3579360e-2 -0.92379435
vn -1.5138589e-16 1.3579360e-2 -0.99990780
vn 0.38264815 1.3579360e-2 -0.92379435
vn 0.70704158 1.3579360e-2 -0.70704158
vn 0.92379435 1.3579360e-2 -0.38264815
vn 0.95588211 -0.29375055 1.3818895e-17
vn 0.88311992 -0.29375055 0.36580025
vn 0.67591072 -0.29375055 0.67591072
vn 0.36580025 -0.29375055 0.88311992
vn -1.3818895e-17 -0.29375055 0.95588211
vn -0.36580025 -0.29375055 0.88311992
vn -0.67591072 -0.29375055 0.67591072
vn -0.88311992 -0.29375055 0.36580025
vn -0.95588211 -0.29375055 3.4547238e-16
vn -0.88311992 -0.29375055 -0.36580025
vn -0.67591072 -0.29375055 -0.67591072
vn -0.36580025 -0.29375055 -0.88311992
vn -9.6732267e-17 -0.29375055 -0.95588211
vn 0.36580025 -0.29375055 -0.88311992
vn 0.67591072 -0.29375055 -0.67591072
vn 0.88311992 -0.29375055 -0.36580025
g Cylinder2_default
usemtl default
s 1
f 627//627 643//643 644//644 628//628
f 627//627 677//677 676//676 643//643
f 627//627 771//771 786//786 642//642
f 628//628 706//706 705//705 629//629
f 628//628 772//772 771//771 627//627
f 629//629 645//645 646//646 630//630
f 629//629 705//705 704//704 645//645
f 629//629 773//773 772//772 628//628
f 630//630 702//702 701//701 631//631
f 630//630 774//774 773//773 629//629
f 631//631 647//647 648//648 632//632
f 631//631 701//701 700//700 647//647
f 631//631 775//775 774//774 630//630
f 632//632 698//698 697//697 633//633
f 632//632 776//776 775//775 631//631
f 633//633 649//649 650//650 634//634
f 633//633 697//697 696//696 649//649
f 633//633 777//777 776//776 632//632
f 634//634 694//694 693//693 635//635
f 634//634 778//778 777//777 633//633
f 635//635 651//651 652//652 636//636
f 635//635 693//693 692//692 651//651
f 635//635 779//779 778//778 634//634
f 636//636 690//690 689//689 637//637
f 636//636 780//780 779//779 635//635
f 637//637 653//653 654//654 638//638
f 637//637 689//689 688//688 653//653
f 637//637 781//781 780//780 636//636
f 638//638 686//686 685//685 639//639
f 638//638 782//782 781//781 637//637
f 639//639 655//655 656//656 640//640
f 639//639 685//685 684//684 655//655
f 639//639 783//783 782//782 638//638
f 640//640 682//682 681//681 641//641
f 640//640 784//784 783//783 639//639
f 641//641 657//657 658//658 642//642
f 641//641 681//681 680//680 657//657
f 641//641 785//785 784//784 640//640
f 642//642 678//678 677//677 627//627
f 642//642 786//786 785//785 641//641
f 643//643 658//658 661//661 660//660
f 643//643 676//676 675//675 658//658
f 644//644 659//659 674//674 645//645
f 644//644 703//703 706//706 628//628
f 645//645 674//674 673//673 646//646
f 645//645 704//704 703//703 644//644
f 646//646 673//673 672//672 647//647
f 646//646 699//699 702//702 630//630
f 647//647 672//672 671//671 648//648
f 647//647 700//700 699//699 646//646
f 648//648 671//671 670//670 649//649
f 648//648 695//695 698//698 632//632
f 649//649 670//670 669//669 650//650
f 649//649 696//696 695//695 648//648
f 650//650 669//669 668//668 651//651
f 650//650 691//691 694//694 634//634
f 651//651 668//668 667//667 652//652
f 651//651 692//692 691//691 650//650
f 652//652 667//667 666//666 653//653
f 652//652 687//687 690//690 636//636
f 653//653 666//666 665//665 654//654
f 653//653 688//688 687//687 652//652
f 654//654 665//665 664//664 655//655
f 654//654 683//683 686//686 638//638
f 655//655 664//664 663//663 656//656
f 655//655 684//684 683//683 654//654
f 656//656 663//663 662//662 657//657
f 656//656 679//679 682//682 640//640
f 657//657 680//680 679//679 656//656
f 658//658 657//657 662//662 661//661
f 658//658 675//675 678//678 642//642
f 660//660 659//659 644//644 643//643
f 660//660 661//661 662//662 663//663 664//664 665//665 666//666 667//667 668//668 669//669 670//670 671//671 672//672 673//673 674//674 659//659
f 675//675 735//735 738//738 678//678
f 676//676 736//736 735//735 675//675
f 677//677 737//737 736//736 676//676
f 678//678 738//738 737//737 677//677
f 679//679 731//731 734//734 682//682
f 680//680 732//732 731//731 679//679
f 681//681 733//733 732//732 680//680
f 682//682 734//734 733//733 681//681
f 683//683 727//727 730//730 686//686
f 684//684 728//728 727//727 683//683
f 685//685 729//729 728//728 684//684
f 686//686 730//730 729//729 685//685
f 687//687 723//723 726//726 690//690
f 688//688 724//724 723//723 687//687
f 689//689 725//725 724//724 688//688
f 690//690 726//726 725//725 689//689
f 691//691 719//719 722//722 694//694
f 692//692 720//720 719//719 691//691
f 693//693 721//721 720//720 692//692
f 694//694 722//722 721//721 693//693
f 695//695 715//715 718//718 698//698
f 696//696 716//716 715//715 695//695
f 697//697 717//717 716//716 696//696
f 698//698 718//718 717//717 697//697
f 699//699 711//711 714//714 702//702
f 700//700 712//712 711//711 699//699
f 701//701 713//713 712//712 700//700
f 702//702 714//714 713//713 701//701
f 703//703 707//707 710//710 706//706
f 704//704 708//708 707//707 703//703
f 705//705 709//709 708//708 704//704
f 706//706 710//710 709//709 705//705
f 708//708 709//709 753//753 752//752
f 709//709 710//710 754//754 753//753
f 710//710 707//707 751//751 754//754
f 712//712 713//713 761//761 760//760
f 713//713 714//714 762//762 761//761
f 714//714 711//711 759//759 762//762
f 716//716 717//717 757//757 756//756
f 717//717 718//718 758//758 757//757
f 718//718 715//715 755//755 758//758
f 720//720 721//721 769//769 768//768
f 721//721 722//722 770//770 769//769
f 722//722 719//719 767//767 770//770
f 724//724 725//725 749//749 748//748
f 725//725 726//726 750//750 749//749
f 726//726 723//723 747//747 750//750
f 728//728 729//729 765//765 764//764
f 729//729 730//730 766//766 765//765
f 730//730 727//727 763//763 766//766
f 732//732 733//733 745//745 744//744
f 733//733 734//734 746//746 745//745
f 734//734 731//731 743//743 746//746
f 736//736 737//737 741//741 740//740
f 737//737 738//738 742//742 741//741
f 738//738 735//735 739//739 742//742
f 740//740 739//739 735//735 736//736
f 740//740 741//741 742//742 739//739
f 744//744 743//743 731//731 732//732
f 744//744 745//745 746//746 743//743
f 748//748 747//747 723//723 724//724
f 748//748 749//749 750//750 747//747
f 752//752 751//751 707//707 708//708
f 752//752 753//753 754//754 751//751
f 756//756 755//755 715//715 716//716
f 756//756 757//757 758//758 755//755
f 760//760 759//759 711//711 712//712
f 760//760 761//761 762//762 759//759
f 764//764 763//763 727//727 728//728
f 764//764 765//765 766//766 763//763
f 768//768 767//767 719//719 720//720
f 768//768 769//769 770//770 767//767
f 771//771 787//787 802//802 786//786
f 772//772 788//788 787//787 771//771
f 773//773 789//789 788//788 772//772
f 774//774 790//790 789//789 773//773
f 775//775 791//791 790//790 774//774
f 776//776 792//792 791//791 775//775
f 777//777 793//793 792//792 776//776
f 778//778 794//794 793//793 777//777
f 779//779 795//795 794//794 778//778
f 780//780 796//796 795//795 779//779
f 781//781 797//797 796//796 780//780
f 782//782 798//798 797//797 781//781
f 783//783 799//799 798//798 782//782
f 784//784 800//800 799//799 783//783
f 785//785 801//801 800//800 784//784
f 786//786 802//802 801//801 785//785
f 788//788 789//789 790//790 791//791 792//792 793//793 794//794 795//795 796//796 797//797 798//798 799//799 800//800 801//801 802//802 787//787
o cone1
#209 vertices, 209 faces
v 0.0000000e+0 73.07571653 0.0000000e+0
v 0.95515938 62.78297684 0.0000000e+0
v 0.88245220 62.78297684 0.36552367
v 0.67539968 62.78297684 0.67539968
v 0.36552367 62.78297684 0.88245220
v 5.8486644e-17 62.78297684 0.95515938
v -0.36552367 62.78297684 0.88245220
v -0.67539968 62.78297684 0.67539968
v -0.88245220 62.78297684 0.36552367
v -0.95515938 62.78297684 1.1697329e-16
v -0.88245220 62.78297684 -0.36552367
v -0.67539968 62.78297684 -0.67539968
v -0.36552367 62.78297684 -0.88245220
v -1.7545993e-16 62.78297684 -0.95515938
v 0.36552367 62.78297684 -0.88245220
v 0.67539968 62.78297684 -0.67539968
v 0.88245220 62.78297684 -0.36552367
v 0.89776899 62.69329561 1.4465350e-17
v 0.82943040 62.69329561 0.34356132
v 0.63481854 62.69329561 0.63481854
v 0.34356132 62.69329561 0.82943040
v 6.1232340e-17 62.69329561 0.89776899
v -0.34356132 62.69329561 0.82943040
v -0.63481854 62.69329561 0.63481854
v -0.82943040 62.69329561 0.34356132
v -0.89776899 62.69329561 1.0944587e-16
v -0.82943040 62.69329561 -0.34356132
v -0.63481854 62.69329561 -0.63481854
v -0.34356132 62.69329561 -0.82943040
v -1.6778514e-16 62.69329561 -0.89776899
v 0.34356132 62.69329561 -0.82943040
v 0.63481854 62.69329561 -0.63481854
v 0.82943040 62.69329561 -0.34356132
v 0.89776899 60.43409561 -6.8125023e-17
v 0.82943040 60.43409561 0.34356132
v 0.63481854 60.43409561 0.63481854
v 0.34356132 60.43409561 0.82943040
v 6.1232340e-17 60.43409561 0.89776899
v -0.34356132 60.43409561 0.82943040
v -0.63481854 60.43409561 0.63481854
v -0.82943040 60.43409561 0.34356132
v -0.89776899 60.43409561 2.6855492e-17
v -0.82943040 60.43409561 -0.34356132
v -0.63481854 60.43409561 -0.63481854
v -0.34356132 60.43409561 -0.82943040
v -1.6778514e-16 60.43409561 -0.89776899
v 0.34356132 60.43409561 -0.82943040
v 0.63481854 60.43409561 -0.63481854
v 0.82943040 60.43409561 -0.34356132
v 0.44534241 59.99036228 -2.6731559e-17
v 0.41144274 59.99036228 0.17042516
v 0.31490464 59.99036228 0.31490464
v 0.17042516 59.99036228 0.41144274
v 6.1232340e-17 59.99036228 0.44534241
v -0.17042516 59.99036228 0.41144274
v -0.31490464 59.99036228 0.31490464
v -0.41144274 59.99036228 0.17042516
v -0.44534241 59.99036228 -6.6186465e-17
v -0.41144274 59.99036228 -0.17042516
v -0.31490464 59.99036228 -0.31490464
v -0.17042516 59.99036228 -0.41144274
v -9.7366581e-17 59.99036228 -0.44534241
v 0.17042516 59.99036228 -0.41144274
v 0.31490464 59.99036228 -0.31490464
v 0.41144274 59.99036228 -0.17042516
v 0.44534241 57.96796228 8.8828978e-17
v 0.41144274 57.96796228 0.17042516
v 0.31490464 57.96796228 0.31490464
v 0.17042516 57.96796228 0.41144274
v 6.1232340e-17 57.96796228 0.44534241
v -0.17042516 57.96796228 0.41144274
v -0.31490464 57.96796228 0.31490464
v -0.41144274 57.96796228 0.17042516
v -0.44534241 57.96796228 4.9374072e-17
v -0.41144274 57.96796228 -0.17042516
v -0.31490464 57.96796228 -0.31490464
v -0.17042516 57.96796228 -0.41144274
v -9.7366581e-17 57.96796228 -0.44534241
v 0.17042516 57.96796228 -0.41144274
v 0.31490464 57.96796228 -0.31490464
v 0.41144274 57.96796228 -0.17042516
v 0.69067215 60.53462944 0.55122772
v 0.77357680 60.53462944 0.42715214
v 0.77357680 62.59276178 0.42715214
v 0.69067215 62.59276178 0.55122772
v 9.8602099e-2 60.53462944 0.87815582
v 0.24495922 60.53462944 0.84904357
v 0.24495922 62.59276178 0.84904357
v 9.8602099e-2 62.59276178 0.87815582
v -0.55122772 60.53462944 0.69067215
v -0.42715214 60.53462944 0.77357680
v -0.42715214 62.59276178 0.77357680
v -0.55122772 62.59276178 0.69067215
v -0.87815582 60.53462944 9.8602099e-2
v -0.84904357 60.53462944 0.24495922
v -0.84904357 62.59276178 0.24495922
v -0.87815582 62.59276178 9.8602099e-2
v -0.69067215 60.53462944 -0.55122772
v -0.77357680 60.53462944 -0.42715214
v -0.77357680 62.59276178 -0.42715214
v -0.69067215 62.59276178 -0.55122772
v -9.8602099e-2 60.53462944 -0.87815582
v -0.24495922 60.53462944 -0.84904357
v -0.24495922 62.59276178 -0.84904357
v -9.8602099e-2 62.59276178 -0.87815582
v 0.55122772 60.53462944 -0.69067215
v 0.42715214 60.53462944 -0.77357680
v 0.42715214 62.59276178 -0.77357680
v 0.55122772 62.59276178 -0.69067215
v 0.87815582 60.53462944 -9.8602099e-2
v 0.84904357 60.53462944 -0.24495922
v 0.84904357 62.59276178 -0.24495922
v 0.87815582 62.59276178 -9.8602099e-2
v 2.29873994 59.34546381 -0.38117385
v 2.26962770 59.34546381 -0.52753097
v 2.26962770 61.40359615 -0.52753097
v 2.29873994 61.40359615 -0.38117385
v 1.35592399 59.34546381 -1.89498522
v 1.23184841 59.34546381 -1.97788987
v 1.23184841 61.40359615 -1.97788987
v 1.35592399 61.40359615 -1.89498522
v -0.38117385 59.34546381 -2.29873994
v -0.52753097 59.34546381 -2.26962770
v -0.52753097 61.40359615 -2.26962770
v -0.38117385 61.40359615 -2.29873994
v -1.89498522 59.34546381 -1.35592399
v -1.97788987 59.34546381 -1.23184841
v -1.97788987 61.40359615 -1.23184841
v -1.89498522 61.40359615 -1.35592399
v -2.29873994 59.34546381 0.38117385
v -2.26962770 59.34546381 0.52753097
v -2.26962770 61.40359615 0.52753097
v -2.29873994 61.40359615 0.38117385
v -1.35592399 59.34546381 1.89498522
v -1.23184841 59.34546381 1.97788987
v -1.23184841 61.40359615 1.97788987
v -1.35592399 61.40359615 1.89498522
v 0.38117385 59.34546381 2.29873994
v 0.52753097 59.34546381 2.26962770
v 0.52753097 61.40359615 2.26962770
v 0.38117385 61.40359615 2.29873994
v 1.89498522 59.34546381 1.35592399
v 1.97788987 59.34546381 1.23184841
v 1.97788987 61.40359615 1.23184841
v 1.89498522 61.40359615 1.35592399
v 2.97863040 59.34546381 -0.51641247
v 2.94951816 59.34546381 -0.66276959
v 2.94951816 60.37518317 -0.66276959
v 2.97863040 60.37518317 -0.51641247
v 1.74105099 59.34546381 -2.47136851
v 1.61697542 59.34546381 -2.55427316
v 1.61697542 60.37518317 -2.55427316
v 1.74105099 60.37518317 -2.47136851
v -0.51641247 59.34546381 -2.97863040
v -0.66276959 59.34546381 -2.94951816
v -0.66276959 60.37518317 -2.94951816
v -0.51641247 60.37518317 -2.97863040
v -2.47136851 59.34546381 -1.74105099
v -2.55427316 59.34546381 -1.61697542
v -2.55427316 60.37518317 -1.61697542
v -2.47136851 60.37518317 -1.74105099
v -2.97863040 59.34546381 0.51641247
v -2.94951816 59.34546381 0.66276959
v -2.94951816 60.37518317 0.66276959
v -2.97863040 60.37518317 0.51641247
v -1.74105099 59.34546381 2.47136851
v -1.61697542 59.34546381 2.55427316
v -1.61697542 60.37518317 2.55427316
v -1.74105099 60.37518317 2.47136851
v 0.51641247 59.34546381 2.97863040
v 0.66276959 59.34546381 2.94951816
v 0.66276959 60.37518317 2.94951816
v 0.51641247 60.37518317 2.97863040
v 2.47136851 59.34546381 1.74105099
v 2.55427316 59.34546381 1.61697542
v 2.55427316 60.37518317 1.61697542
v 2.47136851 60.37518317 1.74105099
v 2.73557735 53.81668898 1.68876456
v 2.60707514 53.81668898 1.88108170
v 1.71368103 53.81668898 1.28413484
v 1.84218324 53.81668898 1.09181770
v 0.74020842 53.81668898 3.12848217
v 0.51335488 53.81668898 3.17360614
v 0.30373502 53.81668898 2.11977593
v 0.53058856 53.81668898 2.07465196
v -1.68876456 53.81668898 2.73557735
v -1.88108170 53.81668898 2.60707514
v -1.28413484 53.81668898 1.71368103
v -1.09181770 53.81668898 1.84218324
v -3.12848217 53.81668898 0.74020842
v -3.17360614 53.81668898 0.51335488
v -2.11977593 53.81668898 0.30373502
v -2.07465196 53.81668898 0.53058856
v -2.73557735 53.81668898 -1.68876456
v -2.60707514 53.81668898 -1.88108170
v -1.71368103 53.81668898 -1.28413484
v -1.84218324 53.81668898 -1.09181770
v -0.74020842 53.81668898 -3.12848217
v -0.51335488 53.81668898 -3.17360614
v -0.30373502 53.81668898 -2.11977593
v -0.53058856 53.81668898 -2.07465196
v 1.68876456 53.81668898 -2.73557735
v 1.88108170 53.81668898 -2.60707514
v 1.28413484 53.81668898 -1.71368103
v 1.09181770 53.81668898 -1.84218324
v 3.12848217 53.81668898 -0.74020842
v 3.17360614 53.81668898 -0.51335488
v 2.11977593 53.81668898 -0.30373502
v 2.07465196 53.81668898 -0.53058856
vn -3.0621247e-16 1.00000000 3.0429864e-15
vn 0.97150547 -0.23701715 2.2377778e-17
vn 0.89755402 -0.23701715 0.37177905
vn 0.68695810 -0.23701715 0.68695810
vn 0.37177905 -0.23701715 0.89755402
vn 7.4592593e-18 -0.23701715 0.97150547
vn -0.37177905 -0.23701715 0.89755402
vn -0.68695810 -0.23701715 0.68695810
vn -0.89755402 -0.23701715 0.37177905
vn -0.97150547 -0.23701715 1.0293778e-15
vn -0.89755402 -0.23701715 -0.37177905
vn -0.68695810 -0.23701715 -0.68695810
vn -0.37177905 -0.23701715 -0.89755402
vn -1.3426667e-16 -0.23701715 -0.97150547
vn 0.37177905 -0.23701715 -0.89755402
vn 0.68695810 -0.23701715 -0.68695810
vn 0.89755402 -0.23701715 -0.37177905
vn 0.97352457 -0.22482883 -4.1254111e-2
vn 0.88363216 -0.22482883 0.41066555
vn 0.71755689 -0.22482883 0.65921477
vn 0.33443790 -0.22482883 0.91520669
vn 4.1254111e-2 -0.22482883 0.97352457
vn -0.41066555 -0.22482883 0.88363216
vn -0.65921477 -0.22482883 0.71755689
vn -0.91520669 -0.22482883 0.33443790
vn -0.97352457 -0.22482883 4.1254111e-2
vn -0.88363216 -0.22482883 -0.41066555
vn -0.71755689 -0.22482883 -0.65921477
vn -0.33443790 -0.22482883 -0.91520669
vn -4.1254111e-2 -0.22482883 -0.97352457
vn 0.41066555 -0.22482883 -0.88363216
vn 0.65921477 -0.22482883 -0.71755689
vn 0.91520669 -0.22482883 -0.33443790
vn 0.94970005 -0.31022313 -4.2795185e-2
vn 0.86103143 -0.31022313 0.40297207
vn 0.70180011 -0.31022313 0.64127858
vn 0.32389688 -0.31022313 0.89378544
vn 4.2795185e-2 -0.31022313 0.94970005
vn -0.40297207 -0.31022313 0.86103143
vn -0.64127858 -0.31022313 0.70180011
vn -0.89378544 -0.31022313 0.32389688
vn -0.94970005 -0.31022313 4.2795185e-2
vn -0.86103143 -0.31022313 -0.40297207
vn -0.70180011 -0.31022313 -0.64127858
vn -0.32389688 -0.31022313 -0.89378544
vn -4.2795185e-2 -0.31022313 -0.94970005
vn 0.40297207 -0.31022313 -0.86103143
vn 0.64127858 -0.31022313 -0.70180011
vn 0.89378544 -0.31022313 -0.32389688
vn 0.92121448 -0.38905512 -1.5271313e-16
vn 0.85109120 -0.38905512 0.35253352
vn 0.65139701 -0.38905512 0.65139701
vn 0.35253352 -0.38905512 0.85109120
vn 0.0000000e+0 -0.38905512 0.92121448
vn -0.35253352 -0.38905512 0.85109120
vn -0.65139701 -0.38905512 0.65139701
vn -0.85109120 -0.38905512 0.35253352
vn -0.92121448 -0.38905512 2.2906969e-16
vn -0.85109120 -0.38905512 -0.35253352
vn -0.65139701 -0.38905512 -0.65139701
vn -0.35253352 -0.38905512 -0.85109120
vn -1.9852706e-16 -0.38905512 -0.92121448
vn 0.35253352 -0.38905512 -0.85109120
vn 0.65139701 -0.38905512 -0.65139701
vn 0.85109120 -0.38905512 -0.35253352
vn 0.89090915 -0.45418155 -2.4960019e-15
vn 0.82309273 -0.45418155 0.34093617
vn 0.62996790 -0.45418155 0.62996790
vn 0.34093617 -0.45418155 0.82309273
vn 0.0000000e+0 -0.45418155 0.89090915
vn -0.34093617 -0.45418155 0.82309273
vn -0.62996790 -0.45418155 0.62996790
vn -0.82309273 -0.45418155 0.34093617
vn -0.89090915 -0.45418155 -2.0800016e-15
vn -0.82309273 -0.45418155 -0.34093617
vn -0.62996790 -0.45418155 -0.62996790
vn -0.34093617 -0.45418155 -0.82309273
vn -2.2690927e-16 -0.45418155 -0.89090915
vn 0.34093617 -0.45418155 -0.82309273
vn 0.62996790 -0.45418155 -0.62996790
vn 0.82309273 -0.45418155 -0.34093617
vn 0.31160064 -0.41539640 0.85460568
vn 0.90879710 -0.41539640 -3.9161985e-2
vn 0.93980126 0.26450361 0.21635949
vn 0.55953648 0.26450361 0.78546596
vn -0.38396255 -0.41539640 0.82463240
vn 0.67030830 -0.41539640 0.61492489
vn 0.51155058 0.26450361 0.81752911
vn -0.15975627 0.26450361 0.95106034
vn -0.85460568 -0.41539640 0.31160064
vn 3.9161985e-2 -0.41539640 0.90879710
vn -0.21635949 0.26450361 0.93980126
vn -0.78546596 0.26450361 0.55953648
vn -0.82463240 -0.41539640 -0.38396255
vn -0.61492489 -0.41539640 0.67030830
vn -0.81752911 0.26450361 0.51155058
vn -0.95106034 0.26450361 -0.15975627
vn -0.31160064 -0.41539640 -0.85460568
vn -0.90879710 -0.41539640 3.9161985e-2
vn -0.93980126 0.26450361 -0.21635949
vn -0.55953648 0.26450361 -0.78546596
vn 0.38396255 -0.41539640 -0.82463240
vn -0.67030830 -0.41539640 -0.61492489
vn -0.51155058 0.26450361 -0.81752911
vn 0.15975627 0.26450361 -0.95106034
vn 0.85460568 -0.41539640 -0.31160064
vn -3.9161985e-2 -0.41539640 -0.90879710
vn 0.21635949 0.26450361 -0.93980126
vn 0.78546596 0.26450361 -0.55953648
vn 0.82463240 -0.41539640 0.38396255
vn 0.61492489 -0.41539640 -0.67030830
vn 0.81752911 0.26450361 -0.51155058
vn 0.95106034 0.26450361 0.15975627
vn -0.29120197 -0.20925107 0.93349633
vn -0.62626912 -0.20925107 -0.75099999
vn 0.37157098 0.47335144 -0.79866978
vn 0.64892452 0.47335144 0.59568061
vn 0.45417070 -0.20925107 0.86599247
vn -0.97387632 -0.20925107 -8.8198044e-2
vn -0.30200446 0.47335144 -0.82748518
vn 0.88006872 0.47335144 -3.7649131e-2
vn 0.93349633 -0.20925107 0.29120197
vn -0.75099999 -0.20925107 0.62626912
vn -0.79866978 0.47335144 -0.37157098
vn 0.59568061 0.47335144 -0.64892452
vn 0.86599247 -0.20925107 -0.45417070
vn -8.8198044e-2 -0.20925107 0.97387632
vn -0.82748518 0.47335144 0.30200446
vn -3.7649131e-2 0.47335144 -0.88006872
vn 0.29120197 -0.20925107 -0.93349633
vn 0.62626912 -0.20925107 0.75099999
vn -0.37157098 0.47335144 0.79866978
vn -0.64892452 0.47335144 -0.59568061
vn -0.45417070 -0.20925107 -0.86599247
vn 0.97387632 -0.20925107 8.8198044e-2
vn 0.30200446 0.47335144 0.82748518
vn -0.88006872 0.47335144 3.7649131e-2
vn -0.93349633 -0.20925107 -0.29120197
vn 0.75099999 -0.20925107 -0.62626912
vn 0.79866978 0.47335144 0.37157098
vn -0.59568061 0.47335144 0.64892452
vn -0.86599247 -0.20925107 0.45417070
vn 8.8198044e-2 -0.20925107 -0.97387632
vn 0.82748518 0.47335144 -0.30200446
vn 3.7649131e-2 0.47335144 0.88006872
vn 0.83129977 1.4808139e-2 0.55562705
vn 0.55539158 1.4808139e-2 -0.83145710
vn 0.74083522 0.25896611 -0.61975780
vn 0.92161354 0.25896611 0.28907618
vn 0.98070536 1.4808139e-2 -0.19493005
vn -0.19520781 1.4808139e-2 -0.98065011
vn 8.5614665e-2 0.25896611 -0.96208455
vn 0.85608691 0.25896611 -0.44727146
vn 0.55562705 1.4808139e-2 -0.83129977
vn -0.83145710 1.4808139e-2 -0.55539158
vn -0.61975780 0.25896611 -0.74083522
vn 0.28907618 0.25896611 -0.92161354
vn -0.19493005 1.4808139e-2 -0.98070536
vn -0.98065011 1.4808139e-2 0.19520781
vn -0.96208455 0.25896611 -8.5614665e-2
vn -0.44727146 0.25896611 -0.85608691
vn -0.83129977 1.4808139e-2 -0.55562705
vn -0.55539158 1.4808139e-2 0.83145710
vn -0.74083522 0.25896611 0.61975780
vn -0.92161354 0.25896611 -0.28907618
vn -0.98070536 1.4808139e-2 0.19493005
vn 0.19520781 1.4808139e-2 0.98065011
vn -8.5614665e-2 0.25896611 0.96208455
vn -0.85608691 0.25896611 0.44727146
vn -0.55562705 1.4808139e-2 0.83129977
vn 0.83145710 1.4808139e-2 0.55539158
vn 0.61975780 0.25896611 0.74083522
vn -0.28907618 0.25896611 0.92161354
vn 0.19493005 1.4808139e-2 0.98070536
vn 0.98065011 1.4808139e-2 -0.19520781
vn 0.96208455 0.25896611 8.5614665e-2
vn 0.44727146 0.25896611 0.85608691
vn 0.81185796 -0.56100875 -0.16172768
vn 0.16126770 -0.56100875 0.81194945
vn -0.81185796 -0.56100875 0.16172768
vn -0.16126770 -0.56100875 -0.81194945
vn 0.68842901 -0.56100875 0.45971153
vn -0.46010148 -0.56100875 0.68816845
vn -0.68842901 -0.56100875 -0.45971153
vn 0.46010148 -0.56100875 -0.68816845
vn 0.16172768 -0.56100875 0.81185796
vn -0.81194945 -0.56100875 0.16126770
vn -0.16172768 -0.56100875 -0.81185796
vn 0.81194945 -0.56100875 -0.16126770
vn -0.45971153 -0.56100875 0.68842901
vn -0.68816845 -0.56100875 -0.46010148
vn 0.45971153 -0.56100875 -0.68842901
vn 0.68816845 -0.56100875 0.46010148
vn -0.81185796 -0.56100875 0.16172768
vn -0.16126770 -0.56100875 -0.81194945
vn 0.81185796 -0.56100875 -0.16172768
vn 0.16126770 -0.56100875 0.81194945
vn -0.68842901 -0.56100875 -0.45971153
vn 0.46010148 -0.56100875 -0.68816845
vn 0.68842901 -0.56100875 0.45971153
vn -0.46010148 -0.56100875 0.68816845
vn -0.16172768 -0.56100875 -0.81185796
vn 0.81194945 -0.56100875 -0.16126770
vn 0.16172768 -0.56100875 0.81185796
vn -0.81194945 -0.56100875 0.16126770
vn 0.45971153 -0.56100875 -0.68842901
vn 0.68816845 -0.56100875 0.46010148
vn -0.45971153 -0.56100875 0.68842901
vn -0.68816845 -0.56100875 -0.46010148
g cone1_default
usemtl default
s 1
f 803//803 805//805 804//804
f 803//803 806//806 805//805
f 803//803 807//807 806//806
f 803//803 808//808 807//807
f 803//803 809//809 808//808
f 803//803 810//810 809//809
f 803//803 811//811 810//810
f 803//803 812//812 811//811
f 803//803 813//813 812//812
f 803//803 814//814 813//813
f 803//803 815//815 814//814
f 803//803 816//816 815//815
f 803//803 817//817 816//816
f 803//803 818//818 817//817
f 803//803 819//819 818//818
f 804//804 819//819 803//803
f 804//804 820//820 835//835 819//819
f 805//805 806//806 822//822 821//821
f 806//806 807//807 823//823 822//822
f 807//807 808//808 824//824 823//823
f 808//808 809//809 825//825 824//824
f 809//809 810//810 826//826 825//825
f 810//810 811//811 827//827 826//826
f 811//811 812//812 828//828 827//827
f 812//812 813//813 829//829 828//828
f 813//813 814//814 830//830 829//829
f 814//814 815//815 831//831 830//830
f 815//815 816//816 832//832 831//831
f 816//816 817//817 833//833 832//832
f 817//817 818//818 834//834 833//833
f 818//818 819//819 835//835 834//834
f 820//820 915//915 914//914 835//835
f 821//821 820//820 804//804 805//805
f 821//821 837//837 836//836 820//820
f 821//821 886//886 885//885 837//837
f 822//822 887//887 886//886 821//821
f 823//823 839//839 838//838 822//822
f 823//823 890//890 889//889 839//839
f 824//824 891//891 890//890 823//823
f 825//825 841//841 840//840 824//824
f 825//825 894//894 893//893 841//841
f 826//826 895//895 894//894 825//825
f 827//827 843//843 842//842 826//826
f 827//827 898//898 897//897 843//843
f 828//828 899//899 898//898 827//827
f 829//829 845//845 844//844 828//828
f 829//829 902//902 901//901 845//845
f 830//830 903//903 902//902 829//829
f 831//831 847//847 846//846 830//830
f 831//831 906//906 905//905 847//847
f 832//832 907//907 906//906 831//831
f 833//833 849//849 848//848 832//832
f 833//833 910//910 909//909 849//849
f 834//834 911//911 910//910 833//833
f 835//835 851//851 850//850 834//834
f 835//835 914//914 913//913 851//851
f 836//836 912//912 915//915 820//820
f 837//837 838//838 854//854 853//853
f 837//837 885//885 884//884 838//838
f 838//838 839//839 855//855 854//854
f 838//838 884//884 887//887 822//822
f 839//839 840//840 856//856 855//855
f 839//839 889//889 888//888 840//840
f 840//840 841//841 857//857 856//856
f 840//840 888//888 891//891 824//824
f 841//841 842//842 858//858 857//857
f 841//841 893//893 892//892 842//842
f 842//842 843//843 859//859 858//858
f 842//842 892//892 895//895 826//826
f 843//843 844//844 860//860 859//859
f 843//843 897//897 896//896 844//844
f 844//844 845//845 861//861 860//860
f 844//844 896//896 899//899 828//828
f 845//845 846//846 862//862 861//861
f 845//845 901//901 900//900 846//846
f 846//846 847//847 863//863 862//862
f 846//846 900//900 903//903 830//830
f 847//847 848//848 864//864 863//863
f 847//847 905//905 904//904 848//848
f 848//848 849//849 865//865 864//864
f 848//848 904//904 907//907 832//832
f 849//849 850//850 866//866 865//865
f 849//849 909//909 908//908 850//850
f 850//850 851//851 867//867 866//866
f 850//850 908//908 911//911 834//834
f 851//851 836//836 852//852 867//867
f 851//851 913//913 912//912 836//836
f 852//852 868//868 883//883 867//867
f 853//853 852//852 836//836 837//837
f 853//853 869//869 868//868 852//852
f 854//854 870//870 869//869 853//853
f 855//855 871//871 870//870 854//854
f 856//856 872//872 871//871 855//855
f 857//857 873//873 872//872 856//856
f 858//858 874//874 873//873 857//857
f 859//859 875//875 874//874 858//858
f 860//860 876//876 875//875 859//859
f 861//861 877//877 876//876 860//860
f 862//862 878//878 877//877 861//861
f 863//863 879//879 878//878 862//862
f 864//864 880//880 879//879 863//863
f 865//865 881//881 880//880 864//864
f 866//866 882//882 881//881 865//865
f 867//867 883//883 882//882 866//866
f 869//869 870//870 871//871 872//872 873//873 874//874 875//875 876//876 877//877 878//878 879//879 880//880 881//881 882//882 883//883 868//868
f 884//884 944//944 947//947 887//887
f 885//885 945//945 944//944 884//884
f 886//886 946//946 945//945 885//885
f 887//887 947//947 946//946 886//886
f 888//888 940//940 943//943 891//891
f 889//889 941//941 940//940 888//888
f 890//890 942//942 941//941 889//889
f 891//891 943//943 942//942 890//890
f 892//892 936//936 939//939 895//895
f 893//893 937//937 936//936 892//892
f 894//894 938//938 937//937 893//893
f 895//895 939//939 938//938 894//894
f 896//896 932//932 935//935 899//899
f 897//897 933//933 932//932 896//896
f 898//898 934//934 933//933 897//897
f 899//899 935//935 934//934 898//898
f 900//900 928//928 931//931 903//903
f 901//901 929//929 928//928 900//900
f 902//902 930//930 929//929 901//901
f 903//903 931//931 930//930 902//902
f 904//904 924//924 927//927 907//907
f 905//905 925//925 924//924 904//904
f 906//906 926//926 925//925 905//905
f 907//907 927//927 926//926 906//906
f 908//908 920//920 923//923 911//911
f 909//909 921//921 920//920 908//908
f 910//910 922//922 921//921 909//909
f 911//911 923//923 922//922 910//910
f 912//912 916//916 919//919 915//915
f 913//913 917//917 916//916 912//912
f 914//914 918//918 917//917 913//913
f 915//915 919//919 918//918 914//914
f 916//916 948//948 951//951 919//919
f 916//916 1010//1010 1009//1009 948//948
f 917//917 1011//1011 1010//1010 916//916
f 918//918 950//950 949//949 917//917
f 919//919 951//951 950//950 918//918
f 920//920 952//952 955//955 923//923
f 920//920 1006//1006 1005//1005 952//952
f 921//921 1007//1007 1006//1006 920//920
f 922//922 954//954 953//953 921//921
f 923//923 955//955 954//954 922//922
f 924//924 956//956 959//959 927//927
f 924//924 1002//1002 1001//1001 956//956
f 925//925 1003//1003 1002//1002 924//924
f 926//926 958//958 957//957 925//925
f 927//927 959//959 958//958 926//926
f 928//928 960//960 963//963 931//931
f 928//928 998//998 997//997 960//960
f 929//929 999//999 998//998 928//928
f 930//930 962//962 961//961 929//929
f 931//931 963//963 962//962 930//930
f 932//932 964//964 967//967 935//935
f 932//932 994//994 993//993 964//964
f 933//933 995//995 994//994 932//932
f 934//934 966//966 965//965 933//933
f 935//935 967//967 966//966 934//934
f 936//936 968//968 971//971 939//939
f 936//936 990//990 989//989 968//968
f 937//937 991//991 990//990 936//936
f 938//938 970//970 969//969 937//937
f 939//939 971//971 970//970 938//938
f 940//940 972//972 975//975 943//943
f 940//940 986//986 985//985 972//972
f 941//941 987//987 986//986 940//940
f 942//942 974//974 973//973 941//941
f 943//943 975//975 974//974 942//942
f 944//944 976//976 979//979 947//947
f 944//944 982//982 981//981 976//976
f 945//945 983//983 982//982 944//944
f 946//946 978//978 977//977 945//945
f 947//947 979//979 978//978 946//946
f 948//948 1009//1009 1008//1008 949//949
f 949//949 950//950 951//951 948//948
f 949//949 1008//1008 1011//1011 917//917
f 952//952 1005//1005 1004//1004 953//953
f 953//953 954//954 955//955 952//952
f 953//953 1004//1004 1007//1007 921//921
f 956//956 1001//1001 1000//1000 957//957
f 957//957 958//958 959//959 956//956
f 957//957 1000//1000 1003//1003 925//925
f 960//960 997//997 996//996 961//961
f 961//961 962//962 963//963 960//960
f 961//961 996//996 999//999 929//929
f 964//964 993//993 992//992 965//965
f 965//965 966//966 967//967 964//964
f 965//965 992//992 995//995 933//933
f 968//968 989//989 988//988 969//969
f 969//969 970//970 971//971 968//968
f 969//969 988//988 991//991 937//937
f 972//972 985//985 984//984 973//973
f 973//973 974//974 975//975 972//972
f 973//973 984//984 987//987 941//941
f 976//976 981//981 980//980 977//977
f 977//977 978//978 979//979 976//976
f 977//977 980//980 983//983 945//945
f 981//981 982//982 983//983 980//980
f 985//985 986//986 987//987 984//984
f 989//989 990//990 991//991 988//988
f 993//993 994//994 995//995 992//992
f 997//997 998//998 999//999 996//996
f 1001//1001 1002//1002 1003//1003 1000//1000
f 1005//1005 1006//1006 1007//1007 1004//1004
f 1009//1009 1010//1010 1011//1011 1008//1008
