# Exported from Wings 3D 2.4.1
mtllib Guard-Tower_002.mtl
o Cylinder1
#4824 vertices, 4656 faces
v 72.00000000 2031.84742300 4.3950954e-15
v 66.51932634 2031.84742300 27.55320713
v 50.91168825 2031.84742300 50.91168825
v 27.55320713 2031.84742300 66.51932634
v 8.4985125e-15 2031.84742300 72.00000000
v -27.55320713 2031.84742300 66.51932634
v -50.91168825 2031.84742300 50.91168825
v -66.51932634 2031.84742300 27.55320713
v -72.00000000 2031.84742300 1.3212552e-14
v -66.51932634 2031.84742300 -27.55320713
v -50.91168825 2031.84742300 -50.91168825
v -27.55320713 2031.84742300 -66.51932634
v -9.1364014e-15 2031.84742300 -72.00000000
v 27.55320713 2031.84742300 -66.51932634
v 50.91168825 2031.84742300 -50.91168825
v 66.51932634 2031.84742300 -27.55320713
v 25.00000000 2148.87984705 4.1522341e-15
v 23.09698831 2148.87984705 9.56708581
v 17.67766953 2148.87984705 17.67766953
v 9.56708581 2148.87984705 23.09698831
v 2.4633958e-15 2148.87984705 25.00000000
v -9.56708581 2148.87984705 23.09698831
v -17.67766953 2148.87984705 17.67766953
v -23.09698831 2148.87984705 9.56708581
v -25.00000000 2148.87984705 7.2138511e-15
v -23.09698831 2148.87984705 -9.56708581
v -17.67766953 2148.87984705 -17.67766953
v -9.56708581 2148.87984705 -23.09698831
v -3.6598382e-15 2148.87984705 -25.00000000
v 9.56708581 2148.87984705 -23.09698831
v 17.67766953 2148.87984705 -17.67766953
v 23.09698831 2148.87984705 -9.56708581
v 25.00000000 2196.87984705 4.1522341e-15
v 23.09698831 2196.87984705 9.56708581
v 17.67766953 2196.87984705 17.67766953
v 9.56708581 2196.87984705 23.09698831
v 2.4633958e-15 2196.87984705 25.00000000
v -9.56708581 2196.87984705 23.09698831
v -17.67766953 2196.87984705 17.67766953
v -23.09698831 2196.87984705 9.56708581
v -25.00000000 2196.87984705 7.2138511e-15
v -23.09698831 2196.87984705 -9.56708581
v -17.67766953 2196.87984705 -17.67766953
v -9.56708581 2196.87984705 -23.09698831
v -3.6598382e-15 2196.87984705 -25.00000000
v 9.56708581 2196.87984705 -23.09698831
v 17.67766953 2196.87984705 -17.67766953
v 23.09698831 2196.87984705 -9.56708581
v 21.21302951 2198.87984705 8.78672452
v 22.96081768 2198.87984705 4.5561867e-15
v 21.21302951 2198.87984705 -8.78672452
v 16.23574989 2198.87984705 -16.23574989
v 8.78672452 2198.87984705 -21.21302951
v -3.2847393e-15 2198.87984705 -22.96081768
v -8.78672452 2198.87984705 -21.21302951
v -16.23574989 2198.87984705 -16.23574989
v -21.21302951 2198.87984705 -8.78672452
v -22.96081768 2198.87984705 7.1561436e-15
v -21.21302951 2198.87984705 8.78672452
v -16.23574989 2198.87984705 16.23574989
v -8.78672452 2198.87984705 21.21302951
v 2.4056883e-15 2198.87984705 22.96081768
v 8.78672452 2198.87984705 21.21302951
v 16.23574989 2198.87984705 16.23574989
v 90.00000000 2103.47984705 -1.4059803e-14
v 83.14915793 2103.47984705 34.44150891
v 63.63961031 2103.47984705 63.63961031
v 34.44150891 2103.47984705 83.14915793
v 1.0196052e-14 2103.47984705 90.00000000
v -34.44150891 2103.47984705 83.14915793
v -63.63961031 2103.47984705 63.63961031
v -83.14915793 2103.47984705 34.44150891
v -90.00000000 2103.47984705 -3.0379815e-15
v -83.14915793 2103.47984705 -34.44150891
v -63.63961031 2103.47984705 -63.63961031
v -34.44150891 2103.47984705 -83.14915793
v -1.1847591e-14 2103.47984705 -90.00000000
v 34.44150891 2103.47984705 -83.14915793
v 63.63961031 2103.47984705 -63.63961031
v 83.14915793 2103.47984705 -34.44150891
v 76.36690623 2096.27984705 31.63220828
v 82.65894366 2096.27984705 -1.5172327e-14
v 76.36690623 2096.27984705 -31.63220828
v 58.44869959 2096.27984705 -58.44869959
v 31.63220828 2096.27984705 -76.36690623
v -1.0497235e-14 2096.27984705 -82.65894366
v -31.63220828 2096.27984705 -76.36690623
v -58.44869959 2096.27984705 -58.44869959
v -76.36690623 2096.27984705 -31.63220828
v -82.65894366 2096.27984705 -5.8124827e-15
v -76.36690623 2096.27984705 31.63220828
v -58.44869959 2096.27984705 58.44869959
v -31.63220828 2096.27984705 76.36690623
v 9.9883047e-15 2096.27984705 82.65894366
v 31.63220828 2096.27984705 76.36690623
v 58.44869959 2096.27984705 58.44869959
v 18.00000000 2246.65923196 4.3031551e-15
v 16.62983159 2246.65923196 6.88830178
v 12.72792206 2246.65923196 12.72792206
v 6.88830178 2246.65923196 16.62983159
v 3.0200924e-15 2246.65923196 18.00000000
v -6.88830178 2246.65923196 16.62983159
v -12.72792206 2246.65923196 12.72792206
v -16.62983159 2246.65923196 6.88830178
v -18.00000000 2246.65923196 6.5075193e-15
v -16.62983159 2246.65923196 -6.88830178
v -12.72792206 2246.65923196 -12.72792206
v -6.88830178 2246.65923196 -16.62983159
v -1.3886361e-15 2246.65923196 -18.00000000
v 6.88830178 2246.65923196 -16.62983159
v 12.72792206 2246.65923196 -12.72792206
v 16.62983159 2246.65923196 -6.88830178
v 6.19611614 2305.67865129 4.1683516e-15
v 5.72446488 2305.67865129 2.37115099
v 4.38131574 2305.67865129 4.38131574
v 2.37115099 2305.67865129 5.72446488
v 1.5055560e-15 2305.67865129 6.19611614
v -2.37115099 2305.67865129 5.72446488
v -4.38131574 2305.67865129 4.38131574
v -5.72446488 2305.67865129 2.37115099
v -6.19611614 2305.67865129 4.9271570e-15
v -5.72446488 2305.67865129 -2.37115099
v -4.38131574 2305.67865129 -4.38131574
v -2.37115099 2305.67865129 -5.72446488
v -1.2054806e-17 2305.67865129 -6.19611614
v 2.37115099 2305.67865129 -5.72446488
v 4.38131574 2305.67865129 -4.38131574
v 5.72446488 2305.67865129 -2.37115099
v 4.60129779 2306.65923196 1.90591995
v 4.98040884 2306.65923196 4.2093925e-15
v 4.60129779 2306.65923196 -1.90591995
v 3.52168087 2306.65923196 -3.52168087
v 1.90591995 2306.65923196 -4.60129779
v 1.8393900e-16 2306.65923196 -4.98040884
v -1.90591995 2306.65923196 -4.60129779
v -3.52168087 2306.65923196 -3.52168087
v -4.60129779 2306.65923196 -1.90591995
v -4.98040884 2306.65923196 4.6989237e-15
v -4.60129779 2306.65923196 1.90591995
v -3.52168087 2306.65923196 3.52168087
v -1.90591995 2306.65923196 4.60129779
v 1.4659657e-15 2306.65923196 4.98040884
v 1.90591995 2306.65923196 4.60129779
v 3.52168087 2306.65923196 3.52168087
v 82.65894366 2076.27984705 -1.5172327e-14
v 76.36690623 2076.27984705 31.63220828
v 58.44869959 2076.27984705 58.44869959
v 31.63220828 2076.27984705 76.36690623
v 9.9883047e-15 2076.27984705 82.65894366
v -31.63220828 2076.27984705 76.36690623
v -58.44869959 2076.27984705 58.44869959
v -76.36690623 2076.27984705 31.63220828
v -82.65894366 2076.27984705 -5.8124827e-15
v -76.36690623 2076.27984705 -31.63220828
v -58.44869959 2076.27984705 -58.44869959
v -31.63220828 2076.27984705 -76.36690623
v -1.0497235e-14 2076.27984705 -82.65894366
v 31.63220828 2076.27984705 -76.36690623
v 58.44869959 2076.27984705 -58.44869959
v 76.36690623 2076.27984705 -31.63220828
v 77.93296247 2079.27984705 28.88494276
v 83.05445798 2079.27984705 3.13744616
v 83.05445798 2093.27984705 3.13744616
v 77.93296247 2093.27984705 28.88494276
v 60.94687990 2079.27984705 56.50986098
v 75.53166514 2079.27984705 34.68218735
v 75.53166514 2093.27984705 34.68218735
v 60.94687990 2093.27984705 56.50986098
v 34.68218735 2079.27984705 75.53166514
v 56.50986098 2079.27984705 60.94687990
v 56.50986098 2093.27984705 60.94687990
v 34.68218735 2093.27984705 75.53166514
v 3.13744616 2079.27984705 83.05445798
v 28.88494276 2079.27984705 77.93296247
v 28.88494276 2093.27984705 77.93296247
v 3.13744616 2093.27984705 83.05445798
v -28.88494276 2079.27984705 77.93296247
v -3.13744616 2079.27984705 83.05445798
v -3.13744616 2093.27984705 83.05445798
v -28.88494276 2093.27984705 77.93296247
v -56.50986098 2079.27984705 60.94687990
v -34.68218735 2079.27984705 75.53166514
v -34.68218735 2093.27984705 75.53166514
v -56.50986098 2093.27984705 60.94687990
v -75.53166514 2079.27984705 34.68218735
v -60.94687990 2079.27984705 56.50986098
v -60.94687990 2093.27984705 56.50986098
v -75.53166514 2093.27984705 34.68218735
v -83.05445798 2079.27984705 3.13744616
v -77.93296247 2079.27984705 28.88494276
v -77.93296247 2093.27984705 28.88494276
v -83.05445798 2093.27984705 3.13744616
v -77.93296247 2079.27984705 -28.88494276
v -83.05445798 2079.27984705 -3.13744616
v -83.05445798 2093.27984705 -3.13744616
v -77.93296247 2093.27984705 -28.88494276
v -60.94687990 2079.27984705 -56.50986098
v -75.53166514 2079.27984705 -34.68218735
v -75.53166514 2093.27984705 -34.68218735
v -60.94687990 2093.27984705 -56.50986098
v -34.68218735 2079.27984705 -75.53166514
v -56.50986098 2079.27984705 -60.94687990
v -56.50986098 2093.27984705 -60.94687990
v -34.68218735 2093.27984705 -75.53166514
v -3.13744616 2079.27984705 -83.05445798
v -28.88494276 2079.27984705 -77.93296247
v -28.88494276 2093.27984705 -77.93296247
v -3.13744616 2093.27984705 -83.05445798
v 28.88494276 2079.27984705 -77.93296247
v 3.13744616 2079.27984705 -83.05445798
v 3.13744616 2093.27984705 -83.05445798
v 28.88494276 2093.27984705 -77.93296247
v 56.50986098 2079.27984705 -60.94687990
v 34.68218735 2079.27984705 -75.53166514
v 34.68218735 2093.27984705 -75.53166514
v 56.50986098 2093.27984705 -60.94687990
v 75.53166514 2079.27984705 -34.68218735
v 60.94687990 2079.27984705 -56.50986098
v 60.94687990 2093.27984705 -56.50986098
v 75.53166514 2093.27984705 -34.68218735
v 83.05445798 2079.27984705 -3.13744616
v 77.93296247 2079.27984705 -28.88494276
v 77.93296247 2093.27984705 -28.88494276
v 83.05445798 2093.27984705 -3.13744616
v 78.20608892 2080.67984705 27.51184336
v 82.78133152 2080.67984705 4.51054556
v 82.78133152 2091.87984705 4.51054556
v 78.20608892 2091.87984705 27.51184336
v 61.72467823 2080.67984705 55.34580353
v 74.75386681 2080.67984705 35.84624480
v 74.75386681 2091.87984705 35.84624480
v 61.72467823 2091.87984705 55.34580353
v 35.84624480 2080.67984705 74.75386681
v 55.34580353 2080.67984705 61.72467823
v 55.34580353 2091.87984705 61.72467823
v 35.84624480 2091.87984705 74.75386681
v 4.51054556 2080.67984705 82.78133152
v 27.51184336 2080.67984705 78.20608892
v 27.51184336 2091.87984705 78.20608892
v 4.51054556 2091.87984705 82.78133152
v -27.51184336 2080.67984705 78.20608892
v -4.51054556 2080.67984705 82.78133152
v -4.51054556 2091.87984705 82.78133152
v -27.51184336 2091.87984705 78.20608892
v -55.34580353 2080.67984705 61.72467823
v -35.84624480 2080.67984705 74.75386681
v -35.84624480 2091.87984705 74.75386681
v -55.34580353 2091.87984705 61.72467823
v -74.75386681 2080.67984705 35.84624480
v -61.72467823 2080.67984705 55.34580353
v -61.72467823 2091.87984705 55.34580353
v -74.75386681 2091.87984705 35.84624480
v -82.78133152 2080.67984705 4.51054556
v -78.20608892 2080.67984705 27.51184336
v -78.20608892 2091.87984705 27.51184336
v -82.78133152 2091.87984705 4.51054556
v -78.20608892 2080.67984705 -27.51184336
v -82.78133152 2080.67984705 -4.51054556
v -82.78133152 2091.87984705 -4.51054556
v -78.20608892 2091.87984705 -27.51184336
v -61.72467823 2080.67984705 -55.34580353
v -74.75386681 2080.67984705 -35.84624480
v -74.75386681 2091.87984705 -35.84624480
v -61.72467823 2091.87984705 -55.34580353
v -35.84624480 2080.67984705 -74.75386681
v -55.34580353 2080.67984705 -61.72467823
v -55.34580353 2091.87984705 -61.72467823
v -35.84624480 2091.87984705 -74.75386681
v -4.51054556 2080.67984705 -82.78133152
v -27.51184336 2080.67984705 -78.20608892
v -27.51184336 2091.87984705 -78.20608892
v -4.51054556 2091.87984705 -82.78133152
v 27.51184336 2080.67984705 -78.20608892
v 4.51054556 2080.67984705 -82.78133152
v 4.51054556 2091.87984705 -82.78133152
v 27.51184336 2091.87984705 -78.20608892
v 55.34580353 2080.67984705 -61.72467823
v 35.84624480 2080.67984705 -74.75386681
v 35.84624480 2091.87984705 -74.75386681
v 55.34580353 2091.87984705 -61.72467823
v 74.75386681 2080.67984705 -35.84624480
v 61.72467823 2080.67984705 -55.34580353
v 61.72467823 2091.87984705 -55.34580353
v 74.75386681 2091.87984705 -35.84624480
v 82.78133152 2080.67984705 -4.51054556
v 78.20608892 2080.67984705 -27.51184336
v 78.20608892 2091.87984705 -27.51184336
v 82.78133152 2091.87984705 -4.51054556
v 141.70229413 1512.64245483 6.5255654e-15
v 130.91584925 1512.64245483 54.22712029
v 100.19865309 1512.64245483 100.19865309
v 54.22712029 1512.64245483 130.91584925
v 2.0122161e-14 1512.64245483 141.70229413
v -54.22712029 1512.64245483 130.91584925
v -100.19865309 1512.64245483 100.19865309
v -130.91584925 1512.64245483 54.22712029
v -141.70229413 1512.64245483 2.3879092e-14
v -130.91584925 1512.64245483 -54.22712029
v -100.19865309 1512.64245483 -100.19865309
v -54.22712029 1512.64245483 -130.91584925
v -1.4584891e-14 1512.64245483 -141.70229413
v 54.22712029 1512.64245483 -130.91584925
v 100.19865309 1512.64245483 -100.19865309
v 130.91584925 1512.64245483 -54.22712029
v 130.39374692 1500.00000000 7.8656334e-15
v 120.46811394 1500.00000000 49.89952663
v 92.20230267 1500.00000000 92.20230267
v 49.89952663 1500.00000000 120.46811394
v 2.0037138e-14 1500.00000000 130.39374692
v -49.89952663 1500.00000000 120.46811394
v -92.20230267 1500.00000000 92.20230267
v -120.46811394 1500.00000000 49.89952663
v -130.39374692 1500.00000000 2.3954791e-14
v -120.46811394 1500.00000000 -49.89952663
v -92.20230267 1500.00000000 -92.20230267
v -49.89952663 1500.00000000 -120.46811394
v -1.1589094e-14 1500.00000000 -130.39374692
v 49.89952663 1500.00000000 -120.46811394
v 92.20230267 1500.00000000 -92.20230267
v 120.46811394 1500.00000000 -49.89952663
v -265.28500000 500.00000000 -265.28500000
v -265.28500000 500.00000000 265.28500000
v 265.28500000 500.00000000 -265.28500000
v 265.28500000 500.00000000 265.28500000
v -265.28500000 1526.45299637 -265.28500000
v -265.28500000 1526.45299637 265.28500000
v 265.28500000 1526.45299637 -265.28500000
v 265.28500000 1526.45299637 265.28500000
v -260.28500000 1531.45299637 -260.28500000
v -260.28500000 1531.45299637 260.28500000
v 260.28500000 1531.45299637 260.28500000
v 260.28500000 1531.45299637 -260.28500000
v -247.27075000 1531.45299637 -247.27075000
v -247.27075000 1531.45299637 247.27075000
v 247.27075000 1531.45299637 247.27075000
v 247.27075000 1531.45299637 -247.27075000
v -247.27075000 1516.45299637 -247.27075000
v -247.27075000 1516.45299637 247.27075000
v 247.27075000 1516.45299637 247.27075000
v 247.27075000 1516.45299637 -247.27075000
v -265.28500000 500.00000000 -212.22800000
v -265.28500000 500.00000000 -159.17100000
v -265.28500000 500.00000000 -106.11400000
v -265.28500000 500.00000000 -53.05700000
v -265.28500000 500.00000000 -1.4210855e-14
v -265.28500000 500.00000000 53.05700000
v -265.28500000 500.00000000 106.11400000
v -265.28500000 500.00000000 159.17100000
v -265.28500000 500.00000000 212.22800000
v -212.22800000 500.00000000 -265.28500000
v -159.17100000 500.00000000 -265.28500000
v -106.11400000 500.00000000 -265.28500000
v -53.05700000 500.00000000 -265.28500000
v -1.4210855e-14 500.00000000 -265.28500000
v 53.05700000 500.00000000 -265.28500000
v 106.11400000 500.00000000 -265.28500000
v 159.17100000 500.00000000 -265.28500000
v 212.22800000 500.00000000 -265.28500000
v -212.22800000 500.00000000 265.28500000
v -159.17100000 500.00000000 265.28500000
v -106.11400000 500.00000000 265.28500000
v -53.05700000 500.00000000 265.28500000
v -1.4210855e-14 500.00000000 265.28500000
v 53.05700000 500.00000000 265.28500000
v 106.11400000 500.00000000 265.28500000
v 159.17100000 500.00000000 265.28500000
v 212.22800000 500.00000000 265.28500000
v 265.28500000 500.00000000 -212.22800000
v 265.28500000 500.00000000 -159.17100000
v 265.28500000 500.00000000 -106.11400000
v 265.28500000 500.00000000 -53.05700000
v 265.28500000 500.00000000 -1.4210855e-14
v 265.28500000 500.00000000 53.05700000
v 265.28500000 500.00000000 106.11400000
v 265.28500000 500.00000000 159.17100000
v 265.28500000 500.00000000 212.22800000
v 212.22800000 1526.45299637 -265.28500000
v 159.17100000 1526.45299637 -265.28500000
v 106.11400000 1526.45299637 -265.28500000
v 53.05700000 1526.45299637 -265.28500000
v 1.4210855e-14 1526.45299637 -265.28500000
v -53.05700000 1526.45299637 -265.28500000
v -106.11400000 1526.45299637 -265.28500000
v -159.17100000 1526.45299637 -265.28500000
v -212.22800000 1526.45299637 -265.28500000
v -212.22800000 1526.45299637 265.28500000
v -159.17100000 1526.45299637 265.28500000
v -106.11400000 1526.45299637 265.28500000
v -53.05700000 1526.45299637 265.28500000
v -1.4210855e-14 1526.45299637 265.28500000
v 53.05700000 1526.45299637 265.28500000
v 106.11400000 1526.45299637 265.28500000
v 159.17100000 1526.45299637 265.28500000
v 212.22800000 1526.45299637 265.28500000
v -265.28500000 1526.45299637 -212.22800000
v -265.28500000 1526.45299637 -159.17100000
v -265.28500000 1526.45299637 -106.11400000
v -265.28500000 1526.45299637 -53.05700000
v -265.28500000 1526.45299637 -1.4210855e-14
v -265.28500000 1526.45299637 53.05700000
v -265.28500000 1526.45299637 106.11400000
v -265.28500000 1526.45299637 159.17100000
v -265.28500000 1526.45299637 212.22800000
v 265.28500000 1526.45299637 212.22800000
v 265.28500000 1526.45299637 159.17100000
v 265.28500000 1526.45299637 106.11400000
v 265.28500000 1526.45299637 53.05700000
v 265.28500000 1526.45299637 1.4210855e-14
v 265.28500000 1526.45299637 -53.05700000
v 265.28500000 1526.45299637 -106.11400000
v 265.28500000 1526.45299637 -159.17100000
v 265.28500000 1526.45299637 -212.22800000
v -212.22800000 1492.23789649 265.28500000
v -212.22800000 1458.02279661 265.28500000
v -212.22800000 1423.80769673 265.28500000
v -212.22800000 1389.59259685 265.28500000
v -212.22800000 1355.37749698 265.28500000
v -212.22800000 1321.16239710 265.28500000
v -212.22800000 1286.94729722 265.28500000
v -212.22800000 1252.73219734 265.28500000
v -212.22800000 1218.51709746 265.28500000
v -212.22800000 1184.30199758 265.28500000
v -212.22800000 1150.08689770 265.28500000
v -212.22800000 1115.87179782 265.28500000
v -212.22800000 1081.65669794 265.28500000
v -212.22800000 1047.44159806 265.28500000
v -212.22800000 1013.22649819 265.28500000
v -212.22800000 979.01139831 265.28500000
v -212.22800000 944.79629843 265.28500000
v -212.22800000 910.58119855 265.28500000
v -212.22800000 876.36609867 265.28500000
v -212.22800000 842.15099879 265.28500000
v -212.22800000 807.93589891 265.28500000
v -212.22800000 773.72079903 265.28500000
v -212.22800000 739.50569915 265.28500000
v -212.22800000 705.29059927 265.28500000
v -212.22800000 671.07549940 265.28500000
v -212.22800000 636.86039952 265.28500000
v -212.22800000 602.64529964 265.28500000
v -212.22800000 568.43019976 265.28500000
v -212.22800000 534.21509988 265.28500000
v -159.17100000 1492.23789649 265.28500000
v -159.17100000 1458.02279661 265.28500000
v -159.17100000 1423.80769673 265.28500000
v -159.17100000 1389.59259685 265.28500000
v -159.17100000 1355.37749698 265.28500000
v -159.17100000 1321.16239710 265.28500000
v -159.17100000 1286.94729722 265.28500000
v -159.17100000 1252.73219734 265.28500000
v -159.17100000 1218.51709746 265.28500000
v -159.17100000 1184.30199758 265.28500000
v -159.17100000 1150.08689770 265.28500000
v -159.17100000 1115.87179782 265.28500000
v -159.17100000 1081.65669794 265.28500000
v -159.17100000 1047.44159806 265.28500000
v -159.17100000 1013.22649819 265.28500000
v -159.17100000 979.01139831 265.28500000
v -159.17100000 944.79629843 265.28500000
v -159.17100000 910.58119855 265.28500000
v -159.17100000 876.36609867 265.28500000
v -159.17100000 842.15099879 265.28500000
v -159.17100000 807.93589891 265.28500000
v -159.17100000 773.72079903 265.28500000
v -159.17100000 739.50569915 265.28500000
v -159.17100000 705.29059927 265.28500000
v -159.17100000 671.07549940 265.28500000
v -159.17100000 636.86039952 265.28500000
v -159.17100000 602.64529964 265.28500000
v -159.17100000 568.43019976 265.28500000
v -159.17100000 534.21509988 265.28500000
v -106.11400000 1492.23789649 265.28500000
v -106.11400000 1458.02279661 265.28500000
v -106.11400000 1423.80769673 265.28500000
v -106.11400000 1389.59259685 265.28500000
v -106.11400000 1355.37749698 265.28500000
v -106.11400000 1321.16239710 265.28500000
v -106.11400000 1286.94729722 265.28500000
v -106.11400000 1252.73219734 265.28500000
v -106.11400000 1218.51709746 265.28500000
v -106.11400000 1184.30199758 265.28500000
v -106.11400000 1150.08689770 265.28500000
v -106.11400000 1115.87179782 265.28500000
v -106.11400000 1081.65669794 265.28500000
v -106.11400000 1047.44159806 265.28500000
v -106.11400000 1013.22649819 265.28500000
v -106.11400000 979.01139831 265.28500000
v -106.11400000 944.79629843 265.28500000
v -106.11400000 910.58119855 265.28500000
v -106.11400000 876.36609867 265.28500000
v -106.11400000 842.15099879 265.28500000
v -106.11400000 807.93589891 265.28500000
v -106.11400000 773.72079903 265.28500000
v -106.11400000 739.50569915 265.28500000
v -106.11400000 705.29059927 265.28500000
v -106.11400000 671.07549940 265.28500000
v -106.11400000 636.86039952 265.28500000
v -106.11400000 602.64529964 265.28500000
v -106.11400000 568.43019976 265.28500000
v -106.11400000 534.21509988 265.28500000
v -53.05700000 1492.23789649 265.28500000
v -53.05700000 1458.02279661 265.28500000
v -53.05700000 1423.80769673 265.28500000
v -53.05700000 1389.59259685 265.28500000
v -53.05700000 1355.37749698 265.28500000
v -53.05700000 1321.16239710 265.28500000
v -53.05700000 1286.94729722 265.28500000
v -53.05700000 1252.73219734 265.28500000
v -53.05700000 1218.51709746 265.28500000
v -53.05700000 1184.30199758 265.28500000
v -53.05700000 1150.08689770 265.28500000
v -53.05700000 1115.87179782 265.28500000
v -53.05700000 1081.65669794 265.28500000
v -53.05700000 1047.44159806 265.28500000
v -53.05700000 1013.22649819 265.28500000
v -53.05700000 979.01139831 265.28500000
v -53.05700000 944.79629843 265.28500000
v -53.05700000 910.58119855 265.28500000
v -53.05700000 876.36609867 265.28500000
v -53.05700000 842.15099879 265.28500000
v -53.05700000 807.93589891 265.28500000
v -53.05700000 773.72079903 265.28500000
v -53.05700000 739.50569915 265.28500000
v -53.05700000 705.29059927 265.28500000
v -53.05700000 671.07549940 265.28500000
v -53.05700000 636.86039952 265.28500000
v -53.05700000 602.64529964 265.28500000
v -53.05700000 568.43019976 265.28500000
v -53.05700000 534.21509988 265.28500000
v -1.4210855e-14 1492.23789649 265.28500000
v -1.4210855e-14 1458.02279661 265.28500000
v -1.4210855e-14 1423.80769673 265.28500000
v -1.4210855e-14 1389.59259685 265.28500000
v -1.4210855e-14 1355.37749698 265.28500000
v -1.4210855e-14 1321.16239710 265.28500000
v -1.4210855e-14 1286.94729722 265.28500000
v -1.4210855e-14 1252.73219734 265.28500000
v -1.4210855e-14 1218.51709746 265.28500000
v -1.4210855e-14 1184.30199758 265.28500000
v -1.4210855e-14 1150.08689770 265.28500000
v -1.4210855e-14 1115.87179782 265.28500000
v -1.4210855e-14 1081.65669794 265.28500000
v -1.4210855e-14 1047.44159806 265.28500000
v -1.4210855e-14 1013.22649819 265.28500000
v -1.4210855e-14 979.01139831 265.28500000
v -1.4210855e-14 944.79629843 265.28500000
v -1.4210855e-14 910.58119855 265.28500000
v -1.4210855e-14 876.36609867 265.28500000
v -1.4210855e-14 842.15099879 265.28500000
v -1.4210855e-14 807.93589891 265.28500000
v -1.4210855e-14 773.72079903 265.28500000
v -1.4210855e-14 739.50569915 265.28500000
v -1.4210855e-14 705.29059927 265.28500000
v -1.4210855e-14 671.07549940 265.28500000
v -1.4210855e-14 636.86039952 265.28500000
v -1.4210855e-14 602.64529964 265.28500000
v -1.4210855e-14 568.43019976 265.28500000
v -1.4210855e-14 534.21509988 265.28500000
v 53.05700000 1492.23789649 265.28500000
v 53.05700000 1458.02279661 265.28500000
v 53.05700000 1423.80769673 265.28500000
v 53.05700000 1389.59259685 265.28500000
v 53.05700000 1355.37749698 265.28500000
v 53.05700000 1321.16239710 265.28500000
v 53.05700000 1286.94729722 265.28500000
v 53.05700000 1252.73219734 265.28500000
v 53.05700000 1218.51709746 265.28500000
v 53.05700000 1184.30199758 265.28500000
v 53.05700000 1150.08689770 265.28500000
v 53.05700000 1115.87179782 265.28500000
v 53.05700000 1081.65669794 265.28500000
v 53.05700000 1047.44159806 265.28500000
v 53.05700000 1013.22649819 265.28500000
v 53.05700000 979.01139831 265.28500000
v 53.05700000 944.79629843 265.28500000
v 53.05700000 910.58119855 265.28500000
v 53.05700000 876.36609867 265.28500000
v 53.05700000 842.15099879 265.28500000
v 53.05700000 807.93589891 265.28500000
v 53.05700000 773.72079903 265.28500000
v 53.05700000 739.50569915 265.28500000
v 53.05700000 705.29059927 265.28500000
v 53.05700000 671.07549940 265.28500000
v 53.05700000 636.86039952 265.28500000
v 53.05700000 602.64529964 265.28500000
v 53.05700000 568.43019976 265.28500000
v 53.05700000 534.21509988 265.28500000
v 106.11400000 1492.23789649 265.28500000
v 106.11400000 1458.02279661 265.28500000
v 106.11400000 1423.80769673 265.28500000
v 106.11400000 1389.59259685 265.28500000
v 106.11400000 1355.37749698 265.28500000
v 106.11400000 1321.16239710 265.28500000
v 106.11400000 1286.94729722 265.28500000
v 106.11400000 1252.73219734 265.28500000
v 106.11400000 1218.51709746 265.28500000
v 106.11400000 1184.30199758 265.28500000
v 106.11400000 1150.08689770 265.28500000
v 106.11400000 1115.87179782 265.28500000
v 106.11400000 1081.65669794 265.28500000
v 106.11400000 1047.44159806 265.28500000
v 106.11400000 1013.22649819 265.28500000
v 106.11400000 979.01139831 265.28500000
v 106.11400000 944.79629843 265.28500000
v 106.11400000 910.58119855 265.28500000
v 106.11400000 876.36609867 265.28500000
v 106.11400000 842.15099879 265.28500000
v 106.11400000 807.93589891 265.28500000
v 106.11400000 773.72079903 265.28500000
v 106.11400000 739.50569915 265.28500000
v 106.11400000 705.29059927 265.28500000
v 106.11400000 671.07549940 265.28500000
v 106.11400000 636.86039952 265.28500000
v 106.11400000 602.64529964 265.28500000
v 106.11400000 568.43019976 265.28500000
v 106.11400000 534.21509988 265.28500000
v 159.17100000 1492.23789649 265.28500000
v 159.17100000 1458.02279661 265.28500000
v 159.17100000 1423.80769673 265.28500000
v 159.17100000 1389.59259685 265.28500000
v 159.17100000 1355.37749698 265.28500000
v 159.17100000 1321.16239710 265.28500000
v 159.17100000 1286.94729722 265.28500000
v 159.17100000 1252.73219734 265.28500000
v 159.17100000 1218.51709746 265.28500000
v 159.17100000 1184.30199758 265.28500000
v 159.17100000 1150.08689770 265.28500000
v 159.17100000 1115.87179782 265.28500000
v 159.17100000 1081.65669794 265.28500000
v 159.17100000 1047.44159806 265.28500000
v 159.17100000 1013.22649819 265.28500000
v 159.17100000 979.01139831 265.28500000
v 159.17100000 944.79629843 265.28500000
v 159.17100000 910.58119855 265.28500000
v 159.17100000 876.36609867 265.28500000
v 159.17100000 842.15099879 265.28500000
v 159.17100000 807.93589891 265.28500000
v 159.17100000 773.72079903 265.28500000
v 159.17100000 739.50569915 265.28500000
v 159.17100000 705.29059927 265.28500000
v 159.17100000 671.07549940 265.28500000
v 159.17100000 636.86039952 265.28500000
v 159.17100000 602.64529964 265.28500000
v 159.17100000 568.43019976 265.28500000
v 159.17100000 534.21509988 265.28500000
v 212.22800000 1492.23789649 265.28500000
v 212.22800000 1458.02279661 265.28500000
v 212.22800000 1423.80769673 265.28500000
v 212.22800000 1389.59259685 265.28500000
v 212.22800000 1355.37749698 265.28500000
v 212.22800000 1321.16239710 265.28500000
v 212.22800000 1286.94729722 265.28500000
v 212.22800000 1252.73219734 265.28500000
v 212.22800000 1218.51709746 265.28500000
v 212.22800000 1184.30199758 265.28500000
v 212.22800000 1150.08689770 265.28500000
v 212.22800000 1115.87179782 265.28500000
v 212.22800000 1081.65669794 265.28500000
v 212.22800000 1047.44159806 265.28500000
v 212.22800000 1013.22649819 265.28500000
v 212.22800000 979.01139831 265.28500000
v 212.22800000 944.79629843 265.28500000
v 212.22800000 910.58119855 265.28500000
v 212.22800000 876.36609867 265.28500000
v 212.22800000 842.15099879 265.28500000
v 212.22800000 807.93589891 265.28500000
v 212.22800000 773.72079903 265.28500000
v 212.22800000 739.50569915 265.28500000
v 212.22800000 705.29059927 265.28500000
v 212.22800000 671.07549940 265.28500000
v 212.22800000 636.86039952 265.28500000
v 212.22800000 602.64529964 265.28500000
v 212.22800000 568.43019976 265.28500000
v 212.22800000 534.21509988 265.28500000
v -212.22800000 534.21509988 -265.28500000
v -212.22800000 568.43019976 -265.28500000
v -212.22800000 602.64529964 -265.28500000
v -212.22800000 636.86039952 -265.28500000
v -212.22800000 671.07549940 -265.28500000
v -212.22800000 705.29059927 -265.28500000
v -212.22800000 739.50569915 -265.28500000
v -212.22800000 773.72079903 -265.28500000
v -212.22800000 807.93589891 -265.28500000
v -212.22800000 842.15099879 -265.28500000
v -212.22800000 876.36609867 -265.28500000
v -212.22800000 910.58119855 -265.28500000
v -212.22800000 944.79629843 -265.28500000
v -212.22800000 979.01139831 -265.28500000
v -212.22800000 1013.22649819 -265.28500000
v -212.22800000 1047.44159806 -265.28500000
v -212.22800000 1081.65669794 -265.28500000
v -212.22800000 1115.87179782 -265.28500000
v -212.22800000 1150.08689770 -265.28500000
v -212.22800000 1184.30199758 -265.28500000
v -212.22800000 1218.51709746 -265.28500000
v -212.22800000 1252.73219734 -265.28500000
v -212.22800000 1286.94729722 -265.28500000
v -212.22800000 1321.16239710 -265.28500000
v -212.22800000 1355.37749698 -265.28500000
v -212.22800000 1389.59259685 -265.28500000
v -212.22800000 1423.80769673 -265.28500000
v -212.22800000 1458.02279661 -265.28500000
v -212.22800000 1492.23789649 -265.28500000
v -159.17100000 534.21509988 -265.28500000
v -159.17100000 568.43019976 -265.28500000
v -159.17100000 602.64529964 -265.28500000
v -159.17100000 636.86039952 -265.28500000
v -159.17100000 671.07549940 -265.28500000
v -159.17100000 705.29059927 -265.28500000
v -159.17100000 739.50569915 -265.28500000
v -159.17100000 773.72079903 -265.28500000
v -159.17100000 807.93589891 -265.28500000
v -159.17100000 842.15099879 -265.28500000
v -159.17100000 876.36609867 -265.28500000
v -159.17100000 910.58119855 -265.28500000
v -159.17100000 944.79629843 -265.28500000
v -159.17100000 979.01139831 -265.28500000
v -159.17100000 1013.22649819 -265.28500000
v -159.17100000 1047.44159806 -265.28500000
v -159.17100000 1081.65669794 -265.28500000
v -159.17100000 1115.87179782 -265.28500000
v -159.17100000 1150.08689770 -265.28500000
v -159.17100000 1184.30199758 -265.28500000
v -159.17100000 1218.51709746 -265.28500000
v -159.17100000 1252.73219734 -265.28500000
v -159.17100000 1286.94729722 -265.28500000
v -159.17100000 1321.16239710 -265.28500000
v -159.17100000 1355.37749698 -265.28500000
v -159.17100000 1389.59259685 -265.28500000
v -159.17100000 1423.80769673 -265.28500000
v -159.17100000 1458.02279661 -265.28500000
v -159.17100000 1492.23789649 -265.28500000
v -106.11400000 534.21509988 -265.28500000
v -106.11400000 568.43019976 -265.28500000
v -106.11400000 602.64529964 -265.28500000
v -106.11400000 636.86039952 -265.28500000
v -106.11400000 671.07549940 -265.28500000
v -106.11400000 705.29059927 -265.28500000
v -106.11400000 739.50569915 -265.28500000
v -106.11400000 773.72079903 -265.28500000
v -106.11400000 807.93589891 -265.28500000
v -106.11400000 842.15099879 -265.28500000
v -106.11400000 876.36609867 -265.28500000
v -106.11400000 910.58119855 -265.28500000
v -106.11400000 944.79629843 -265.28500000
v -106.11400000 979.01139831 -265.28500000
v -106.11400000 1013.22649819 -265.28500000
v -106.11400000 1047.44159806 -265.28500000
v -106.11400000 1081.65669794 -265.28500000
v -106.11400000 1115.87179782 -265.28500000
v -106.11400000 1150.08689770 -265.28500000
v -106.11400000 1184.30199758 -265.28500000
v -106.11400000 1218.51709746 -265.28500000
v -106.11400000 1252.73219734 -265.28500000
v -106.11400000 1286.94729722 -265.28500000
v -106.11400000 1321.16239710 -265.28500000
v -106.11400000 1355.37749698 -265.28500000
v -106.11400000 1389.59259685 -265.28500000
v -106.11400000 1423.80769673 -265.28500000
v -106.11400000 1458.02279661 -265.28500000
v -106.11400000 1492.23789649 -265.28500000
v -53.05700000 534.21509988 -265.28500000
v -53.05700000 568.43019976 -265.28500000
v -53.05700000 602.64529964 -265.28500000
v -53.05700000 636.86039952 -265.28500000
v -53.05700000 671.07549940 -265.28500000
v -53.05700000 705.29059927 -265.28500000
v -53.05700000 739.50569915 -265.28500000
v -53.05700000 773.72079903 -265.28500000
v -53.05700000 807.93589891 -265.28500000
v -53.05700000 842.15099879 -265.28500000
v -53.05700000 876.36609867 -265.28500000
v -53.05700000 910.58119855 -265.28500000
v -53.05700000 944.79629843 -265.28500000
v -53.05700000 979.01139831 -265.28500000
v -53.05700000 1013.22649819 -265.28500000
v -53.05700000 1047.44159806 -265.28500000
v -53.05700000 1081.65669794 -265.28500000
v -53.05700000 1115.87179782 -265.28500000
v -53.05700000 1150.08689770 -265.28500000
v -53.05700000 1184.30199758 -265.28500000
v -53.05700000 1218.51709746 -265.28500000
v -53.05700000 1252.73219734 -265.28500000
v -53.05700000 1286.94729722 -265.28500000
v -53.05700000 1321.16239710 -265.28500000
v -53.05700000 1355.37749698 -265.28500000
v -53.05700000 1389.59259685 -265.28500000
v -53.05700000 1423.80769673 -265.28500000
v -53.05700000 1458.02279661 -265.28500000
v -53.05700000 1492.23789649 -265.28500000
v -1.3263464e-14 534.21509988 -265.28500000
v -1.2316074e-14 568.43019976 -265.28500000
v -1.1368684e-14 602.64529964 -265.28500000
v -1.0421293e-14 636.86039952 -265.28500000
v -9.4739031e-15 671.07549940 -265.28500000
v -8.5265128e-15 705.29059927 -265.28500000
v -7.5791225e-15 739.50569915 -265.28500000
v -6.6317322e-15 773.72079903 -265.28500000
v -5.6843419e-15 807.93589891 -265.28500000
v -4.7369516e-15 842.15099879 -265.28500000
v -3.7895613e-15 876.36609867 -265.28500000
v -2.8421709e-15 910.58119855 -265.28500000
v -1.8947806e-15 944.79629843 -265.28500000
v -9.4739031e-16 979.01139831 -265.28500000
v -2.7610132e-30 1013.22649819 -265.28500000
v 9.4739031e-16 1047.44159806 -265.28500000
v 1.8947806e-15 1081.65669794 -265.28500000
v 2.8421709e-15 1115.87179782 -265.28500000
v 3.7895613e-15 1150.08689770 -265.28500000
v 4.7369516e-15 1184.30199758 -265.28500000
v 5.6843419e-15 1218.51709746 -265.28500000
v 6.6317322e-15 1252.73219734 -265.28500000
v 7.5791225e-15 1286.94729722 -265.28500000
v 8.5265128e-15 1321.16239710 -265.28500000
v 9.4739031e-15 1355.37749698 -265.28500000
v 1.0421293e-14 1389.59259685 -265.28500000
v 1.1368684e-14 1423.80769673 -265.28500000
v 1.2316074e-14 1458.02279661 -265.28500000
v 1.3263464e-14 1492.23789649 -265.28500000
v 53.05700000 534.21509988 -265.28500000
v 53.05700000 568.43019976 -265.28500000
v 53.05700000 602.64529964 -265.28500000
v 53.05700000 636.86039952 -265.28500000
v 53.05700000 671.07549940 -265.28500000
v 53.05700000 705.29059927 -265.28500000
v 53.05700000 739.50569915 -265.28500000
v 53.05700000 773.72079903 -265.28500000
v 53.05700000 807.93589891 -265.28500000
v 53.05700000 842.15099879 -265.28500000
v 53.05700000 876.36609867 -265.28500000
v 53.05700000 910.58119855 -265.28500000
v 53.05700000 944.79629843 -265.28500000
v 53.05700000 979.01139831 -265.28500000
v 53.05700000 1013.22649819 -265.28500000
v 53.05700000 1047.44159806 -265.28500000
v 53.05700000 1081.65669794 -265.28500000
v 53.05700000 1115.87179782 -265.28500000
v 53.05700000 1150.08689770 -265.28500000
v 53.05700000 1184.30199758 -265.28500000
v 53.05700000 1218.51709746 -265.28500000
v 53.05700000 1252.73219734 -265.28500000
v 53.05700000 1286.94729722 -265.28500000
v 53.05700000 1321.16239710 -265.28500000
v 53.05700000 1355.37749698 -265.28500000
v 53.05700000 1389.59259685 -265.28500000
v 53.05700000 1423.80769673 -265.28500000
v 53.05700000 1458.02279661 -265.28500000
v 53.05700000 1492.23789649 -265.28500000
v 106.11400000 534.21509988 -265.28500000
v 106.11400000 568.43019976 -265.28500000
v 106.11400000 602.64529964 -265.28500000
v 106.11400000 636.86039952 -265.28500000
v 106.11400000 671.07549940 -265.28500000
v 106.11400000 705.29059927 -265.28500000
v 106.11400000 739.50569915 -265.28500000
v 106.11400000 773.72079903 -265.28500000
v 106.11400000 807.93589891 -265.28500000
v 106.11400000 842.15099879 -265.28500000
v 106.11400000 876.36609867 -265.28500000
v 106.11400000 910.58119855 -265.28500000
v 106.11400000 944.79629843 -265.28500000
v 106.11400000 979.01139831 -265.28500000
v 106.11400000 1013.22649819 -265.28500000
v 106.11400000 1047.44159806 -265.28500000
v 106.11400000 1081.65669794 -265.28500000
v 106.11400000 1115.87179782 -265.28500000
v 106.11400000 1150.08689770 -265.28500000
v 106.11400000 1184.30199758 -265.28500000
v 106.11400000 1218.51709746 -265.28500000
v 106.11400000 1252.73219734 -265.28500000
v 106.11400000 1286.94729722 -265.28500000
v 106.11400000 1321.16239710 -265.28500000
v 106.11400000 1355.37749698 -265.28500000
v 106.11400000 1389.59259685 -265.28500000
v 106.11400000 1423.80769673 -265.28500000
v 106.11400000 1458.02279661 -265.28500000
v 106.11400000 1492.23789649 -265.28500000
v 159.17100000 534.21509988 -265.28500000
v 159.17100000 568.43019976 -265.28500000
v 159.17100000 602.64529964 -265.28500000
v 159.17100000 636.86039952 -265.28500000
v 159.17100000 671.07549940 -265.28500000
v 159.17100000 705.29059927 -265.28500000
v 159.17100000 739.50569915 -265.28500000
v 159.17100000 773.72079903 -265.28500000
v 159.17100000 807.93589891 -265.28500000
v 159.17100000 842.15099879 -265.28500000
v 159.17100000 876.36609867 -265.28500000
v 159.17100000 910.58119855 -265.28500000
v 159.17100000 944.79629843 -265.28500000
v 159.17100000 979.01139831 -265.28500000
v 159.17100000 1013.22649819 -265.28500000
v 159.17100000 1047.44159806 -265.28500000
v 159.17100000 1081.65669794 -265.28500000
v 159.17100000 1115.87179782 -265.28500000
v 159.17100000 1150.08689770 -265.28500000
v 159.17100000 1184.30199758 -265.28500000
v 159.17100000 1218.51709746 -265.28500000
v 159.17100000 1252.73219734 -265.28500000
v 159.17100000 1286.94729722 -265.28500000
v 159.17100000 1321.16239710 -265.28500000
v 159.17100000 1355.37749698 -265.28500000
v 159.17100000 1389.59259685 -265.28500000
v 159.17100000 1423.80769673 -265.28500000
v 159.17100000 1458.02279661 -265.28500000
v 159.17100000 1492.23789649 -265.28500000
v 212.22800000 534.21509988 -265.28500000
v 212.22800000 568.43019976 -265.28500000
v 212.22800000 602.64529964 -265.28500000
v 212.22800000 636.86039952 -265.28500000
v 212.22800000 671.07549940 -265.28500000
v 212.22800000 705.29059927 -265.28500000
v 212.22800000 739.50569915 -265.28500000
v 212.22800000 773.72079903 -265.28500000
v 212.22800000 807.93589891 -265.28500000
v 212.22800000 842.15099879 -265.28500000
v 212.22800000 876.36609867 -265.28500000
v 212.22800000 910.58119855 -265.28500000
v 212.22800000 944.79629843 -265.28500000
v 212.22800000 979.01139831 -265.28500000
v 212.22800000 1013.22649819 -265.28500000
v 212.22800000 1047.44159806 -265.28500000
v 212.22800000 1081.65669794 -265.28500000
v 212.22800000 1115.87179782 -265.28500000
v 212.22800000 1150.08689770 -265.28500000
v 212.22800000 1184.30199758 -265.28500000
v 212.22800000 1218.51709746 -265.28500000
v 212.22800000 1252.73219734 -265.28500000
v 212.22800000 1286.94729722 -265.28500000
v 212.22800000 1321.16239710 -265.28500000
v 212.22800000 1355.37749698 -265.28500000
v 212.22800000 1389.59259685 -265.28500000
v 212.22800000 1423.80769673 -265.28500000
v 212.22800000 1458.02279661 -265.28500000
v 212.22800000 1492.23789649 -265.28500000
v 265.28500000 534.21509988 -212.22800000
v 265.28500000 568.43019976 -212.22800000
v 265.28500000 602.64529964 -212.22800000
v 265.28500000 636.86039952 -212.22800000
v 265.28500000 671.07549940 -212.22800000
v 265.28500000 705.29059927 -212.22800000
v 265.28500000 739.50569915 -212.22800000
v 265.28500000 773.72079903 -212.22800000
v 265.28500000 807.93589891 -212.22800000
v 265.28500000 842.15099879 -212.22800000
v 265.28500000 876.36609867 -212.22800000
v 265.28500000 910.58119855 -212.22800000
v 265.28500000 944.79629843 -212.22800000
v 265.28500000 979.01139831 -212.22800000
v 265.28500000 1013.22649819 -212.22800000
v 265.28500000 1047.44159806 -212.22800000
v 265.28500000 1081.65669794 -212.22800000
v 265.28500000 1115.87179782 -212.22800000
v 265.28500000 1150.08689770 -212.22800000
v 265.28500000 1184.30199758 -212.22800000
v 265.28500000 1218.51709746 -212.22800000
v 265.28500000 1252.73219734 -212.22800000
v 265.28500000 1286.94729722 -212.22800000
v 265.28500000 1321.16239710 -212.22800000
v 265.28500000 1355.37749698 -212.22800000
v 265.28500000 1389.59259685 -212.22800000
v 265.28500000 1423.80769673 -212.22800000
v 265.28500000 1458.02279661 -212.22800000
v 265.28500000 1492.23789649 -212.22800000
v 265.28500000 534.21509988 -159.17100000
v 265.28500000 568.43019976 -159.17100000
v 265.28500000 602.64529964 -159.17100000
v 265.28500000 636.86039952 -159.17100000
v 265.28500000 671.07549940 -159.17100000
v 265.28500000 705.29059927 -159.17100000
v 265.28500000 739.50569915 -159.17100000
v 265.28500000 773.72079903 -159.17100000
v 265.28500000 807.93589891 -159.17100000
v 265.28500000 842.15099879 -159.17100000
v 265.28500000 876.36609867 -159.17100000
v 265.28500000 910.58119855 -159.17100000
v 265.28500000 944.79629843 -159.17100000
v 265.28500000 979.01139831 -159.17100000
v 265.28500000 1013.22649819 -159.17100000
v 265.28500000 1047.44159806 -159.17100000
v 265.28500000 1081.65669794 -159.17100000
v 265.28500000 1115.87179782 -159.17100000
v 265.28500000 1150.08689770 -159.17100000
v 265.28500000 1184.30199758 -159.17100000
v 265.28500000 1218.51709746 -159.17100000
v 265.28500000 1252.73219734 -159.17100000
v 265.28500000 1286.94729722 -159.17100000
v 265.28500000 1321.16239710 -159.17100000
v 265.28500000 1355.37749698 -159.17100000
v 265.28500000 1389.59259685 -159.17100000
v 265.28500000 1423.80769673 -159.17100000
v 265.28500000 1458.02279661 -159.17100000
v 265.28500000 1492.23789649 -159.17100000
v 265.28500000 534.21509988 -106.11400000
v 265.28500000 568.43019976 -106.11400000
v 265.28500000 602.64529964 -106.11400000
v 265.28500000 636.86039952 -106.11400000
v 265.28500000 671.07549940 -106.11400000
v 265.28500000 705.29059927 -106.11400000
v 265.28500000 739.50569915 -106.11400000
v 265.28500000 773.72079903 -106.11400000
v 265.28500000 807.93589891 -106.11400000
v 265.28500000 842.15099879 -106.11400000
v 265.28500000 876.36609867 -106.11400000
v 265.28500000 910.58119855 -106.11400000
v 265.28500000 944.79629843 -106.11400000
v 265.28500000 979.01139831 -106.11400000
v 265.28500000 1013.22649819 -106.11400000
v 265.28500000 1047.44159806 -106.11400000
v 265.28500000 1081.65669794 -106.11400000
v 265.28500000 1115.87179782 -106.11400000
v 265.28500000 1150.08689770 -106.11400000
v 265.28500000 1184.30199758 -106.11400000
v 265.28500000 1218.51709746 -106.11400000
v 265.28500000 1252.73219734 -106.11400000
v 265.28500000 1286.94729722 -106.11400000
v 265.28500000 1321.16239710 -106.11400000
v 265.28500000 1355.37749698 -106.11400000
v 265.28500000 1389.59259685 -106.11400000
v 265.28500000 1423.80769673 -106.11400000
v 265.28500000 1458.02279661 -106.11400000
v 265.28500000 1492.23789649 -106.11400000
v 265.28500000 534.21509988 -53.05700000
v 265.28500000 568.43019976 -53.05700000
v 265.28500000 602.64529964 -53.05700000
v 265.28500000 636.86039952 -53.05700000
v 265.28500000 671.07549940 -53.05700000
v 265.28500000 705.29059927 -53.05700000
v 265.28500000 739.50569915 -53.05700000
v 265.28500000 773.72079903 -53.05700000
v 265.28500000 807.93589891 -53.05700000
v 265.28500000 842.15099879 -53.05700000
v 265.28500000 876.36609867 -53.05700000
v 265.28500000 910.58119855 -53.05700000
v 265.28500000 944.79629843 -53.05700000
v 265.28500000 979.01139831 -53.05700000
v 265.28500000 1013.22649819 -53.05700000
v 265.28500000 1047.44159806 -53.05700000
v 265.28500000 1081.65669794 -53.05700000
v 265.28500000 1115.87179782 -53.05700000
v 265.28500000 1150.08689770 -53.05700000
v 265.28500000 1184.30199758 -53.05700000
v 265.28500000 1218.51709746 -53.05700000
v 265.28500000 1252.73219734 -53.05700000
v 265.28500000 1286.94729722 -53.05700000
v 265.28500000 1321.16239710 -53.05700000
v 265.28500000 1355.37749698 -53.05700000
v 265.28500000 1389.59259685 -53.05700000
v 265.28500000 1423.80769673 -53.05700000
v 265.28500000 1458.02279661 -53.05700000
v 265.28500000 1492.23789649 -53.05700000
v 265.28500000 534.21509988 -1.3263464e-14
v 265.28500000 568.43019976 -1.2316074e-14
v 265.28500000 602.64529964 -1.1368684e-14
v 265.28500000 636.86039952 -1.0421293e-14
v 265.28500000 671.07549940 -9.4739031e-15
v 265.28500000 705.29059927 -8.5265128e-15
v 265.28500000 739.50569915 -7.5791225e-15
v 265.28500000 773.72079903 -6.6317322e-15
v 265.28500000 807.93589891 -5.6843419e-15
v 265.28500000 842.15099879 -4.7369516e-15
v 265.28500000 876.36609867 -3.7895613e-15
v 265.28500000 910.58119855 -2.8421709e-15
v 265.28500000 944.79629843 -1.8947806e-15
v 265.28500000 979.01139831 -9.4739031e-16
v 265.28500000 1013.22649819 -2.7610132e-30
v 265.28500000 1047.44159806 9.4739031e-16
v 265.28500000 1081.65669794 1.8947806e-15
v 265.28500000 1115.87179782 2.8421709e-15
v 265.28500000 1150.08689770 3.7895613e-15
v 265.28500000 1184.30199758 4.7369516e-15
v 265.28500000 1218.51709746 5.6843419e-15
v 265.28500000 1252.73219734 6.6317322e-15
v 265.28500000 1286.94729722 7.5791225e-15
v 265.28500000 1321.16239710 8.5265128e-15
v 265.28500000 1355.37749698 9.4739031e-15
v 265.28500000 1389.59259685 1.0421293e-14
v 265.28500000 1423.80769673 1.1368684e-14
v 265.28500000 1458.02279661 1.2316074e-14
v 265.28500000 1492.23789649 1.3263464e-14
v 265.28500000 534.21509988 53.05700000
v 265.28500000 568.43019976 53.05700000
v 265.28500000 602.64529964 53.05700000
v 265.28500000 636.86039952 53.05700000
v 265.28500000 671.07549940 53.05700000
v 265.28500000 705.29059927 53.05700000
v 265.28500000 739.50569915 53.05700000
v 265.28500000 773.72079903 53.05700000
v 265.28500000 807.93589891 53.05700000
v 265.28500000 842.15099879 53.05700000
v 265.28500000 876.36609867 53.05700000
v 265.28500000 910.58119855 53.05700000
v 265.28500000 944.79629843 53.05700000
v 265.28500000 979.01139831 53.05700000
v 265.28500000 1013.22649819 53.05700000
v 265.28500000 1047.44159806 53.05700000
v 265.28500000 1081.65669794 53.05700000
v 265.28500000 1115.87179782 53.05700000
v 265.28500000 1150.08689770 53.05700000
v 265.28500000 1184.30199758 53.05700000
v 265.28500000 1218.51709746 53.05700000
v 265.28500000 1252.73219734 53.05700000
v 265.28500000 1286.94729722 53.05700000
v 265.28500000 1321.16239710 53.05700000
v 265.28500000 1355.37749698 53.05700000
v 265.28500000 1389.59259685 53.05700000
v 265.28500000 1423.80769673 53.05700000
v 265.28500000 1458.02279661 53.05700000
v 265.28500000 1492.23789649 53.05700000
v 265.28500000 534.21509988 106.11400000
v 265.28500000 568.43019976 106.11400000
v 265.28500000 602.64529964 106.11400000
v 265.28500000 636.86039952 106.11400000
v 265.28500000 671.07549940 106.11400000
v 265.28500000 705.29059927 106.11400000
v 265.28500000 739.50569915 106.11400000
v 265.28500000 773.72079903 106.11400000
v 265.28500000 807.93589891 106.11400000
v 265.28500000 842.15099879 106.11400000
v 265.28500000 876.36609867 106.11400000
v 265.28500000 910.58119855 106.11400000
v 265.28500000 944.79629843 106.11400000
v 265.28500000 979.01139831 106.11400000
v 265.28500000 1013.22649819 106.11400000
v 265.28500000 1047.44159806 106.11400000
v 265.28500000 1081.65669794 106.11400000
v 265.28500000 1115.87179782 106.11400000
v 265.28500000 1150.08689770 106.11400000
v 265.28500000 1184.30199758 106.11400000
v 265.28500000 1218.51709746 106.11400000
v 265.28500000 1252.73219734 106.11400000
v 265.28500000 1286.94729722 106.11400000
v 265.28500000 1321.16239710 106.11400000
v 265.28500000 1355.37749698 106.11400000
v 265.28500000 1389.59259685 106.11400000
v 265.28500000 1423.80769673 106.11400000
v 265.28500000 1458.02279661 106.11400000
v 265.28500000 1492.23789649 106.11400000
v 265.28500000 534.21509988 159.17100000
v 265.28500000 568.43019976 159.17100000
v 265.28500000 602.64529964 159.17100000
v 265.28500000 636.86039952 159.17100000
v 265.28500000 671.07549940 159.17100000
v 265.28500000 705.29059927 159.17100000
v 265.28500000 739.50569915 159.17100000
v 265.28500000 773.72079903 159.17100000
v 265.28500000 807.93589891 159.17100000
v 265.28500000 842.15099879 159.17100000
v 265.28500000 876.36609867 159.17100000
v 265.28500000 910.58119855 159.17100000
v 265.28500000 944.79629843 159.17100000
v 265.28500000 979.01139831 159.17100000
v 265.28500000 1013.22649819 159.17100000
v 265.28500000 1047.44159806 159.17100000
v 265.28500000 1081.65669794 159.17100000
v 265.28500000 1115.87179782 159.17100000
v 265.28500000 1150.08689770 159.17100000
v 265.28500000 1184.30199758 159.17100000
v 265.28500000 1218.51709746 159.17100000
v 265.28500000 1252.73219734 159.17100000
v 265.28500000 1286.94729722 159.17100000
v 265.28500000 1321.16239710 159.17100000
v 265.28500000 1355.37749698 159.17100000
v 265.28500000 1389.59259685 159.17100000
v 265.28500000 1423.80769673 159.17100000
v 265.28500000 1458.02279661 159.17100000
v 265.28500000 1492.23789649 159.17100000
v 265.28500000 534.21509988 212.22800000
v 265.28500000 568.43019976 212.22800000
v 265.28500000 602.64529964 212.22800000
v 265.28500000 636.86039952 212.22800000
v 265.28500000 671.07549940 212.22800000
v 265.28500000 705.29059927 212.22800000
v 265.28500000 739.50569915 212.22800000
v 265.28500000 773.72079903 212.22800000
v 265.28500000 807.93589891 212.22800000
v 265.28500000 842.15099879 212.22800000
v 265.28500000 876.36609867 212.22800000
v 265.28500000 910.58119855 212.22800000
v 265.28500000 944.79629843 212.22800000
v 265.28500000 979.01139831 212.22800000
v 265.28500000 1013.22649819 212.22800000
v 265.28500000 1047.44159806 212.22800000
v 265.28500000 1081.65669794 212.22800000
v 265.28500000 1115.87179782 212.22800000
v 265.28500000 1150.08689770 212.22800000
v 265.28500000 1184.30199758 212.22800000
v 265.28500000 1218.51709746 212.22800000
v 265.28500000 1252.73219734 212.22800000
v 265.28500000 1286.94729722 212.22800000
v 265.28500000 1321.16239710 212.22800000
v 265.28500000 1355.37749698 212.22800000
v 265.28500000 1389.59259685 212.22800000
v 265.28500000 1423.80769673 212.22800000
v 265.28500000 1458.02279661 212.22800000
v 265.28500000 1492.23789649 212.22800000
v -265.28500000 1492.23789649 -212.22800000
v -265.28500000 1458.02279661 -212.22800000
v -265.28500000 1423.80769673 -212.22800000
v -265.28500000 1389.59259685 -212.22800000
v -265.28500000 1355.37749698 -212.22800000
v -265.28500000 1321.16239710 -212.22800000
v -265.28500000 1286.94729722 -212.22800000
v -265.28500000 1252.73219734 -212.22800000
v -265.28500000 1218.51709746 -212.22800000
v -265.28500000 1184.30199758 -212.22800000
v -265.28500000 1150.08689770 -212.22800000
v -265.28500000 1115.87179782 -212.22800000
v -265.28500000 1081.65669794 -212.22800000
v -265.28500000 1047.44159806 -212.22800000
v -265.28500000 1013.22649819 -212.22800000
v -265.28500000 979.01139831 -212.22800000
v -265.28500000 944.79629843 -212.22800000
v -265.28500000 910.58119855 -212.22800000
v -265.28500000 876.36609867 -212.22800000
v -265.28500000 842.15099879 -212.22800000
v -265.28500000 807.93589891 -212.22800000
v -265.28500000 773.72079903 -212.22800000
v -265.28500000 739.50569915 -212.22800000
v -265.28500000 705.29059927 -212.22800000
v -265.28500000 671.07549940 -212.22800000
v -265.28500000 636.86039952 -212.22800000
v -265.28500000 602.64529964 -212.22800000
v -265.28500000 568.43019976 -212.22800000
v -265.28500000 534.21509988 -212.22800000
v -265.28500000 1492.23789649 -159.17100000
v -265.28500000 1458.02279661 -159.17100000
v -265.28500000 1423.80769673 -159.17100000
v -265.28500000 1389.59259685 -159.17100000
v -265.28500000 1355.37749698 -159.17100000
v -265.28500000 1321.16239710 -159.17100000
v -265.28500000 1286.94729722 -159.17100000
v -265.28500000 1252.73219734 -159.17100000
v -265.28500000 1218.51709746 -159.17100000
v -265.28500000 1184.30199758 -159.17100000
v -265.28500000 1150.08689770 -159.17100000
v -265.28500000 1115.87179782 -159.17100000
v -265.28500000 1081.65669794 -159.17100000
v -265.28500000 1047.44159806 -159.17100000
v -265.28500000 1013.22649819 -159.17100000
v -265.28500000 979.01139831 -159.17100000
v -265.28500000 944.79629843 -159.17100000
v -265.28500000 910.58119855 -159.17100000
v -265.28500000 876.36609867 -159.17100000
v -265.28500000 842.15099879 -159.17100000
v -265.28500000 807.93589891 -159.17100000
v -265.28500000 773.72079903 -159.17100000
v -265.28500000 739.50569915 -159.17100000
v -265.28500000 705.29059927 -159.17100000
v -265.28500000 671.07549940 -159.17100000
v -265.28500000 636.86039952 -159.17100000
v -265.28500000 602.64529964 -159.17100000
v -265.28500000 568.43019976 -159.17100000
v -265.28500000 534.21509988 -159.17100000
v -265.28500000 1492.23789649 -106.11400000
v -265.28500000 1458.02279661 -106.11400000
v -265.28500000 1423.80769673 -106.11400000
v -265.28500000 1389.59259685 -106.11400000
v -265.28500000 1355.37749698 -106.11400000
v -265.28500000 1321.16239710 -106.11400000
v -265.28500000 1286.94729722 -106.11400000
v -265.28500000 1252.73219734 -106.11400000
v -265.28500000 1218.51709746 -106.11400000
v -265.28500000 1184.30199758 -106.11400000
v -265.28500000 1150.08689770 -106.11400000
v -265.28500000 1115.87179782 -106.11400000
v -265.28500000 1081.65669794 -106.11400000
v -265.28500000 1047.44159806 -106.11400000
v -265.28500000 1013.22649819 -106.11400000
v -265.28500000 979.01139831 -106.11400000
v -265.28500000 944.79629843 -106.11400000
v -265.28500000 910.58119855 -106.11400000
v -265.28500000 876.36609867 -106.11400000
v -265.28500000 842.15099879 -106.11400000
v -265.28500000 807.93589891 -106.11400000
v -265.28500000 773.72079903 -106.11400000
v -265.28500000 739.50569915 -106.11400000
v -265.28500000 705.29059927 -106.11400000
v -265.28500000 671.07549940 -106.11400000
v -265.28500000 636.86039952 -106.11400000
v -265.28500000 602.64529964 -106.11400000
v -265.28500000 568.43019976 -106.11400000
v -265.28500000 534.21509988 -106.11400000
v -265.28500000 1492.23789649 -53.05700000
v -265.28500000 1458.02279661 -53.05700000
v -265.28500000 1423.80769673 -53.05700000
v -265.28500000 1389.59259685 -53.05700000
v -265.28500000 1355.37749698 -53.05700000
v -265.28500000 1321.16239710 -53.05700000
v -265.28500000 1286.94729722 -53.05700000
v -265.28500000 1252.73219734 -53.05700000
v -265.28500000 1218.51709746 -53.05700000
v -265.28500000 1184.30199758 -53.05700000
v -265.28500000 1150.08689770 -53.05700000
v -265.28500000 1115.87179782 -53.05700000
v -265.28500000 1081.65669794 -53.05700000
v -265.28500000 1047.44159806 -53.05700000
v -265.28500000 1013.22649819 -53.05700000
v -265.28500000 979.01139831 -53.05700000
v -265.28500000 944.79629843 -53.05700000
v -265.28500000 910.58119855 -53.05700000
v -265.28500000 876.36609867 -53.05700000
v -265.28500000 842.15099879 -53.05700000
v -265.28500000 807.93589891 -53.05700000
v -265.28500000 773.72079903 -53.05700000
v -265.28500000 739.50569915 -53.05700000
v -265.28500000 705.29059927 -53.05700000
v -265.28500000 671.07549940 -53.05700000
v -265.28500000 636.86039952 -53.05700000
v -265.28500000 602.64529964 -53.05700000
v -265.28500000 568.43019976 -53.05700000
v -265.28500000 534.21509988 -53.05700000
v -265.28500000 1492.23789649 -1.4210855e-14
v -265.28500000 1458.02279661 -1.4210855e-14
v -265.28500000 1423.80769673 -1.4210855e-14
v -265.28500000 1389.59259685 -1.4210855e-14
v -265.28500000 1355.37749698 -1.4210855e-14
v -265.28500000 1321.16239710 -1.4210855e-14
v -265.28500000 1286.94729722 -1.4210855e-14
v -265.28500000 1252.73219734 -1.4210855e-14
v -265.28500000 1218.51709746 -1.4210855e-14
v -265.28500000 1184.30199758 -1.4210855e-14
v -265.28500000 1150.08689770 -1.4210855e-14
v -265.28500000 1115.87179782 -1.4210855e-14
v -265.28500000 1081.65669794 -1.4210855e-14
v -265.28500000 1047.44159806 -1.4210855e-14
v -265.28500000 1013.22649819 -1.4210855e-14
v -265.28500000 979.01139831 -1.4210855e-14
v -265.28500000 944.79629843 -1.4210855e-14
v -265.28500000 910.58119855 -1.4210855e-14
v -265.28500000 876.36609867 -1.4210855e-14
v -265.28500000 842.15099879 -1.4210855e-14
v -265.28500000 807.93589891 -1.4210855e-14
v -265.28500000 773.72079903 -1.4210855e-14
v -265.28500000 739.50569915 -1.4210855e-14
v -265.28500000 705.29059927 -1.4210855e-14
v -265.28500000 671.07549940 -1.4210855e-14
v -265.28500000 636.86039952 -1.4210855e-14
v -265.28500000 602.64529964 -1.4210855e-14
v -265.28500000 568.43019976 -1.4210855e-14
v -265.28500000 534.21509988 -1.4210855e-14
v -265.28500000 1492.23789649 53.05700000
v -265.28500000 1458.02279661 53.05700000
v -265.28500000 1423.80769673 53.05700000
v -265.28500000 1389.59259685 53.05700000
v -265.28500000 1355.37749698 53.05700000
v -265.28500000 1321.16239710 53.05700000
v -265.28500000 1286.94729722 53.05700000
v -265.28500000 1252.73219734 53.05700000
v -265.28500000 1218.51709746 53.05700000
v -265.28500000 1184.30199758 53.05700000
v -265.28500000 1150.08689770 53.05700000
v -265.28500000 1115.87179782 53.05700000
v -265.28500000 1081.65669794 53.05700000
v -265.28500000 1047.44159806 53.05700000
v -265.28500000 1013.22649819 53.05700000
v -265.28500000 979.01139831 53.05700000
v -265.28500000 944.79629843 53.05700000
v -265.28500000 910.58119855 53.05700000
v -265.28500000 876.36609867 53.05700000
v -265.28500000 842.15099879 53.05700000
v -265.28500000 807.93589891 53.05700000
v -265.28500000 773.72079903 53.05700000
v -265.28500000 739.50569915 53.05700000
v -265.28500000 705.29059927 53.05700000
v -265.28500000 671.07549940 53.05700000
v -265.28500000 636.86039952 53.05700000
v -265.28500000 602.64529964 53.05700000
v -265.28500000 568.43019976 53.05700000
v -265.28500000 534.21509988 53.05700000
v -265.28500000 1492.23789649 106.11400000
v -265.28500000 1458.02279661 106.11400000
v -265.28500000 1423.80769673 106.11400000
v -265.28500000 1389.59259685 106.11400000
v -265.28500000 1355.37749698 106.11400000
v -265.28500000 1321.16239710 106.11400000
v -265.28500000 1286.94729722 106.11400000
v -265.28500000 1252.73219734 106.11400000
v -265.28500000 1218.51709746 106.11400000
v -265.28500000 1184.30199758 106.11400000
v -265.28500000 1150.08689770 106.11400000
v -265.28500000 1115.87179782 106.11400000
v -265.28500000 1081.65669794 106.11400000
v -265.28500000 1047.44159806 106.11400000
v -265.28500000 1013.22649819 106.11400000
v -265.28500000 979.01139831 106.11400000
v -265.28500000 944.79629843 106.11400000
v -265.28500000 910.58119855 106.11400000
v -265.28500000 876.36609867 106.11400000
v -265.28500000 842.15099879 106.11400000
v -265.28500000 807.93589891 106.11400000
v -265.28500000 773.72079903 106.11400000
v -265.28500000 739.50569915 106.11400000
v -265.28500000 705.29059927 106.11400000
v -265.28500000 671.07549940 106.11400000
v -265.28500000 636.86039952 106.11400000
v -265.28500000 602.64529964 106.11400000
v -265.28500000 568.43019976 106.11400000
v -265.28500000 534.21509988 106.11400000
v -265.28500000 1492.23789649 159.17100000
v -265.28500000 1458.02279661 159.17100000
v -265.28500000 1423.80769673 159.17100000
v -265.28500000 1389.59259685 159.17100000
v -265.28500000 1355.37749698 159.17100000
v -265.28500000 1321.16239710 159.17100000
v -265.28500000 1286.94729722 159.17100000
v -265.28500000 1252.73219734 159.17100000
v -265.28500000 1218.51709746 159.17100000
v -265.28500000 1184.30199758 159.17100000
v -265.28500000 1150.08689770 159.17100000
v -265.28500000 1115.87179782 159.17100000
v -265.28500000 1081.65669794 159.17100000
v -265.28500000 1047.44159806 159.17100000
v -265.28500000 1013.22649819 159.17100000
v -265.28500000 979.01139831 159.17100000
v -265.28500000 944.79629843 159.17100000
v -265.28500000 910.58119855 159.17100000
v -265.28500000 876.36609867 159.17100000
v -265.28500000 842.15099879 159.17100000
v -265.28500000 807.93589891 159.17100000
v -265.28500000 773.72079903 159.17100000
v -265.28500000 739.50569915 159.17100000
v -265.28500000 705.29059927 159.17100000
v -265.28500000 671.07549940 159.17100000
v -265.28500000 636.86039952 159.17100000
v -265.28500000 602.64529964 159.17100000
v -265.28500000 568.43019976 159.17100000
v -265.28500000 534.21509988 159.17100000
v -265.28500000 1492.23789649 212.22800000
v -265.28500000 1458.02279661 212.22800000
v -265.28500000 1423.80769673 212.22800000
v -265.28500000 1389.59259685 212.22800000
v -265.28500000 1355.37749698 212.22800000
v -265.28500000 1321.16239710 212.22800000
v -265.28500000 1286.94729722 212.22800000
v -265.28500000 1252.73219734 212.22800000
v -265.28500000 1218.51709746 212.22800000
v -265.28500000 1184.30199758 212.22800000
v -265.28500000 1150.08689770 212.22800000
v -265.28500000 1115.87179782 212.22800000
v -265.28500000 1081.65669794 212.22800000
v -265.28500000 1047.44159806 212.22800000
v -265.28500000 1013.22649819 212.22800000
v -265.28500000 979.01139831 212.22800000
v -265.28500000 944.79629843 212.22800000
v -265.28500000 910.58119855 212.22800000
v -265.28500000 876.36609867 212.22800000
v -265.28500000 842.15099879 212.22800000
v -265.28500000 807.93589891 212.22800000
v -265.28500000 773.72079903 212.22800000
v -265.28500000 739.50569915 212.22800000
v -265.28500000 705.29059927 212.22800000
v -265.28500000 671.07549940 212.22800000
v -265.28500000 636.86039952 212.22800000
v -265.28500000 602.64529964 212.22800000
v -265.28500000 568.43019976 212.22800000
v -265.28500000 534.21509988 212.22800000
v -167.72477497 628.30662455 265.28500000
v -203.67422503 628.30662455 265.28500000
v -203.67422503 611.19907461 265.28500000
v -167.72477497 611.19907461 265.28500000
v -167.72477497 662.52172443 265.28500000
v -203.67422503 662.52172443 265.28500000
v -203.67422503 645.41417449 265.28500000
v -167.72477497 645.41417449 265.28500000
v -167.72477497 696.73682430 265.28500000
v -203.67422503 696.73682430 265.28500000
v -203.67422503 679.62927436 265.28500000
v -167.72477497 679.62927436 265.28500000
v -167.72477497 730.95192418 265.28500000
v -203.67422503 730.95192418 265.28500000
v -203.67422503 713.84437424 265.28500000
v -167.72477497 713.84437424 265.28500000
v -167.72477497 765.16702406 265.28500000
v -203.67422503 765.16702406 265.28500000
v -203.67422503 748.05947412 265.28500000
v -167.72477497 748.05947412 265.28500000
v -167.72477497 799.38212394 265.28500000
v -203.67422503 799.38212394 265.28500000
v -203.67422503 782.27457400 265.28500000
v -167.72477497 782.27457400 265.28500000
v -167.72477497 833.59722382 265.28500000
v -203.67422503 833.59722382 265.28500000
v -203.67422503 816.48967388 265.28500000
v -167.72477497 816.48967388 265.28500000
v -167.72477497 867.81232370 265.28500000
v -203.67422503 867.81232370 265.28500000
v -203.67422503 850.70477376 265.28500000
v -167.72477497 850.70477376 265.28500000
v -167.72477497 902.02742358 265.28500000
v -203.67422503 902.02742358 265.28500000
v -203.67422503 884.91987364 265.28500000
v -167.72477497 884.91987364 265.28500000
v -167.72477497 936.24252346 265.28500000
v -203.67422503 936.24252346 265.28500000
v -203.67422503 919.13497352 265.28500000
v -167.72477497 919.13497352 265.28500000
v -167.72477497 970.45762334 265.28500000
v -203.67422503 970.45762334 265.28500000
v -203.67422503 953.35007340 265.28500000
v -167.72477497 953.35007340 265.28500000
v -167.72477497 1004.67272322 265.28500000
v -203.67422503 1004.67272322 265.28500000
v -203.67422503 987.56517328 265.28500000
v -167.72477497 987.56517328 265.28500000
v -167.72477497 1038.88782309 265.28500000
v -203.67422503 1038.88782309 265.28500000
v -203.67422503 1021.78027316 265.28500000
v -167.72477497 1021.78027316 265.28500000
v -167.72477497 1073.10292297 265.28500000
v -203.67422503 1073.10292297 265.28500000
v -203.67422503 1055.99537303 265.28500000
v -167.72477497 1055.99537303 265.28500000
v -167.72477497 1107.31802285 265.28500000
v -203.67422503 1107.31802285 265.28500000
v -203.67422503 1090.21047291 265.28500000
v -167.72477497 1090.21047291 265.28500000
v -167.72477497 1141.53312273 265.28500000
v -203.67422503 1141.53312273 265.28500000
v -203.67422503 1124.42557279 265.28500000
v -167.72477497 1124.42557279 265.28500000
v -167.72477497 1175.74822261 265.28500000
v -203.67422503 1175.74822261 265.28500000
v -203.67422503 1158.64067267 265.28500000
v -167.72477497 1158.64067267 265.28500000
v -167.72477497 1209.96332249 265.28500000
v -203.67422503 1209.96332249 265.28500000
v -203.67422503 1192.85577255 265.28500000
v -167.72477497 1192.85577255 265.28500000
v -167.72477497 1244.17842237 265.28500000
v -203.67422503 1244.17842237 265.28500000
v -203.67422503 1227.07087243 265.28500000
v -167.72477497 1227.07087243 265.28500000
v -167.72477497 1278.39352225 265.28500000
v -203.67422503 1278.39352225 265.28500000
v -203.67422503 1261.28597231 265.28500000
v -167.72477497 1261.28597231 265.28500000
v -167.72477497 1312.60862213 265.28500000
v -203.67422503 1312.60862213 265.28500000
v -203.67422503 1295.50107219 265.28500000
v -167.72477497 1295.50107219 265.28500000
v -167.72477497 1346.82372201 265.28500000
v -203.67422503 1346.82372201 265.28500000
v -203.67422503 1329.71617207 265.28500000
v -167.72477497 1329.71617207 265.28500000
v -167.72477497 1381.03882188 265.28500000
v -203.67422503 1381.03882188 265.28500000
v -203.67422503 1363.93127195 265.28500000
v -167.72477497 1363.93127195 265.28500000
v -167.72477497 1415.25392176 265.28500000
v -203.67422503 1415.25392176 265.28500000
v -203.67422503 1398.14637182 265.28500000
v -167.72477497 1398.14637182 265.28500000
v -167.72477497 1449.46902164 265.28500000
v -203.67422503 1449.46902164 265.28500000
v -203.67422503 1432.36147170 265.28500000
v -167.72477497 1432.36147170 265.28500000
v -167.72477497 1483.68412152 265.28500000
v -203.67422503 1483.68412152 265.28500000
v -203.67422503 1466.57657158 265.28500000
v -167.72477497 1466.57657158 265.28500000
v -114.66777497 628.30662455 265.28500000
v -150.61722503 628.30662455 265.28500000
v -150.61722503 611.19907461 265.28500000
v -114.66777497 611.19907461 265.28500000
v -114.66777497 662.52172443 265.28500000
v -150.61722503 662.52172443 265.28500000
v -150.61722503 645.41417449 265.28500000
v -114.66777497 645.41417449 265.28500000
v -114.66777497 696.73682430 265.28500000
v -150.61722503 696.73682430 265.28500000
v -150.61722503 679.62927436 265.28500000
v -114.66777497 679.62927436 265.28500000
v -114.66777497 730.95192418 265.28500000
v -150.61722503 730.95192418 265.28500000
v -150.61722503 713.84437424 265.28500000
v -114.66777497 713.84437424 265.28500000
v -114.66777497 765.16702406 265.28500000
v -150.61722503 765.16702406 265.28500000
v -150.61722503 748.05947412 265.28500000
v -114.66777497 748.05947412 265.28500000
v -114.66777497 799.38212394 265.28500000
v -150.61722503 799.38212394 265.28500000
v -150.61722503 782.27457400 265.28500000
v -114.66777497 782.27457400 265.28500000
v -114.66777497 833.59722382 265.28500000
v -150.61722503 833.59722382 265.28500000
v -150.61722503 816.48967388 265.28500000
v -114.66777497 816.48967388 265.28500000
v -114.66777497 867.81232370 265.28500000
v -150.61722503 867.81232370 265.28500000
v -150.61722503 850.70477376 265.28500000
v -114.66777497 850.70477376 265.28500000
v -114.66777497 902.02742358 265.28500000
v -150.61722503 902.02742358 265.28500000
v -150.61722503 884.91987364 265.28500000
v -114.66777497 884.91987364 265.28500000
v -114.66777497 936.24252346 265.28500000
v -150.61722503 936.24252346 265.28500000
v -150.61722503 919.13497352 265.28500000
v -114.66777497 919.13497352 265.28500000
v -114.66777497 970.45762334 265.28500000
v -150.61722503 970.45762334 265.28500000
v -150.61722503 953.35007340 265.28500000
v -114.66777497 953.35007340 265.28500000
v -114.66777497 1004.67272322 265.28500000
v -150.61722503 1004.67272322 265.28500000
v -150.61722503 987.56517328 265.28500000
v -114.66777497 987.56517328 265.28500000
v -114.66777497 1038.88782309 265.28500000
v -150.61722503 1038.88782309 265.28500000
v -150.61722503 1021.78027316 265.28500000
v -114.66777497 1021.78027316 265.28500000
v -114.66777497 1073.10292297 265.28500000
v -150.61722503 1073.10292297 265.28500000
v -150.61722503 1055.99537303 265.28500000
v -114.66777497 1055.99537303 265.28500000
v -114.66777497 1107.31802285 265.28500000
v -150.61722503 1107.31802285 265.28500000
v -150.61722503 1090.21047291 265.28500000
v -114.66777497 1090.21047291 265.28500000
v -114.66777497 1141.53312273 265.28500000
v -150.61722503 1141.53312273 265.28500000
v -150.61722503 1124.42557279 265.28500000
v -114.66777497 1124.42557279 265.28500000
v -114.66777497 1175.74822261 265.28500000
v -150.61722503 1175.74822261 265.28500000
v -150.61722503 1158.64067267 265.28500000
v -114.66777497 1158.64067267 265.28500000
v -114.66777497 1209.96332249 265.28500000
v -150.61722503 1209.96332249 265.28500000
v -150.61722503 1192.85577255 265.28500000
v -114.66777497 1192.85577255 265.28500000
v -114.66777497 1244.17842237 265.28500000
v -150.61722503 1244.17842237 265.28500000
v -150.61722503 1227.07087243 265.28500000
v -114.66777497 1227.07087243 265.28500000
v -114.66777497 1278.39352225 265.28500000
v -150.61722503 1278.39352225 265.28500000
v -150.61722503 1261.28597231 265.28500000
v -114.66777497 1261.28597231 265.28500000
v -114.66777497 1312.60862213 265.28500000
v -150.61722503 1312.60862213 265.28500000
v -150.61722503 1295.50107219 265.28500000
v -114.66777497 1295.50107219 265.28500000
v -114.66777497 1346.82372201 265.28500000
v -150.61722503 1346.82372201 265.28500000
v -150.61722503 1329.71617207 265.28500000
v -114.66777497 1329.71617207 265.28500000
v -114.66777497 1381.03882188 265.28500000
v -150.61722503 1381.03882188 265.28500000
v -150.61722503 1363.93127195 265.28500000
v -114.66777497 1363.93127195 265.28500000
v -114.66777497 1415.25392176 265.28500000
v -150.61722503 1415.25392176 265.28500000
v -150.61722503 1398.14637182 265.28500000
v -114.66777497 1398.14637182 265.28500000
v -114.66777497 1449.46902164 265.28500000
v -150.61722503 1449.46902164 265.28500000
v -150.61722503 1432.36147170 265.28500000
v -114.66777497 1432.36147170 265.28500000
v -114.66777497 1483.68412152 265.28500000
v -150.61722503 1483.68412152 265.28500000
v -150.61722503 1466.57657158 265.28500000
v -114.66777497 1466.57657158 265.28500000
v -61.61077497 628.30662455 265.28500000
v -97.56022503 628.30662455 265.28500000
v -97.56022503 611.19907461 265.28500000
v -61.61077497 611.19907461 265.28500000
v -61.61077497 662.52172443 265.28500000
v -97.56022503 662.52172443 265.28500000
v -97.56022503 645.41417449 265.28500000
v -61.61077497 645.41417449 265.28500000
v -61.61077497 696.73682430 265.28500000
v -97.56022503 696.73682430 265.28500000
v -97.56022503 679.62927436 265.28500000
v -61.61077497 679.62927436 265.28500000
v -61.61077497 730.95192418 265.28500000
v -97.56022503 730.95192418 265.28500000
v -97.56022503 713.84437424 265.28500000
v -61.61077497 713.84437424 265.28500000
v -61.61077497 765.16702406 265.28500000
v -97.56022503 765.16702406 265.28500000
v -97.56022503 748.05947412 265.28500000
v -61.61077497 748.05947412 265.28500000
v -61.61077497 799.38212394 265.28500000
v -97.56022503 799.38212394 265.28500000
v -97.56022503 782.27457400 265.28500000
v -61.61077497 782.27457400 265.28500000
v -61.61077497 833.59722382 265.28500000
v -97.56022503 833.59722382 265.28500000
v -97.56022503 816.48967388 265.28500000
v -61.61077497 816.48967388 265.28500000
v -61.61077497 867.81232370 265.28500000
v -97.56022503 867.81232370 265.28500000
v -97.56022503 850.70477376 265.28500000
v -61.61077497 850.70477376 265.28500000
v -61.61077497 902.02742358 265.28500000
v -97.56022503 902.02742358 265.28500000
v -97.56022503 884.91987364 265.28500000
v -61.61077497 884.91987364 265.28500000
v -61.61077497 936.24252346 265.28500000
v -97.56022503 936.24252346 265.28500000
v -97.56022503 919.13497352 265.28500000
v -61.61077497 919.13497352 265.28500000
v -61.61077497 970.45762334 265.28500000
v -97.56022503 970.45762334 265.28500000
v -97.56022503 953.35007340 265.28500000
v -61.61077497 953.35007340 265.28500000
v -61.61077497 1004.67272322 265.28500000
v -97.56022503 1004.67272322 265.28500000
v -97.56022503 987.56517328 265.28500000
v -61.61077497 987.56517328 265.28500000
v -61.61077497 1038.88782309 265.28500000
v -97.56022503 1038.88782309 265.28500000
v -97.56022503 1021.78027316 265.28500000
v -61.61077497 1021.78027316 265.28500000
v -61.61077497 1073.10292297 265.28500000
v -97.56022503 1073.10292297 265.28500000
v -97.56022503 1055.99537303 265.28500000
v -61.61077497 1055.99537303 265.28500000
v -61.61077497 1107.31802285 265.28500000
v -97.56022503 1107.31802285 265.28500000
v -97.56022503 1090.21047291 265.28500000
v -61.61077497 1090.21047291 265.28500000
v -61.61077497 1141.53312273 265.28500000
v -97.56022503 1141.53312273 265.28500000
v -97.56022503 1124.42557279 265.28500000
v -61.61077497 1124.42557279 265.28500000
v -61.61077497 1175.74822261 265.28500000
v -97.56022503 1175.74822261 265.28500000
v -97.56022503 1158.64067267 265.28500000
v -61.61077497 1158.64067267 265.28500000
v -61.61077497 1209.96332249 265.28500000
v -97.56022503 1209.96332249 265.28500000
v -97.56022503 1192.85577255 265.28500000
v -61.61077497 1192.85577255 265.28500000
v -61.61077497 1244.17842237 265.28500000
v -97.56022503 1244.17842237 265.28500000
v -97.56022503 1227.07087243 265.28500000
v -61.61077497 1227.07087243 265.28500000
v -61.61077497 1278.39352225 265.28500000
v -97.56022503 1278.39352225 265.28500000
v -97.56022503 1261.28597231 265.28500000
v -61.61077497 1261.28597231 265.28500000
v -61.61077497 1312.60862213 265.28500000
v -97.56022503 1312.60862213 265.28500000
v -97.56022503 1295.50107219 265.28500000
v -61.61077497 1295.50107219 265.28500000
v -61.61077497 1346.82372201 265.28500000
v -97.56022503 1346.82372201 265.28500000
v -97.56022503 1329.71617207 265.28500000
v -61.61077497 1329.71617207 265.28500000
v -61.61077497 1381.03882188 265.28500000
v -97.56022503 1381.03882188 265.28500000
v -97.56022503 1363.93127195 265.28500000
v -61.61077497 1363.93127195 265.28500000
v -61.61077497 1415.25392176 265.28500000
v -97.56022503 1415.25392176 265.28500000
v -97.56022503 1398.14637182 265.28500000
v -61.61077497 1398.14637182 265.28500000
v -61.61077497 1449.46902164 265.28500000
v -97.56022503 1449.46902164 265.28500000
v -97.56022503 1432.36147170 265.28500000
v -61.61077497 1432.36147170 265.28500000
v -61.61077497 1483.68412152 265.28500000
v -97.56022503 1483.68412152 265.28500000
v -97.56022503 1466.57657158 265.28500000
v -61.61077497 1466.57657158 265.28500000
v -8.55377497 628.30662455 265.28500000
v -44.50322503 628.30662455 265.28500000
v -44.50322503 611.19907461 265.28500000
v -8.55377497 611.19907461 265.28500000
v -8.55377497 662.52172443 265.28500000
v -44.50322503 662.52172443 265.28500000
v -44.50322503 645.41417449 265.28500000
v -8.55377497 645.41417449 265.28500000
v -8.55377497 696.73682430 265.28500000
v -44.50322503 696.73682430 265.28500000
v -44.50322503 679.62927436 265.28500000
v -8.55377497 679.62927436 265.28500000
v -8.55377497 730.95192418 265.28500000
v -44.50322503 730.95192418 265.28500000
v -44.50322503 713.84437424 265.28500000
v -8.55377497 713.84437424 265.28500000
v -8.55377497 765.16702406 265.28500000
v -44.50322503 765.16702406 265.28500000
v -44.50322503 748.05947412 265.28500000
v -8.55377497 748.05947412 265.28500000
v -8.55377497 799.38212394 265.28500000
v -44.50322503 799.38212394 265.28500000
v -44.50322503 782.27457400 265.28500000
v -8.55377497 782.27457400 265.28500000
v -8.55377497 833.59722382 265.28500000
v -44.50322503 833.59722382 265.28500000
v -44.50322503 816.48967388 265.28500000
v -8.55377497 816.48967388 265.28500000
v -8.55377497 867.81232370 265.28500000
v -44.50322503 867.81232370 265.28500000
v -44.50322503 850.70477376 265.28500000
v -8.55377497 850.70477376 265.28500000
v -8.55377497 902.02742358 265.28500000
v -44.50322503 902.02742358 265.28500000
v -44.50322503 884.91987364 265.28500000
v -8.55377497 884.91987364 265.28500000
v -8.55377497 936.24252346 265.28500000
v -44.50322503 936.24252346 265.28500000
v -44.50322503 919.13497352 265.28500000
v -8.55377497 919.13497352 265.28500000
v -8.55377497 970.45762334 265.28500000
v -44.50322503 970.45762334 265.28500000
v -44.50322503 953.35007340 265.28500000
v -8.55377497 953.35007340 265.28500000
v -8.55377497 1004.67272322 265.28500000
v -44.50322503 1004.67272322 265.28500000
v -44.50322503 987.56517328 265.28500000
v -8.55377497 987.56517328 265.28500000
v -8.55377497 1038.88782309 265.28500000
v -44.50322503 1038.88782309 265.28500000
v -44.50322503 1021.78027316 265.28500000
v -8.55377497 1021.78027316 265.28500000
v -8.55377497 1073.10292297 265.28500000
v -44.50322503 1073.10292297 265.28500000
v -44.50322503 1055.99537303 265.28500000
v -8.55377497 1055.99537303 265.28500000
v -8.55377497 1107.31802285 265.28500000
v -44.50322503 1107.31802285 265.28500000
v -44.50322503 1090.21047291 265.28500000
v -8.55377497 1090.21047291 265.28500000
v -8.55377497 1141.53312273 265.28500000
v -44.50322503 1141.53312273 265.28500000
v -44.50322503 1124.42557279 265.28500000
v -8.55377497 1124.42557279 265.28500000
v -8.55377497 1175.74822261 265.28500000
v -44.50322503 1175.74822261 265.28500000
v -44.50322503 1158.64067267 265.28500000
v -8.55377497 1158.64067267 265.28500000
v -8.55377497 1209.96332249 265.28500000
v -44.50322503 1209.96332249 265.28500000
v -44.50322503 1192.85577255 265.28500000
v -8.55377497 1192.85577255 265.28500000
v -8.55377497 1244.17842237 265.28500000
v -44.50322503 1244.17842237 265.28500000
v -44.50322503 1227.07087243 265.28500000
v -8.55377497 1227.07087243 265.28500000
v -8.55377497 1278.39352225 265.28500000
v -44.50322503 1278.39352225 265.28500000
v -44.50322503 1261.28597231 265.28500000
v -8.55377497 1261.28597231 265.28500000
v -8.55377497 1312.60862213 265.28500000
v -44.50322503 1312.60862213 265.28500000
v -44.50322503 1295.50107219 265.28500000
v -8.55377497 1295.50107219 265.28500000
v -8.55377497 1346.82372201 265.28500000
v -44.50322503 1346.82372201 265.28500000
v -44.50322503 1329.71617207 265.28500000
v -8.55377497 1329.71617207 265.28500000
v -8.55377497 1381.03882188 265.28500000
v -44.50322503 1381.03882188 265.28500000
v -44.50322503 1363.93127195 265.28500000
v -8.55377497 1363.93127195 265.28500000
v -8.55377497 1415.25392176 265.28500000
v -44.50322503 1415.25392176 265.28500000
v -44.50322503 1398.14637182 265.28500000
v -8.55377497 1398.14637182 265.28500000
v -8.55377497 1449.46902164 265.28500000
v -44.50322503 1449.46902164 265.28500000
v -44.50322503 1432.36147170 265.28500000
v -8.55377497 1432.36147170 265.28500000
v -8.55377497 1483.68412152 265.28500000
v -44.50322503 1483.68412152 265.28500000
v -44.50322503 1466.57657158 265.28500000
v -8.55377497 1466.57657158 265.28500000
v 44.50322503 628.30662455 265.28500000
v 8.55377497 628.30662455 265.28500000
v 8.55377497 611.19907461 265.28500000
v 44.50322503 611.19907461 265.28500000
v 44.50322503 662.52172443 265.28500000
v 8.55377497 662.52172443 265.28500000
v 8.55377497 645.41417449 265.28500000
v 44.50322503 645.41417449 265.28500000
v 44.50322503 696.73682430 265.28500000
v 8.55377497 696.73682430 265.28500000
v 8.55377497 679.62927436 265.28500000
v 44.50322503 679.62927436 265.28500000
v 44.50322503 730.95192418 265.28500000
v 8.55377497 730.95192418 265.28500000
v 8.55377497 713.84437424 265.28500000
v 44.50322503 713.84437424 265.28500000
v 44.50322503 765.16702406 265.28500000
v 8.55377497 765.16702406 265.28500000
v 8.55377497 748.05947412 265.28500000
v 44.50322503 748.05947412 265.28500000
v 44.50322503 799.38212394 265.28500000
v 8.55377497 799.38212394 265.28500000
v 8.55377497 782.27457400 265.28500000
v 44.50322503 782.27457400 265.28500000
v 44.50322503 833.59722382 265.28500000
v 8.55377497 833.59722382 265.28500000
v 8.55377497 816.48967388 265.28500000
v 44.50322503 816.48967388 265.28500000
v 44.50322503 867.81232370 265.28500000
v 8.55377497 867.81232370 265.28500000
v 8.55377497 850.70477376 265.28500000
v 44.50322503 850.70477376 265.28500000
v 44.50322503 902.02742358 265.28500000
v 8.55377497 902.02742358 265.28500000
v 8.55377497 884.91987364 265.28500000
v 44.50322503 884.91987364 265.28500000
v 44.50322503 936.24252346 265.28500000
v 8.55377497 936.24252346 265.28500000
v 8.55377497 919.13497352 265.28500000
v 44.50322503 919.13497352 265.28500000
v 44.50322503 970.45762334 265.28500000
v 8.55377497 970.45762334 265.28500000
v 8.55377497 953.35007340 265.28500000
v 44.50322503 953.35007340 265.28500000
v 44.50322503 1004.67272322 265.28500000
v 8.55377497 1004.67272322 265.28500000
v 8.55377497 987.56517328 265.28500000
v 44.50322503 987.56517328 265.28500000
v 44.50322503 1038.88782309 265.28500000
v 8.55377497 1038.88782309 265.28500000
v 8.55377497 1021.78027316 265.28500000
v 44.50322503 1021.78027316 265.28500000
v 44.50322503 1073.10292297 265.28500000
v 8.55377497 1073.10292297 265.28500000
v 8.55377497 1055.99537303 265.28500000
v 44.50322503 1055.99537303 265.28500000
v 44.50322503 1107.31802285 265.28500000
v 8.55377497 1107.31802285 265.28500000
v 8.55377497 1090.21047291 265.28500000
v 44.50322503 1090.21047291 265.28500000
v 44.50322503 1141.53312273 265.28500000
v 8.55377497 1141.53312273 265.28500000
v 8.55377497 1124.42557279 265.28500000
v 44.50322503 1124.42557279 265.28500000
v 44.50322503 1175.74822261 265.28500000
v 8.55377497 1175.74822261 265.28500000
v 8.55377497 1158.64067267 265.28500000
v 44.50322503 1158.64067267 265.28500000
v 44.50322503 1209.96332249 265.28500000
v 8.55377497 1209.96332249 265.28500000
v 8.55377497 1192.85577255 265.28500000
v 44.50322503 1192.85577255 265.28500000
v 44.50322503 1244.17842237 265.28500000
v 8.55377497 1244.17842237 265.28500000
v 8.55377497 1227.07087243 265.28500000
v 44.50322503 1227.07087243 265.28500000
v 44.50322503 1278.39352225 265.28500000
v 8.55377497 1278.39352225 265.28500000
v 8.55377497 1261.28597231 265.28500000
v 44.50322503 1261.28597231 265.28500000
v 44.50322503 1312.60862213 265.28500000
v 8.55377497 1312.60862213 265.28500000
v 8.55377497 1295.50107219 265.28500000
v 44.50322503 1295.50107219 265.28500000
v 44.50322503 1346.82372201 265.28500000
v 8.55377497 1346.82372201 265.28500000
v 8.55377497 1329.71617207 265.28500000
v 44.50322503 1329.71617207 265.28500000
v 44.50322503 1381.03882188 265.28500000
v 8.55377497 1381.03882188 265.28500000
v 8.55377497 1363.93127195 265.28500000
v 44.50322503 1363.93127195 265.28500000
v 44.50322503 1415.25392176 265.28500000
v 8.55377497 1415.25392176 265.28500000
v 8.55377497 1398.14637182 265.28500000
v 44.50322503 1398.14637182 265.28500000
v 44.50322503 1449.46902164 265.28500000
v 8.55377497 1449.46902164 265.28500000
v 8.55377497 1432.36147170 265.28500000
v 44.50322503 1432.36147170 265.28500000
v 44.50322503 1483.68412152 265.28500000
v 8.55377497 1483.68412152 265.28500000
v 8.55377497 1466.57657158 265.28500000
v 44.50322503 1466.57657158 265.28500000
v 97.56022503 628.30662455 265.28500000
v 61.61077497 628.30662455 265.28500000
v 61.61077497 611.19907461 265.28500000
v 97.56022503 611.19907461 265.28500000
v 97.56022503 662.52172443 265.28500000
v 61.61077497 662.52172443 265.28500000
v 61.61077497 645.41417449 265.28500000
v 97.56022503 645.41417449 265.28500000
v 97.56022503 696.73682430 265.28500000
v 61.61077497 696.73682430 265.28500000
v 61.61077497 679.62927436 265.28500000
v 97.56022503 679.62927436 265.28500000
v 97.56022503 730.95192418 265.28500000
v 61.61077497 730.95192418 265.28500000
v 61.61077497 713.84437424 265.28500000
v 97.56022503 713.84437424 265.28500000
v 97.56022503 765.16702406 265.28500000
v 61.61077497 765.16702406 265.28500000
v 61.61077497 748.05947412 265.28500000
v 97.56022503 748.05947412 265.28500000
v 97.56022503 799.38212394 265.28500000
v 61.61077497 799.38212394 265.28500000
v 61.61077497 782.27457400 265.28500000
v 97.56022503 782.27457400 265.28500000
v 97.56022503 833.59722382 265.28500000
v 61.61077497 833.59722382 265.28500000
v 61.61077497 816.48967388 265.28500000
v 97.56022503 816.48967388 265.28500000
v 97.56022503 867.81232370 265.28500000
v 61.61077497 867.81232370 265.28500000
v 61.61077497 850.70477376 265.28500000
v 97.56022503 850.70477376 265.28500000
v 97.56022503 902.02742358 265.28500000
v 61.61077497 902.02742358 265.28500000
v 61.61077497 884.91987364 265.28500000
v 97.56022503 884.91987364 265.28500000
v 97.56022503 936.24252346 265.28500000
v 61.61077497 936.24252346 265.28500000
v 61.61077497 919.13497352 265.28500000
v 97.56022503 919.13497352 265.28500000
v 97.56022503 970.45762334 265.28500000
v 61.61077497 970.45762334 265.28500000
v 61.61077497 953.35007340 265.28500000
v 97.56022503 953.35007340 265.28500000
v 97.56022503 1004.67272322 265.28500000
v 61.61077497 1004.67272322 265.28500000
v 61.61077497 987.56517328 265.28500000
v 97.56022503 987.56517328 265.28500000
v 97.56022503 1038.88782309 265.28500000
v 61.61077497 1038.88782309 265.28500000
v 61.61077497 1021.78027316 265.28500000
v 97.56022503 1021.78027316 265.28500000
v 97.56022503 1073.10292297 265.28500000
v 61.61077497 1073.10292297 265.28500000
v 61.61077497 1055.99537303 265.28500000
v 97.56022503 1055.99537303 265.28500000
v 97.56022503 1107.31802285 265.28500000
v 61.61077497 1107.31802285 265.28500000
v 61.61077497 1090.21047291 265.28500000
v 97.56022503 1090.21047291 265.28500000
v 97.56022503 1141.53312273 265.28500000
v 61.61077497 1141.53312273 265.28500000
v 61.61077497 1124.42557279 265.28500000
v 97.56022503 1124.42557279 265.28500000
v 97.56022503 1175.74822261 265.28500000
v 61.61077497 1175.74822261 265.28500000
v 61.61077497 1158.64067267 265.28500000
v 97.56022503 1158.64067267 265.28500000
v 97.56022503 1209.96332249 265.28500000
v 61.61077497 1209.96332249 265.28500000
v 61.61077497 1192.85577255 265.28500000
v 97.56022503 1192.85577255 265.28500000
v 97.56022503 1244.17842237 265.28500000
v 61.61077497 1244.17842237 265.28500000
v 61.61077497 1227.07087243 265.28500000
v 97.56022503 1227.07087243 265.28500000
v 97.56022503 1278.39352225 265.28500000
v 61.61077497 1278.39352225 265.28500000
v 61.61077497 1261.28597231 265.28500000
v 97.56022503 1261.28597231 265.28500000
v 97.56022503 1312.60862213 265.28500000
v 61.61077497 1312.60862213 265.28500000
v 61.61077497 1295.50107219 265.28500000
v 97.56022503 1295.50107219 265.28500000
v 97.56022503 1346.82372201 265.28500000
v 61.61077497 1346.82372201 265.28500000
v 61.61077497 1329.71617207 265.28500000
v 97.56022503 1329.71617207 265.28500000
v 97.56022503 1381.03882188 265.28500000
v 61.61077497 1381.03882188 265.28500000
v 61.61077497 1363.93127195 265.28500000
v 97.56022503 1363.93127195 265.28500000
v 97.56022503 1415.25392176 265.28500000
v 61.61077497 1415.25392176 265.28500000
v 61.61077497 1398.14637182 265.28500000
v 97.56022503 1398.14637182 265.28500000
v 97.56022503 1449.46902164 265.28500000
v 61.61077497 1449.46902164 265.28500000
v 61.61077497 1432.36147170 265.28500000
v 97.56022503 1432.36147170 265.28500000
v 97.56022503 1483.68412152 265.28500000
v 61.61077497 1483.68412152 265.28500000
v 61.61077497 1466.57657158 265.28500000
v 97.56022503 1466.57657158 265.28500000
v 150.61722503 628.30662455 265.28500000
v 114.66777497 628.30662455 265.28500000
v 114.66777497 611.19907461 265.28500000
v 150.61722503 611.19907461 265.28500000
v 150.61722503 662.52172443 265.28500000
v 114.66777497 662.52172443 265.28500000
v 114.66777497 645.41417449 265.28500000
v 150.61722503 645.41417449 265.28500000
v 150.61722503 696.73682430 265.28500000
v 114.66777497 696.73682430 265.28500000
v 114.66777497 679.62927436 265.28500000
v 150.61722503 679.62927436 265.28500000
v 150.61722503 730.95192418 265.28500000
v 114.66777497 730.95192418 265.28500000
v 114.66777497 713.84437424 265.28500000
v 150.61722503 713.84437424 265.28500000
v 150.61722503 765.16702406 265.28500000
v 114.66777497 765.16702406 265.28500000
v 114.66777497 748.05947412 265.28500000
v 150.61722503 748.05947412 265.28500000
v 150.61722503 799.38212394 265.28500000
v 114.66777497 799.38212394 265.28500000
v 114.66777497 782.27457400 265.28500000
v 150.61722503 782.27457400 265.28500000
v 150.61722503 833.59722382 265.28500000
v 114.66777497 833.59722382 265.28500000
v 114.66777497 816.48967388 265.28500000
v 150.61722503 816.48967388 265.28500000
v 150.61722503 867.81232370 265.28500000
v 114.66777497 867.81232370 265.28500000
v 114.66777497 850.70477376 265.28500000
v 150.61722503 850.70477376 265.28500000
v 150.61722503 902.02742358 265.28500000
v 114.66777497 902.02742358 265.28500000
v 114.66777497 884.91987364 265.28500000
v 150.61722503 884.91987364 265.28500000
v 150.61722503 936.24252346 265.28500000
v 114.66777497 936.24252346 265.28500000
v 114.66777497 919.13497352 265.28500000
v 150.61722503 919.13497352 265.28500000
v 150.61722503 970.45762334 265.28500000
v 114.66777497 970.45762334 265.28500000
v 114.66777497 953.35007340 265.28500000
v 150.61722503 953.35007340 265.28500000
v 150.61722503 1004.67272322 265.28500000
v 114.66777497 1004.67272322 265.28500000
v 114.66777497 987.56517328 265.28500000
v 150.61722503 987.56517328 265.28500000
v 150.61722503 1038.88782309 265.28500000
v 114.66777497 1038.88782309 265.28500000
v 114.66777497 1021.78027316 265.28500000
v 150.61722503 1021.78027316 265.28500000
v 150.61722503 1073.10292297 265.28500000
v 114.66777497 1073.10292297 265.28500000
v 114.66777497 1055.99537303 265.28500000
v 150.61722503 1055.99537303 265.28500000
v 150.61722503 1107.31802285 265.28500000
v 114.66777497 1107.31802285 265.28500000
v 114.66777497 1090.21047291 265.28500000
v 150.61722503 1090.21047291 265.28500000
v 150.61722503 1141.53312273 265.28500000
v 114.66777497 1141.53312273 265.28500000
v 114.66777497 1124.42557279 265.28500000
v 150.61722503 1124.42557279 265.28500000
v 150.61722503 1175.74822261 265.28500000
v 114.66777497 1175.74822261 265.28500000
v 114.66777497 1158.64067267 265.28500000
v 150.61722503 1158.64067267 265.28500000
v 150.61722503 1209.96332249 265.28500000
v 114.66777497 1209.96332249 265.28500000
v 114.66777497 1192.85577255 265.28500000
v 150.61722503 1192.85577255 265.28500000
v 150.61722503 1244.17842237 265.28500000
v 114.66777497 1244.17842237 265.28500000
v 114.66777497 1227.07087243 265.28500000
v 150.61722503 1227.07087243 265.28500000
v 150.61722503 1278.39352225 265.28500000
v 114.66777497 1278.39352225 265.28500000
v 114.66777497 1261.28597231 265.28500000
v 150.61722503 1261.28597231 265.28500000
v 150.61722503 1312.60862213 265.28500000
v 114.66777497 1312.60862213 265.28500000
v 114.66777497 1295.50107219 265.28500000
v 150.61722503 1295.50107219 265.28500000
v 150.61722503 1346.82372201 265.28500000
v 114.66777497 1346.82372201 265.28500000
v 114.66777497 1329.71617207 265.28500000
v 150.61722503 1329.71617207 265.28500000
v 150.61722503 1381.03882188 265.28500000
v 114.66777497 1381.03882188 265.28500000
v 114.66777497 1363.93127195 265.28500000
v 150.61722503 1363.93127195 265.28500000
v 150.61722503 1415.25392176 265.28500000
v 114.66777497 1415.25392176 265.28500000
v 114.66777497 1398.14637182 265.28500000
v 150.61722503 1398.14637182 265.28500000
v 150.61722503 1449.46902164 265.28500000
v 114.66777497 1449.46902164 265.28500000
v 114.66777497 1432.36147170 265.28500000
v 150.61722503 1432.36147170 265.28500000
v 150.61722503 1483.68412152 265.28500000
v 114.66777497 1483.68412152 265.28500000
v 114.66777497 1466.57657158 265.28500000
v 150.61722503 1466.57657158 265.28500000
v 203.67422503 628.30662455 265.28500000
v 167.72477497 628.30662455 265.28500000
v 167.72477497 611.19907461 265.28500000
v 203.67422503 611.19907461 265.28500000
v 203.67422503 662.52172443 265.28500000
v 167.72477497 662.52172443 265.28500000
v 167.72477497 645.41417449 265.28500000
v 203.67422503 645.41417449 265.28500000
v 203.67422503 696.73682430 265.28500000
v 167.72477497 696.73682430 265.28500000
v 167.72477497 679.62927436 265.28500000
v 203.67422503 679.62927436 265.28500000
v 203.67422503 730.95192418 265.28500000
v 167.72477497 730.95192418 265.28500000
v 167.72477497 713.84437424 265.28500000
v 203.67422503 713.84437424 265.28500000
v 203.67422503 765.16702406 265.28500000
v 167.72477497 765.16702406 265.28500000
v 167.72477497 748.05947412 265.28500000
v 203.67422503 748.05947412 265.28500000
v 203.67422503 799.38212394 265.28500000
v 167.72477497 799.38212394 265.28500000
v 167.72477497 782.27457400 265.28500000
v 203.67422503 782.27457400 265.28500000
v 203.67422503 833.59722382 265.28500000
v 167.72477497 833.59722382 265.28500000
v 167.72477497 816.48967388 265.28500000
v 203.67422503 816.48967388 265.28500000
v 203.67422503 867.81232370 265.28500000
v 167.72477497 867.81232370 265.28500000
v 167.72477497 850.70477376 265.28500000
v 203.67422503 850.70477376 265.28500000
v 203.67422503 902.02742358 265.28500000
v 167.72477497 902.02742358 265.28500000
v 167.72477497 884.91987364 265.28500000
v 203.67422503 884.91987364 265.28500000
v 203.67422503 936.24252346 265.28500000
v 167.72477497 936.24252346 265.28500000
v 167.72477497 919.13497352 265.28500000
v 203.67422503 919.13497352 265.28500000
v 203.67422503 970.45762334 265.28500000
v 167.72477497 970.45762334 265.28500000
v 167.72477497 953.35007340 265.28500000
v 203.67422503 953.35007340 265.28500000
v 203.67422503 1004.67272322 265.28500000
v 167.72477497 1004.67272322 265.28500000
v 167.72477497 987.56517328 265.28500000
v 203.67422503 987.56517328 265.28500000
v 203.67422503 1038.88782309 265.28500000
v 167.72477497 1038.88782309 265.28500000
v 167.72477497 1021.78027316 265.28500000
v 203.67422503 1021.78027316 265.28500000
v 203.67422503 1073.10292297 265.28500000
v 167.72477497 1073.10292297 265.28500000
v 167.72477497 1055.99537303 265.28500000
v 203.67422503 1055.99537303 265.28500000
v 203.67422503 1107.31802285 265.28500000
v 167.72477497 1107.31802285 265.28500000
v 167.72477497 1090.21047291 265.28500000
v 203.67422503 1090.21047291 265.28500000
v 203.67422503 1141.53312273 265.28500000
v 167.72477497 1141.53312273 265.28500000
v 167.72477497 1124.42557279 265.28500000
v 203.67422503 1124.42557279 265.28500000
v 203.67422503 1175.74822261 265.28500000
v 167.72477497 1175.74822261 265.28500000
v 167.72477497 1158.64067267 265.28500000
v 203.67422503 1158.64067267 265.28500000
v 203.67422503 1209.96332249 265.28500000
v 167.72477497 1209.96332249 265.28500000
v 167.72477497 1192.85577255 265.28500000
v 203.67422503 1192.85577255 265.28500000
v 203.67422503 1244.17842237 265.28500000
v 167.72477497 1244.17842237 265.28500000
v 167.72477497 1227.07087243 265.28500000
v 203.67422503 1227.07087243 265.28500000
v 203.67422503 1278.39352225 265.28500000
v 167.72477497 1278.39352225 265.28500000
v 167.72477497 1261.28597231 265.28500000
v 203.67422503 1261.28597231 265.28500000
v 203.67422503 1312.60862213 265.28500000
v 167.72477497 1312.60862213 265.28500000
v 167.72477497 1295.50107219 265.28500000
v 203.67422503 1295.50107219 265.28500000
v 203.67422503 1346.82372201 265.28500000
v 167.72477497 1346.82372201 265.28500000
v 167.72477497 1329.71617207 265.28500000
v 203.67422503 1329.71617207 265.28500000
v 203.67422503 1381.03882188 265.28500000
v 167.72477497 1381.03882188 265.28500000
v 167.72477497 1363.93127195 265.28500000
v 203.67422503 1363.93127195 265.28500000
v 203.67422503 1415.25392176 265.28500000
v 167.72477497 1415.25392176 265.28500000
v 167.72477497 1398.14637182 265.28500000
v 203.67422503 1398.14637182 265.28500000
v 203.67422503 1449.46902164 265.28500000
v 167.72477497 1449.46902164 265.28500000
v 167.72477497 1432.36147170 265.28500000
v 203.67422503 1432.36147170 265.28500000
v 203.67422503 1483.68412152 265.28500000
v 167.72477497 1483.68412152 265.28500000
v 167.72477497 1466.57657158 265.28500000
v 203.67422503 1466.57657158 265.28500000
v -203.67422503 628.30662455 -265.28500000
v -167.72477497 628.30662455 -265.28500000
v -167.72477497 611.19907461 -265.28500000
v -203.67422503 611.19907461 -265.28500000
v -203.67422503 662.52172443 -265.28500000
v -167.72477497 662.52172443 -265.28500000
v -167.72477497 645.41417449 -265.28500000
v -203.67422503 645.41417449 -265.28500000
v -203.67422503 696.73682430 -265.28500000
v -167.72477497 696.73682430 -265.28500000
v -167.72477497 679.62927436 -265.28500000
v -203.67422503 679.62927436 -265.28500000
v -203.67422503 730.95192418 -265.28500000
v -167.72477497 730.95192418 -265.28500000
v -167.72477497 713.84437424 -265.28500000
v -203.67422503 713.84437424 -265.28500000
v -203.67422503 765.16702406 -265.28500000
v -167.72477497 765.16702406 -265.28500000
v -167.72477497 748.05947412 -265.28500000
v -203.67422503 748.05947412 -265.28500000
v -203.67422503 799.38212394 -265.28500000
v -167.72477497 799.38212394 -265.28500000
v -167.72477497 782.27457400 -265.28500000
v -203.67422503 782.27457400 -265.28500000
v -203.67422503 833.59722382 -265.28500000
v -167.72477497 833.59722382 -265.28500000
v -167.72477497 816.48967388 -265.28500000
v -203.67422503 816.48967388 -265.28500000
v -203.67422503 867.81232370 -265.28500000
v -167.72477497 867.81232370 -265.28500000
v -167.72477497 850.70477376 -265.28500000
v -203.67422503 850.70477376 -265.28500000
v -203.67422503 902.02742358 -265.28500000
v -167.72477497 902.02742358 -265.28500000
v -167.72477497 884.91987364 -265.28500000
v -203.67422503 884.91987364 -265.28500000
v -203.67422503 936.24252346 -265.28500000
v -167.72477497 936.24252346 -265.28500000
v -167.72477497 919.13497352 -265.28500000
v -203.67422503 919.13497352 -265.28500000
v -203.67422503 970.45762334 -265.28500000
v -167.72477497 970.45762334 -265.28500000
v -167.72477497 953.35007340 -265.28500000
v -203.67422503 953.35007340 -265.28500000
v -203.67422503 1004.67272322 -265.28500000
v -167.72477497 1004.67272322 -265.28500000
v -167.72477497 987.56517328 -265.28500000
v -203.67422503 987.56517328 -265.28500000
v -203.67422503 1038.88782309 -265.28500000
v -167.72477497 1038.88782309 -265.28500000
v -167.72477497 1021.78027316 -265.28500000
v -203.67422503 1021.78027316 -265.28500000
v -203.67422503 1073.10292297 -265.28500000
v -167.72477497 1073.10292297 -265.28500000
v -167.72477497 1055.99537303 -265.28500000
v -203.67422503 1055.99537303 -265.28500000
v -203.67422503 1107.31802285 -265.28500000
v -167.72477497 1107.31802285 -265.28500000
v -167.72477497 1090.21047291 -265.28500000
v -203.67422503 1090.21047291 -265.28500000
v -203.67422503 1141.53312273 -265.28500000
v -167.72477497 1141.53312273 -265.28500000
v -167.72477497 1124.42557279 -265.28500000
v -203.67422503 1124.42557279 -265.28500000
v -203.67422503 1175.74822261 -265.28500000
v -167.72477497 1175.74822261 -265.28500000
v -167.72477497 1158.64067267 -265.28500000
v -203.67422503 1158.64067267 -265.28500000
v -203.67422503 1209.96332249 -265.28500000
v -167.72477497 1209.96332249 -265.28500000
v -167.72477497 1192.85577255 -265.28500000
v -203.67422503 1192.85577255 -265.28500000
v -203.67422503 1244.17842237 -265.28500000
v -167.72477497 1244.17842237 -265.28500000
v -167.72477497 1227.07087243 -265.28500000
v -203.67422503 1227.07087243 -265.28500000
v -203.67422503 1278.39352225 -265.28500000
v -167.72477497 1278.39352225 -265.28500000
v -167.72477497 1261.28597231 -265.28500000
v -203.67422503 1261.28597231 -265.28500000
v -203.67422503 1312.60862213 -265.28500000
v -167.72477497 1312.60862213 -265.28500000
v -167.72477497 1295.50107219 -265.28500000
v -203.67422503 1295.50107219 -265.28500000
v -203.67422503 1346.82372201 -265.28500000
v -167.72477497 1346.82372201 -265.28500000
v -167.72477497 1329.71617207 -265.28500000
v -203.67422503 1329.71617207 -265.28500000
v -203.67422503 1381.03882188 -265.28500000
v -167.72477497 1381.03882188 -265.28500000
v -167.72477497 1363.93127195 -265.28500000
v -203.67422503 1363.93127195 -265.28500000
v -203.67422503 1415.25392176 -265.28500000
v -167.72477497 1415.25392176 -265.28500000
v -167.72477497 1398.14637182 -265.28500000
v -203.67422503 1398.14637182 -265.28500000
v -203.67422503 1449.46902164 -265.28500000
v -167.72477497 1449.46902164 -265.28500000
v -167.72477497 1432.36147170 -265.28500000
v -203.67422503 1432.36147170 -265.28500000
v -203.67422503 1483.68412152 -265.28500000
v -167.72477497 1483.68412152 -265.28500000
v -167.72477497 1466.57657158 -265.28500000
v -203.67422503 1466.57657158 -265.28500000
v -150.61722503 628.30662455 -265.28500000
v -114.66777497 628.30662455 -265.28500000
v -114.66777497 611.19907461 -265.28500000
v -150.61722503 611.19907461 -265.28500000
v -150.61722503 662.52172443 -265.28500000
v -114.66777497 662.52172443 -265.28500000
v -114.66777497 645.41417449 -265.28500000
v -150.61722503 645.41417449 -265.28500000
v -150.61722503 696.73682430 -265.28500000
v -114.66777497 696.73682430 -265.28500000
v -114.66777497 679.62927436 -265.28500000
v -150.61722503 679.62927436 -265.28500000
v -150.61722503 730.95192418 -265.28500000
v -114.66777497 730.95192418 -265.28500000
v -114.66777497 713.84437424 -265.28500000
v -150.61722503 713.84437424 -265.28500000
v -150.61722503 765.16702406 -265.28500000
v -114.66777497 765.16702406 -265.28500000
v -114.66777497 748.05947412 -265.28500000
v -150.61722503 748.05947412 -265.28500000
v -150.61722503 799.38212394 -265.28500000
v -114.66777497 799.38212394 -265.28500000
v -114.66777497 782.27457400 -265.28500000
v -150.61722503 782.27457400 -265.28500000
v -150.61722503 833.59722382 -265.28500000
v -114.66777497 833.59722382 -265.28500000
v -114.66777497 816.48967388 -265.28500000
v -150.61722503 816.48967388 -265.28500000
v -150.61722503 867.81232370 -265.28500000
v -114.66777497 867.81232370 -265.28500000
v -114.66777497 850.70477376 -265.28500000
v -150.61722503 850.70477376 -265.28500000
v -150.61722503 902.02742358 -265.28500000
v -114.66777497 902.02742358 -265.28500000
v -114.66777497 884.91987364 -265.28500000
v -150.61722503 884.91987364 -265.28500000
v -150.61722503 936.24252346 -265.28500000
v -114.66777497 936.24252346 -265.28500000
v -114.66777497 919.13497352 -265.28500000
v -150.61722503 919.13497352 -265.28500000
v -150.61722503 970.45762334 -265.28500000
v -114.66777497 970.45762334 -265.28500000
v -114.66777497 953.35007340 -265.28500000
v -150.61722503 953.35007340 -265.28500000
v -150.61722503 1004.67272322 -265.28500000
v -114.66777497 1004.67272322 -265.28500000
v -114.66777497 987.56517328 -265.28500000
v -150.61722503 987.56517328 -265.28500000
v -150.61722503 1038.88782309 -265.28500000
v -114.66777497 1038.88782309 -265.28500000
v -114.66777497 1021.78027316 -265.28500000
v -150.61722503 1021.78027316 -265.28500000
v -150.61722503 1073.10292297 -265.28500000
v -114.66777497 1073.10292297 -265.28500000
v -114.66777497 1055.99537303 -265.28500000
v -150.61722503 1055.99537303 -265.28500000
v -150.61722503 1107.31802285 -265.28500000
v -114.66777497 1107.31802285 -265.28500000
v -114.66777497 1090.21047291 -265.28500000
v -150.61722503 1090.21047291 -265.28500000
v -150.61722503 1141.53312273 -265.28500000
v -114.66777497 1141.53312273 -265.28500000
v -114.66777497 1124.42557279 -265.28500000
v -150.61722503 1124.42557279 -265.28500000
v -150.61722503 1175.74822261 -265.28500000
v -114.66777497 1175.74822261 -265.28500000
v -114.66777497 1158.64067267 -265.28500000
v -150.61722503 1158.64067267 -265.28500000
v -150.61722503 1209.96332249 -265.28500000
v -114.66777497 1209.96332249 -265.28500000
v -114.66777497 1192.85577255 -265.28500000
v -150.61722503 1192.85577255 -265.28500000
v -150.61722503 1244.17842237 -265.28500000
v -114.66777497 1244.17842237 -265.28500000
v -114.66777497 1227.07087243 -265.28500000
v -150.61722503 1227.07087243 -265.28500000
v -150.61722503 1278.39352225 -265.28500000
v -114.66777497 1278.39352225 -265.28500000
v -114.66777497 1261.28597231 -265.28500000
v -150.61722503 1261.28597231 -265.28500000
v -150.61722503 1312.60862213 -265.28500000
v -114.66777497 1312.60862213 -265.28500000
v -114.66777497 1295.50107219 -265.28500000
v -150.61722503 1295.50107219 -265.28500000
v -150.61722503 1346.82372201 -265.28500000
v -114.66777497 1346.82372201 -265.28500000
v -114.66777497 1329.71617207 -265.28500000
v -150.61722503 1329.71617207 -265.28500000
v -150.61722503 1381.03882188 -265.28500000
v -114.66777497 1381.03882188 -265.28500000
v -114.66777497 1363.93127195 -265.28500000
v -150.61722503 1363.93127195 -265.28500000
v -150.61722503 1415.25392176 -265.28500000
v -114.66777497 1415.25392176 -265.28500000
v -114.66777497 1398.14637182 -265.28500000
v -150.61722503 1398.14637182 -265.28500000
v -150.61722503 1449.46902164 -265.28500000
v -114.66777497 1449.46902164 -265.28500000
v -114.66777497 1432.36147170 -265.28500000
v -150.61722503 1432.36147170 -265.28500000
v -150.61722503 1483.68412152 -265.28500000
v -114.66777497 1483.68412152 -265.28500000
v -114.66777497 1466.57657158 -265.28500000
v -150.61722503 1466.57657158 -265.28500000
v -97.56022503 628.30662455 -265.28500000
v -61.61077497 628.30662455 -265.28500000
v -61.61077497 611.19907461 -265.28500000
v -97.56022503 611.19907461 -265.28500000
v -97.56022503 662.52172443 -265.28500000
v -61.61077497 662.52172443 -265.28500000
v -61.61077497 645.41417449 -265.28500000
v -97.56022503 645.41417449 -265.28500000
v -97.56022503 696.73682430 -265.28500000
v -61.61077497 696.73682430 -265.28500000
v -61.61077497 679.62927436 -265.28500000
v -97.56022503 679.62927436 -265.28500000
v -97.56022503 730.95192418 -265.28500000
v -61.61077497 730.95192418 -265.28500000
v -61.61077497 713.84437424 -265.28500000
v -97.56022503 713.84437424 -265.28500000
v -97.56022503 765.16702406 -265.28500000
v -61.61077497 765.16702406 -265.28500000
v -61.61077497 748.05947412 -265.28500000
v -97.56022503 748.05947412 -265.28500000
v -97.56022503 799.38212394 -265.28500000
v -61.61077497 799.38212394 -265.28500000
v -61.61077497 782.27457400 -265.28500000
v -97.56022503 782.27457400 -265.28500000
v -97.56022503 833.59722382 -265.28500000
v -61.61077497 833.59722382 -265.28500000
v -61.61077497 816.48967388 -265.28500000
v -97.56022503 816.48967388 -265.28500000
v -97.56022503 867.81232370 -265.28500000
v -61.61077497 867.81232370 -265.28500000
v -61.61077497 850.70477376 -265.28500000
v -97.56022503 850.70477376 -265.28500000
v -97.56022503 902.02742358 -265.28500000
v -61.61077497 902.02742358 -265.28500000
v -61.61077497 884.91987364 -265.28500000
v -97.56022503 884.91987364 -265.28500000
v -97.56022503 936.24252346 -265.28500000
v -61.61077497 936.24252346 -265.28500000
v -61.61077497 919.13497352 -265.28500000
v -97.56022503 919.13497352 -265.28500000
v -97.56022503 970.45762334 -265.28500000
v -61.61077497 970.45762334 -265.28500000
v -61.61077497 953.35007340 -265.28500000
v -97.56022503 953.35007340 -265.28500000
v -97.56022503 1004.67272322 -265.28500000
v -61.61077497 1004.67272322 -265.28500000
v -61.61077497 987.56517328 -265.28500000
v -97.56022503 987.56517328 -265.28500000
v -97.56022503 1038.88782309 -265.28500000
v -61.61077497 1038.88782309 -265.28500000
v -61.61077497 1021.78027316 -265.28500000
v -97.56022503 1021.78027316 -265.28500000
v -97.56022503 1073.10292297 -265.28500000
v -61.61077497 1073.10292297 -265.28500000
v -61.61077497 1055.99537303 -265.28500000
v -97.56022503 1055.99537303 -265.28500000
v -97.56022503 1107.31802285 -265.28500000
v -61.61077497 1107.31802285 -265.28500000
v -61.61077497 1090.21047291 -265.28500000
v -97.56022503 1090.21047291 -265.28500000
v -97.56022503 1141.53312273 -265.28500000
v -61.61077497 1141.53312273 -265.28500000
v -61.61077497 1124.42557279 -265.28500000
v -97.56022503 1124.42557279 -265.28500000
v -97.56022503 1175.74822261 -265.28500000
v -61.61077497 1175.74822261 -265.28500000
v -61.61077497 1158.64067267 -265.28500000
v -97.56022503 1158.64067267 -265.28500000
v -97.56022503 1209.96332249 -265.28500000
v -61.61077497 1209.96332249 -265.28500000
v -61.61077497 1192.85577255 -265.28500000
v -97.56022503 1192.85577255 -265.28500000
v -97.56022503 1244.17842237 -265.28500000
v -61.61077497 1244.17842237 -265.28500000
v -61.61077497 1227.07087243 -265.28500000
v -97.56022503 1227.07087243 -265.28500000
v -97.56022503 1278.39352225 -265.28500000
v -61.61077497 1278.39352225 -265.28500000
v -61.61077497 1261.28597231 -265.28500000
v -97.56022503 1261.28597231 -265.28500000
v -97.56022503 1312.60862213 -265.28500000
v -61.61077497 1312.60862213 -265.28500000
v -61.61077497 1295.50107219 -265.28500000
v -97.56022503 1295.50107219 -265.28500000
v -97.56022503 1346.82372201 -265.28500000
v -61.61077497 1346.82372201 -265.28500000
v -61.61077497 1329.71617207 -265.28500000
v -97.56022503 1329.71617207 -265.28500000
v -97.56022503 1381.03882188 -265.28500000
v -61.61077497 1381.03882188 -265.28500000
v -61.61077497 1363.93127195 -265.28500000
v -97.56022503 1363.93127195 -265.28500000
v -97.56022503 1415.25392176 -265.28500000
v -61.61077497 1415.25392176 -265.28500000
v -61.61077497 1398.14637182 -265.28500000
v -97.56022503 1398.14637182 -265.28500000
v -97.56022503 1449.46902164 -265.28500000
v -61.61077497 1449.46902164 -265.28500000
v -61.61077497 1432.36147170 -265.28500000
v -97.56022503 1432.36147170 -265.28500000
v -97.56022503 1483.68412152 -265.28500000
v -61.61077497 1483.68412152 -265.28500000
v -61.61077497 1466.57657158 -265.28500000
v -97.56022503 1466.57657158 -265.28500000
v -44.50322503 628.30662455 -265.28500000
v -8.55377497 628.30662455 -265.28500000
v -8.55377497 611.19907461 -265.28500000
v -44.50322503 611.19907461 -265.28500000
v -44.50322503 662.52172443 -265.28500000
v -8.55377497 662.52172443 -265.28500000
v -8.55377497 645.41417449 -265.28500000
v -44.50322503 645.41417449 -265.28500000
v -44.50322503 696.73682430 -265.28500000
v -8.55377497 696.73682430 -265.28500000
v -8.55377497 679.62927436 -265.28500000
v -44.50322503 679.62927436 -265.28500000
v -44.50322503 730.95192418 -265.28500000
v -8.55377497 730.95192418 -265.28500000
v -8.55377497 713.84437424 -265.28500000
v -44.50322503 713.84437424 -265.28500000
v -44.50322503 765.16702406 -265.28500000
v -8.55377497 765.16702406 -265.28500000
v -8.55377497 748.05947412 -265.28500000
v -44.50322503 748.05947412 -265.28500000
v -44.50322503 799.38212394 -265.28500000
v -8.55377497 799.38212394 -265.28500000
v -8.55377497 782.27457400 -265.28500000
v -44.50322503 782.27457400 -265.28500000
v -44.50322503 833.59722382 -265.28500000
v -8.55377497 833.59722382 -265.28500000
v -8.55377497 816.48967388 -265.28500000
v -44.50322503 816.48967388 -265.28500000
v -44.50322503 867.81232370 -265.28500000
v -8.55377497 867.81232370 -265.28500000
v -8.55377497 850.70477376 -265.28500000
v -44.50322503 850.70477376 -265.28500000
v -44.50322503 902.02742358 -265.28500000
v -8.55377497 902.02742358 -265.28500000
v -8.55377497 884.91987364 -265.28500000
v -44.50322503 884.91987364 -265.28500000
v -44.50322503 936.24252346 -265.28500000
v -8.55377497 936.24252346 -265.28500000
v -8.55377497 919.13497352 -265.28500000
v -44.50322503 919.13497352 -265.28500000
v -44.50322503 970.45762334 -265.28500000
v -8.55377497 970.45762334 -265.28500000
v -8.55377497 953.35007340 -265.28500000
v -44.50322503 953.35007340 -265.28500000
v -44.50322503 1004.67272322 -265.28500000
v -8.55377497 1004.67272322 -265.28500000
v -8.55377497 987.56517328 -265.28500000
v -44.50322503 987.56517328 -265.28500000
v -44.50322503 1038.88782309 -265.28500000
v -8.55377497 1038.88782309 -265.28500000
v -8.55377497 1021.78027316 -265.28500000
v -44.50322503 1021.78027316 -265.28500000
v -44.50322503 1073.10292297 -265.28500000
v -8.55377497 1073.10292297 -265.28500000
v -8.55377497 1055.99537303 -265.28500000
v -44.50322503 1055.99537303 -265.28500000
v -44.50322503 1107.31802285 -265.28500000
v -8.55377497 1107.31802285 -265.28500000
v -8.55377497 1090.21047291 -265.28500000
v -44.50322503 1090.21047291 -265.28500000
v -44.50322503 1141.53312273 -265.28500000
v -8.55377497 1141.53312273 -265.28500000
v -8.55377497 1124.42557279 -265.28500000
v -44.50322503 1124.42557279 -265.28500000
v -44.50322503 1175.74822261 -265.28500000
v -8.55377497 1175.74822261 -265.28500000
v -8.55377497 1158.64067267 -265.28500000
v -44.50322503 1158.64067267 -265.28500000
v -44.50322503 1209.96332249 -265.28500000
v -8.55377497 1209.96332249 -265.28500000
v -8.55377497 1192.85577255 -265.28500000
v -44.50322503 1192.85577255 -265.28500000
v -44.50322503 1244.17842237 -265.28500000
v -8.55377497 1244.17842237 -265.28500000
v -8.55377497 1227.07087243 -265.28500000
v -44.50322503 1227.07087243 -265.28500000
v -44.50322503 1278.39352225 -265.28500000
v -8.55377497 1278.39352225 -265.28500000
v -8.55377497 1261.28597231 -265.28500000
v -44.50322503 1261.28597231 -265.28500000
v -44.50322503 1312.60862213 -265.28500000
v -8.55377497 1312.60862213 -265.28500000
v -8.55377497 1295.50107219 -265.28500000
v -44.50322503 1295.50107219 -265.28500000
v -44.50322503 1346.82372201 -265.28500000
v -8.55377497 1346.82372201 -265.28500000
v -8.55377497 1329.71617207 -265.28500000
v -44.50322503 1329.71617207 -265.28500000
v -44.50322503 1381.03882188 -265.28500000
v -8.55377497 1381.03882188 -265.28500000
v -8.55377497 1363.93127195 -265.28500000
v -44.50322503 1363.93127195 -265.28500000
v -44.50322503 1415.25392176 -265.28500000
v -8.55377497 1415.25392176 -265.28500000
v -8.55377497 1398.14637182 -265.28500000
v -44.50322503 1398.14637182 -265.28500000
v -44.50322503 1449.46902164 -265.28500000
v -8.55377497 1449.46902164 -265.28500000
v -8.55377497 1432.36147170 -265.28500000
v -44.50322503 1432.36147170 -265.28500000
v -44.50322503 1483.68412152 -265.28500000
v -8.55377497 1483.68412152 -265.28500000
v -8.55377497 1466.57657158 -265.28500000
v -44.50322503 1466.57657158 -265.28500000
v 8.55377497 628.30662455 -265.28500000
v 44.50322503 628.30662455 -265.28500000
v 44.50322503 611.19907461 -265.28500000
v 8.55377497 611.19907461 -265.28500000
v 8.55377497 662.52172443 -265.28500000
v 44.50322503 662.52172443 -265.28500000
v 44.50322503 645.41417449 -265.28500000
v 8.55377497 645.41417449 -265.28500000
v 8.55377497 696.73682430 -265.28500000
v 44.50322503 696.73682430 -265.28500000
v 44.50322503 679.62927436 -265.28500000
v 8.55377497 679.62927436 -265.28500000
v 8.55377497 730.95192418 -265.28500000
v 44.50322503 730.95192418 -265.28500000
v 44.50322503 713.84437424 -265.28500000
v 8.55377497 713.84437424 -265.28500000
v 8.55377497 765.16702406 -265.28500000
v 44.50322503 765.16702406 -265.28500000
v 44.50322503 748.05947412 -265.28500000
v 8.55377497 748.05947412 -265.28500000
v 8.55377497 799.38212394 -265.28500000
v 44.50322503 799.38212394 -265.28500000
v 44.50322503 782.27457400 -265.28500000
v 8.55377497 782.27457400 -265.28500000
v 8.55377497 833.59722382 -265.28500000
v 44.50322503 833.59722382 -265.28500000
v 44.50322503 816.48967388 -265.28500000
v 8.55377497 816.48967388 -265.28500000
v 8.55377497 867.81232370 -265.28500000
v 44.50322503 867.81232370 -265.28500000
v 44.50322503 850.70477376 -265.28500000
v 8.55377497 850.70477376 -265.28500000
v 8.55377497 902.02742358 -265.28500000
v 44.50322503 902.02742358 -265.28500000
v 44.50322503 884.91987364 -265.28500000
v 8.55377497 884.91987364 -265.28500000
v 8.55377497 936.24252346 -265.28500000
v 44.50322503 936.24252346 -265.28500000
v 44.50322503 919.13497352 -265.28500000
v 8.55377497 919.13497352 -265.28500000
v 8.55377497 970.45762334 -265.28500000
v 44.50322503 970.45762334 -265.28500000
v 44.50322503 953.35007340 -265.28500000
v 8.55377497 953.35007340 -265.28500000
v 8.55377497 1004.67272322 -265.28500000
v 44.50322503 1004.67272322 -265.28500000
v 44.50322503 987.56517328 -265.28500000
v 8.55377497 987.56517328 -265.28500000
v 8.55377497 1038.88782309 -265.28500000
v 44.50322503 1038.88782309 -265.28500000
v 44.50322503 1021.78027316 -265.28500000
v 8.55377497 1021.78027316 -265.28500000
v 8.55377497 1073.10292297 -265.28500000
v 44.50322503 1073.10292297 -265.28500000
v 44.50322503 1055.99537303 -265.28500000
v 8.55377497 1055.99537303 -265.28500000
v 8.55377497 1107.31802285 -265.28500000
v 44.50322503 1107.31802285 -265.28500000
v 44.50322503 1090.21047291 -265.28500000
v 8.55377497 1090.21047291 -265.28500000
v 8.55377497 1141.53312273 -265.28500000
v 44.50322503 1141.53312273 -265.28500000
v 44.50322503 1124.42557279 -265.28500000
v 8.55377497 1124.42557279 -265.28500000
v 8.55377497 1175.74822261 -265.28500000
v 44.50322503 1175.74822261 -265.28500000
v 44.50322503 1158.64067267 -265.28500000
v 8.55377497 1158.64067267 -265.28500000
v 8.55377497 1209.96332249 -265.28500000
v 44.50322503 1209.96332249 -265.28500000
v 44.50322503 1192.85577255 -265.28500000
v 8.55377497 1192.85577255 -265.28500000
v 8.55377497 1244.17842237 -265.28500000
v 44.50322503 1244.17842237 -265.28500000
v 44.50322503 1227.07087243 -265.28500000
v 8.55377497 1227.07087243 -265.28500000
v 8.55377497 1278.39352225 -265.28500000
v 44.50322503 1278.39352225 -265.28500000
v 44.50322503 1261.28597231 -265.28500000
v 8.55377497 1261.28597231 -265.28500000
v 8.55377497 1312.60862213 -265.28500000
v 44.50322503 1312.60862213 -265.28500000
v 44.50322503 1295.50107219 -265.28500000
v 8.55377497 1295.50107219 -265.28500000
v 8.55377497 1346.82372201 -265.28500000
v 44.50322503 1346.82372201 -265.28500000
v 44.50322503 1329.71617207 -265.28500000
v 8.55377497 1329.71617207 -265.28500000
v 8.55377497 1381.03882188 -265.28500000
v 44.50322503 1381.03882188 -265.28500000
v 44.50322503 1363.93127195 -265.28500000
v 8.55377497 1363.93127195 -265.28500000
v 8.55377497 1415.25392176 -265.28500000
v 44.50322503 1415.25392176 -265.28500000
v 44.50322503 1398.14637182 -265.28500000
v 8.55377497 1398.14637182 -265.28500000
v 8.55377497 1449.46902164 -265.28500000
v 44.50322503 1449.46902164 -265.28500000
v 44.50322503 1432.36147170 -265.28500000
v 8.55377497 1432.36147170 -265.28500000
v 8.55377497 1483.68412152 -265.28500000
v 44.50322503 1483.68412152 -265.28500000
v 44.50322503 1466.57657158 -265.28500000
v 8.55377497 1466.57657158 -265.28500000
v 61.61077497 628.30662455 -265.28500000
v 97.56022503 628.30662455 -265.28500000
v 97.56022503 611.19907461 -265.28500000
v 61.61077497 611.19907461 -265.28500000
v 61.61077497 662.52172443 -265.28500000
v 97.56022503 662.52172443 -265.28500000
v 97.56022503 645.41417449 -265.28500000
v 61.61077497 645.41417449 -265.28500000
v 61.61077497 696.73682430 -265.28500000
v 97.56022503 696.73682430 -265.28500000
v 97.56022503 679.62927436 -265.28500000
v 61.61077497 679.62927436 -265.28500000
v 61.61077497 730.95192418 -265.28500000
v 97.56022503 730.95192418 -265.28500000
v 97.56022503 713.84437424 -265.28500000
v 61.61077497 713.84437424 -265.28500000
v 61.61077497 765.16702406 -265.28500000
v 97.56022503 765.16702406 -265.28500000
v 97.56022503 748.05947412 -265.28500000
v 61.61077497 748.05947412 -265.28500000
v 61.61077497 799.38212394 -265.28500000
v 97.56022503 799.38212394 -265.28500000
v 97.56022503 782.27457400 -265.28500000
v 61.61077497 782.27457400 -265.28500000
v 61.61077497 833.59722382 -265.28500000
v 97.56022503 833.59722382 -265.28500000
v 97.56022503 816.48967388 -265.28500000
v 61.61077497 816.48967388 -265.28500000
v 61.61077497 867.81232370 -265.28500000
v 97.56022503 867.81232370 -265.28500000
v 97.56022503 850.70477376 -265.28500000
v 61.61077497 850.70477376 -265.28500000
v 61.61077497 902.02742358 -265.28500000
v 97.56022503 902.02742358 -265.28500000
v 97.56022503 884.91987364 -265.28500000
v 61.61077497 884.91987364 -265.28500000
v 61.61077497 936.24252346 -265.28500000
v 97.56022503 936.24252346 -265.28500000
v 97.56022503 919.13497352 -265.28500000
v 61.61077497 919.13497352 -265.28500000
v 61.61077497 970.45762334 -265.28500000
v 97.56022503 970.45762334 -265.28500000
v 97.56022503 953.35007340 -265.28500000
v 61.61077497 953.35007340 -265.28500000
v 61.61077497 1004.67272322 -265.28500000
v 97.56022503 1004.67272322 -265.28500000
v 97.56022503 987.56517328 -265.28500000
v 61.61077497 987.56517328 -265.28500000
v 61.61077497 1038.88782309 -265.28500000
v 97.56022503 1038.88782309 -265.28500000
v 97.56022503 1021.78027316 -265.28500000
v 61.61077497 1021.78027316 -265.28500000
v 61.61077497 1073.10292297 -265.28500000
v 97.56022503 1073.10292297 -265.28500000
v 97.56022503 1055.99537303 -265.28500000
v 61.61077497 1055.99537303 -265.28500000
v 61.61077497 1107.31802285 -265.28500000
v 97.56022503 1107.31802285 -265.28500000
v 97.56022503 1090.21047291 -265.28500000
v 61.61077497 1090.21047291 -265.28500000
v 61.61077497 1141.53312273 -265.28500000
v 97.56022503 1141.53312273 -265.28500000
v 97.56022503 1124.42557279 -265.28500000
v 61.61077497 1124.42557279 -265.28500000
v 61.61077497 1175.74822261 -265.28500000
v 97.56022503 1175.74822261 -265.28500000
v 97.56022503 1158.64067267 -265.28500000
v 61.61077497 1158.64067267 -265.28500000
v 61.61077497 1209.96332249 -265.28500000
v 97.56022503 1209.96332249 -265.28500000
v 97.56022503 1192.85577255 -265.28500000
v 61.61077497 1192.85577255 -265.28500000
v 61.61077497 1244.17842237 -265.28500000
v 97.56022503 1244.17842237 -265.28500000
v 97.56022503 1227.07087243 -265.28500000
v 61.61077497 1227.07087243 -265.28500000
v 61.61077497 1278.39352225 -265.28500000
v 97.56022503 1278.39352225 -265.28500000
v 97.56022503 1261.28597231 -265.28500000
v 61.61077497 1261.28597231 -265.28500000
v 61.61077497 1312.60862213 -265.28500000
v 97.56022503 1312.60862213 -265.28500000
v 97.56022503 1295.50107219 -265.28500000
v 61.61077497 1295.50107219 -265.28500000
v 61.61077497 1346.82372201 -265.28500000
v 97.56022503 1346.82372201 -265.28500000
v 97.56022503 1329.71617207 -265.28500000
v 61.61077497 1329.71617207 -265.28500000
v 61.61077497 1381.03882188 -265.28500000
v 97.56022503 1381.03882188 -265.28500000
v 97.56022503 1363.93127195 -265.28500000
v 61.61077497 1363.93127195 -265.28500000
v 61.61077497 1415.25392176 -265.28500000
v 97.56022503 1415.25392176 -265.28500000
v 97.56022503 1398.14637182 -265.28500000
v 61.61077497 1398.14637182 -265.28500000
v 61.61077497 1449.46902164 -265.28500000
v 97.56022503 1449.46902164 -265.28500000
v 97.56022503 1432.36147170 -265.28500000
v 61.61077497 1432.36147170 -265.28500000
v 61.61077497 1483.68412152 -265.28500000
v 97.56022503 1483.68412152 -265.28500000
v 97.56022503 1466.57657158 -265.28500000
v 61.61077497 1466.57657158 -265.28500000
v 114.66777497 628.30662455 -265.28500000
v 150.61722503 628.30662455 -265.28500000
v 150.61722503 611.19907461 -265.28500000
v 114.66777497 611.19907461 -265.28500000
v 114.66777497 662.52172443 -265.28500000
v 150.61722503 662.52172443 -265.28500000
v 150.61722503 645.41417449 -265.28500000
v 114.66777497 645.41417449 -265.28500000
v 114.66777497 696.73682430 -265.28500000
v 150.61722503 696.73682430 -265.28500000
v 150.61722503 679.62927436 -265.28500000
v 114.66777497 679.62927436 -265.28500000
v 114.66777497 730.95192418 -265.28500000
v 150.61722503 730.95192418 -265.28500000
v 150.61722503 713.84437424 -265.28500000
v 114.66777497 713.84437424 -265.28500000
v 114.66777497 765.16702406 -265.28500000
v 150.61722503 765.16702406 -265.28500000
v 150.61722503 748.05947412 -265.28500000
v 114.66777497 748.05947412 -265.28500000
v 114.66777497 799.38212394 -265.28500000
v 150.61722503 799.38212394 -265.28500000
v 150.61722503 782.27457400 -265.28500000
v 114.66777497 782.27457400 -265.28500000
v 114.66777497 833.59722382 -265.28500000
v 150.61722503 833.59722382 -265.28500000
v 150.61722503 816.48967388 -265.28500000
v 114.66777497 816.48967388 -265.28500000
v 114.66777497 867.81232370 -265.28500000
v 150.61722503 867.81232370 -265.28500000
v 150.61722503 850.70477376 -265.28500000
v 114.66777497 850.70477376 -265.28500000
v 114.66777497 902.02742358 -265.28500000
v 150.61722503 902.02742358 -265.28500000
v 150.61722503 884.91987364 -265.28500000
v 114.66777497 884.91987364 -265.28500000
v 114.66777497 936.24252346 -265.28500000
v 150.61722503 936.24252346 -265.28500000
v 150.61722503 919.13497352 -265.28500000
v 114.66777497 919.13497352 -265.28500000
v 114.66777497 970.45762334 -265.28500000
v 150.61722503 970.45762334 -265.28500000
v 150.61722503 953.35007340 -265.28500000
v 114.66777497 953.35007340 -265.28500000
v 114.66777497 1004.67272322 -265.28500000
v 150.61722503 1004.67272322 -265.28500000
v 150.61722503 987.56517328 -265.28500000
v 114.66777497 987.56517328 -265.28500000
v 114.66777497 1038.88782309 -265.28500000
v 150.61722503 1038.88782309 -265.28500000
v 150.61722503 1021.78027316 -265.28500000
v 114.66777497 1021.78027316 -265.28500000
v 114.66777497 1073.10292297 -265.28500000
v 150.61722503 1073.10292297 -265.28500000
v 150.61722503 1055.99537303 -265.28500000
v 114.66777497 1055.99537303 -265.28500000
v 114.66777497 1107.31802285 -265.28500000
v 150.61722503 1107.31802285 -265.28500000
v 150.61722503 1090.21047291 -265.28500000
v 114.66777497 1090.21047291 -265.28500000
v 114.66777497 1141.53312273 -265.28500000
v 150.61722503 1141.53312273 -265.28500000
v 150.61722503 1124.42557279 -265.28500000
v 114.66777497 1124.42557279 -265.28500000
v 114.66777497 1175.74822261 -265.28500000
v 150.61722503 1175.74822261 -265.28500000
v 150.61722503 1158.64067267 -265.28500000
v 114.66777497 1158.64067267 -265.28500000
v 114.66777497 1209.96332249 -265.28500000
v 150.61722503 1209.96332249 -265.28500000
v 150.61722503 1192.85577255 -265.28500000
v 114.66777497 1192.85577255 -265.28500000
v 114.66777497 1244.17842237 -265.28500000
v 150.61722503 1244.17842237 -265.28500000
v 150.61722503 1227.07087243 -265.28500000
v 114.66777497 1227.07087243 -265.28500000
v 114.66777497 1278.39352225 -265.28500000
v 150.61722503 1278.39352225 -265.28500000
v 150.61722503 1261.28597231 -265.28500000
v 114.66777497 1261.28597231 -265.28500000
v 114.66777497 1312.60862213 -265.28500000
v 150.61722503 1312.60862213 -265.28500000
v 150.61722503 1295.50107219 -265.28500000
v 114.66777497 1295.50107219 -265.28500000
v 114.66777497 1346.82372201 -265.28500000
v 150.61722503 1346.82372201 -265.28500000
v 150.61722503 1329.71617207 -265.28500000
v 114.66777497 1329.71617207 -265.28500000
v 114.66777497 1381.03882188 -265.28500000
v 150.61722503 1381.03882188 -265.28500000
v 150.61722503 1363.93127195 -265.28500000
v 114.66777497 1363.93127195 -265.28500000
v 114.66777497 1415.25392176 -265.28500000
v 150.61722503 1415.25392176 -265.28500000
v 150.61722503 1398.14637182 -265.28500000
v 114.66777497 1398.14637182 -265.28500000
v 114.66777497 1449.46902164 -265.28500000
v 150.61722503 1449.46902164 -265.28500000
v 150.61722503 1432.36147170 -265.28500000
v 114.66777497 1432.36147170 -265.28500000
v 114.66777497 1483.68412152 -265.28500000
v 150.61722503 1483.68412152 -265.28500000
v 150.61722503 1466.57657158 -265.28500000
v 114.66777497 1466.57657158 -265.28500000
v 167.72477497 628.30662455 -265.28500000
v 203.67422503 628.30662455 -265.28500000
v 203.67422503 611.19907461 -265.28500000
v 167.72477497 611.19907461 -265.28500000
v 167.72477497 662.52172443 -265.28500000
v 203.67422503 662.52172443 -265.28500000
v 203.67422503 645.41417449 -265.28500000
v 167.72477497 645.41417449 -265.28500000
v 167.72477497 696.73682430 -265.28500000
v 203.67422503 696.73682430 -265.28500000
v 203.67422503 679.62927436 -265.28500000
v 167.72477497 679.62927436 -265.28500000
v 167.72477497 730.95192418 -265.28500000
v 203.67422503 730.95192418 -265.28500000
v 203.67422503 713.84437424 -265.28500000
v 167.72477497 713.84437424 -265.28500000
v 167.72477497 765.16702406 -265.28500000
v 203.67422503 765.16702406 -265.28500000
v 203.67422503 748.05947412 -265.28500000
v 167.72477497 748.05947412 -265.28500000
v 167.72477497 799.38212394 -265.28500000
v 203.67422503 799.38212394 -265.28500000
v 203.67422503 782.27457400 -265.28500000
v 167.72477497 782.27457400 -265.28500000
v 167.72477497 833.59722382 -265.28500000
v 203.67422503 833.59722382 -265.28500000
v 203.67422503 816.48967388 -265.28500000
v 167.72477497 816.48967388 -265.28500000
v 167.72477497 867.81232370 -265.28500000
v 203.67422503 867.81232370 -265.28500000
v 203.67422503 850.70477376 -265.28500000
v 167.72477497 850.70477376 -265.28500000
v 167.72477497 902.02742358 -265.28500000
v 203.67422503 902.02742358 -265.28500000
v 203.67422503 884.91987364 -265.28500000
v 167.72477497 884.91987364 -265.28500000
v 167.72477497 936.24252346 -265.28500000
v 203.67422503 936.24252346 -265.28500000
v 203.67422503 919.13497352 -265.28500000
v 167.72477497 919.13497352 -265.28500000
v 167.72477497 970.45762334 -265.28500000
v 203.67422503 970.45762334 -265.28500000
v 203.67422503 953.35007340 -265.28500000
v 167.72477497 953.35007340 -265.28500000
v 167.72477497 1004.67272322 -265.28500000
v 203.67422503 1004.67272322 -265.28500000
v 203.67422503 987.56517328 -265.28500000
v 167.72477497 987.56517328 -265.28500000
v 167.72477497 1038.88782309 -265.28500000
v 203.67422503 1038.88782309 -265.28500000
v 203.67422503 1021.78027316 -265.28500000
v 167.72477497 1021.78027316 -265.28500000
v 167.72477497 1073.10292297 -265.28500000
v 203.67422503 1073.10292297 -265.28500000
v 203.67422503 1055.99537303 -265.28500000
v 167.72477497 1055.99537303 -265.28500000
v 167.72477497 1107.31802285 -265.28500000
v 203.67422503 1107.31802285 -265.28500000
v 203.67422503 1090.21047291 -265.28500000
v 167.72477497 1090.21047291 -265.28500000
v 167.72477497 1141.53312273 -265.28500000
v 203.67422503 1141.53312273 -265.28500000
v 203.67422503 1124.42557279 -265.28500000
v 167.72477497 1124.42557279 -265.28500000
v 167.72477497 1175.74822261 -265.28500000
v 203.67422503 1175.74822261 -265.28500000
v 203.67422503 1158.64067267 -265.28500000
v 167.72477497 1158.64067267 -265.28500000
v 167.72477497 1209.96332249 -265.28500000
v 203.67422503 1209.96332249 -265.28500000
v 203.67422503 1192.85577255 -265.28500000
v 167.72477497 1192.85577255 -265.28500000
v 167.72477497 1244.17842237 -265.28500000
v 203.67422503 1244.17842237 -265.28500000
v 203.67422503 1227.07087243 -265.28500000
v 167.72477497 1227.07087243 -265.28500000
v 167.72477497 1278.39352225 -265.28500000
v 203.67422503 1278.39352225 -265.28500000
v 203.67422503 1261.28597231 -265.28500000
v 167.72477497 1261.28597231 -265.28500000
v 167.72477497 1312.60862213 -265.28500000
v 203.67422503 1312.60862213 -265.28500000
v 203.67422503 1295.50107219 -265.28500000
v 167.72477497 1295.50107219 -265.28500000
v 167.72477497 1346.82372201 -265.28500000
v 203.67422503 1346.82372201 -265.28500000
v 203.67422503 1329.71617207 -265.28500000
v 167.72477497 1329.71617207 -265.28500000
v 167.72477497 1381.03882188 -265.28500000
v 203.67422503 1381.03882188 -265.28500000
v 203.67422503 1363.93127195 -265.28500000
v 167.72477497 1363.93127195 -265.28500000
v 167.72477497 1415.25392176 -265.28500000
v 203.67422503 1415.25392176 -265.28500000
v 203.67422503 1398.14637182 -265.28500000
v 167.72477497 1398.14637182 -265.28500000
v 167.72477497 1449.46902164 -265.28500000
v 203.67422503 1449.46902164 -265.28500000
v 203.67422503 1432.36147170 -265.28500000
v 167.72477497 1432.36147170 -265.28500000
v 167.72477497 1483.68412152 -265.28500000
v 203.67422503 1483.68412152 -265.28500000
v 203.67422503 1466.57657158 -265.28500000
v 167.72477497 1466.57657158 -265.28500000
v 265.28500000 628.30662455 -203.67422503
v 265.28500000 628.30662455 -167.72477497
v 265.28500000 611.19907461 -167.72477497
v 265.28500000 611.19907461 -203.67422503
v 265.28500000 662.52172443 -203.67422503
v 265.28500000 662.52172443 -167.72477497
v 265.28500000 645.41417449 -167.72477497
v 265.28500000 645.41417449 -203.67422503
v 265.28500000 696.73682430 -203.67422503
v 265.28500000 696.73682430 -167.72477497
v 265.28500000 679.62927436 -167.72477497
v 265.28500000 679.62927436 -203.67422503
v 265.28500000 730.95192418 -203.67422503
v 265.28500000 730.95192418 -167.72477497
v 265.28500000 713.84437424 -167.72477497
v 265.28500000 713.84437424 -203.67422503
v 265.28500000 765.16702406 -203.67422503
v 265.28500000 765.16702406 -167.72477497
v 265.28500000 748.05947412 -167.72477497
v 265.28500000 748.05947412 -203.67422503
v 265.28500000 799.38212394 -203.67422503
v 265.28500000 799.38212394 -167.72477497
v 265.28500000 782.27457400 -167.72477497
v 265.28500000 782.27457400 -203.67422503
v 265.28500000 833.59722382 -203.67422503
v 265.28500000 833.59722382 -167.72477497
v 265.28500000 816.48967388 -167.72477497
v 265.28500000 816.48967388 -203.67422503
v 265.28500000 867.81232370 -203.67422503
v 265.28500000 867.81232370 -167.72477497
v 265.28500000 850.70477376 -167.72477497
v 265.28500000 850.70477376 -203.67422503
v 265.28500000 902.02742358 -203.67422503
v 265.28500000 902.02742358 -167.72477497
v 265.28500000 884.91987364 -167.72477497
v 265.28500000 884.91987364 -203.67422503
v 265.28500000 936.24252346 -203.67422503
v 265.28500000 936.24252346 -167.72477497
v 265.28500000 919.13497352 -167.72477497
v 265.28500000 919.13497352 -203.67422503
v 265.28500000 970.45762334 -203.67422503
v 265.28500000 970.45762334 -167.72477497
v 265.28500000 953.35007340 -167.72477497
v 265.28500000 953.35007340 -203.67422503
v 265.28500000 1004.67272322 -203.67422503
v 265.28500000 1004.67272322 -167.72477497
v 265.28500000 987.56517328 -167.72477497
v 265.28500000 987.56517328 -203.67422503
v 265.28500000 1038.88782309 -203.67422503
v 265.28500000 1038.88782309 -167.72477497
v 265.28500000 1021.78027316 -167.72477497
v 265.28500000 1021.78027316 -203.67422503
v 265.28500000 1073.10292297 -203.67422503
v 265.28500000 1073.10292297 -167.72477497
v 265.28500000 1055.99537303 -167.72477497
v 265.28500000 1055.99537303 -203.67422503
v 265.28500000 1107.31802285 -203.67422503
v 265.28500000 1107.31802285 -167.72477497
v 265.28500000 1090.21047291 -167.72477497
v 265.28500000 1090.21047291 -203.67422503
v 265.28500000 1141.53312273 -203.67422503
v 265.28500000 1141.53312273 -167.72477497
v 265.28500000 1124.42557279 -167.72477497
v 265.28500000 1124.42557279 -203.67422503
v 265.28500000 1175.74822261 -203.67422503
v 265.28500000 1175.74822261 -167.72477497
v 265.28500000 1158.64067267 -167.72477497
v 265.28500000 1158.64067267 -203.67422503
v 265.28500000 1209.96332249 -203.67422503
v 265.28500000 1209.96332249 -167.72477497
v 265.28500000 1192.85577255 -167.72477497
v 265.28500000 1192.85577255 -203.67422503
v 265.28500000 1244.17842237 -203.67422503
v 265.28500000 1244.17842237 -167.72477497
v 265.28500000 1227.07087243 -167.72477497
v 265.28500000 1227.07087243 -203.67422503
v 265.28500000 1278.39352225 -203.67422503
v 265.28500000 1278.39352225 -167.72477497
v 265.28500000 1261.28597231 -167.72477497
v 265.28500000 1261.28597231 -203.67422503
v 265.28500000 1312.60862213 -203.67422503
v 265.28500000 1312.60862213 -167.72477497
v 265.28500000 1295.50107219 -167.72477497
v 265.28500000 1295.50107219 -203.67422503
v 265.28500000 1346.82372201 -203.67422503
v 265.28500000 1346.82372201 -167.72477497
v 265.28500000 1329.71617207 -167.72477497
v 265.28500000 1329.71617207 -203.67422503
v 265.28500000 1381.03882188 -203.67422503
v 265.28500000 1381.03882188 -167.72477497
v 265.28500000 1363.93127195 -167.72477497
v 265.28500000 1363.93127195 -203.67422503
v 265.28500000 1415.25392176 -203.67422503
v 265.28500000 1415.25392176 -167.72477497
v 265.28500000 1398.14637182 -167.72477497
v 265.28500000 1398.14637182 -203.67422503
v 265.28500000 1449.46902164 -203.67422503
v 265.28500000 1449.46902164 -167.72477497
v 265.28500000 1432.36147170 -167.72477497
v 265.28500000 1432.36147170 -203.67422503
v 265.28500000 1483.68412152 -203.67422503
v 265.28500000 1483.68412152 -167.72477497
v 265.28500000 1466.57657158 -167.72477497
v 265.28500000 1466.57657158 -203.67422503
v 265.28500000 628.30662455 -150.61722503
v 265.28500000 628.30662455 -114.66777497
v 265.28500000 611.19907461 -114.66777497
v 265.28500000 611.19907461 -150.61722503
v 265.28500000 662.52172443 -150.61722503
v 265.28500000 662.52172443 -114.66777497
v 265.28500000 645.41417449 -114.66777497
v 265.28500000 645.41417449 -150.61722503
v 265.28500000 696.73682430 -150.61722503
v 265.28500000 696.73682430 -114.66777497
v 265.28500000 679.62927436 -114.66777497
v 265.28500000 679.62927436 -150.61722503
v 265.28500000 730.95192418 -150.61722503
v 265.28500000 730.95192418 -114.66777497
v 265.28500000 713.84437424 -114.66777497
v 265.28500000 713.84437424 -150.61722503
v 265.28500000 765.16702406 -150.61722503
v 265.28500000 765.16702406 -114.66777497
v 265.28500000 748.05947412 -114.66777497
v 265.28500000 748.05947412 -150.61722503
v 265.28500000 799.38212394 -150.61722503
v 265.28500000 799.38212394 -114.66777497
v 265.28500000 782.27457400 -114.66777497
v 265.28500000 782.27457400 -150.61722503
v 265.28500000 833.59722382 -150.61722503
v 265.28500000 833.59722382 -114.66777497
v 265.28500000 816.48967388 -114.66777497
v 265.28500000 816.48967388 -150.61722503
v 265.28500000 867.81232370 -150.61722503
v 265.28500000 867.81232370 -114.66777497
v 265.28500000 850.70477376 -114.66777497
v 265.28500000 850.70477376 -150.61722503
v 265.28500000 902.02742358 -150.61722503
v 265.28500000 902.02742358 -114.66777497
v 265.28500000 884.91987364 -114.66777497
v 265.28500000 884.91987364 -150.61722503
v 265.28500000 936.24252346 -150.61722503
v 265.28500000 936.24252346 -114.66777497
v 265.28500000 919.13497352 -114.66777497
v 265.28500000 919.13497352 -150.61722503
v 265.28500000 970.45762334 -150.61722503
v 265.28500000 970.45762334 -114.66777497
v 265.28500000 953.35007340 -114.66777497
v 265.28500000 953.35007340 -150.61722503
v 265.28500000 1004.67272322 -150.61722503
v 265.28500000 1004.67272322 -114.66777497
v 265.28500000 987.56517328 -114.66777497
v 265.28500000 987.56517328 -150.61722503
v 265.28500000 1038.88782309 -150.61722503
v 265.28500000 1038.88782309 -114.66777497
v 265.28500000 1021.78027316 -114.66777497
v 265.28500000 1021.78027316 -150.61722503
v 265.28500000 1073.10292297 -150.61722503
v 265.28500000 1073.10292297 -114.66777497
v 265.28500000 1055.99537303 -114.66777497
v 265.28500000 1055.99537303 -150.61722503
v 265.28500000 1107.31802285 -150.61722503
v 265.28500000 1107.31802285 -114.66777497
v 265.28500000 1090.21047291 -114.66777497
v 265.28500000 1090.21047291 -150.61722503
v 265.28500000 1141.53312273 -150.61722503
v 265.28500000 1141.53312273 -114.66777497
v 265.28500000 1124.42557279 -114.66777497
v 265.28500000 1124.42557279 -150.61722503
v 265.28500000 1175.74822261 -150.61722503
v 265.28500000 1175.74822261 -114.66777497
v 265.28500000 1158.64067267 -114.66777497
v 265.28500000 1158.64067267 -150.61722503
v 265.28500000 1209.96332249 -150.61722503
v 265.28500000 1209.96332249 -114.66777497
v 265.28500000 1192.85577255 -114.66777497
v 265.28500000 1192.85577255 -150.61722503
v 265.28500000 1244.17842237 -150.61722503
v 265.28500000 1244.17842237 -114.66777497
v 265.28500000 1227.07087243 -114.66777497
v 265.28500000 1227.07087243 -150.61722503
v 265.28500000 1278.39352225 -150.61722503
v 265.28500000 1278.39352225 -114.66777497
v 265.28500000 1261.28597231 -114.66777497
v 265.28500000 1261.28597231 -150.61722503
v 265.28500000 1312.60862213 -150.61722503
v 265.28500000 1312.60862213 -114.66777497
v 265.28500000 1295.50107219 -114.66777497
v 265.28500000 1295.50107219 -150.61722503
v 265.28500000 1346.82372201 -150.61722503
v 265.28500000 1346.82372201 -114.66777497
v 265.28500000 1329.71617207 -114.66777497
v 265.28500000 1329.71617207 -150.61722503
v 265.28500000 1381.03882188 -150.61722503
v 265.28500000 1381.03882188 -114.66777497
v 265.28500000 1363.93127195 -114.66777497
v 265.28500000 1363.93127195 -150.61722503
v 265.28500000 1415.25392176 -150.61722503
v 265.28500000 1415.25392176 -114.66777497
v 265.28500000 1398.14637182 -114.66777497
v 265.28500000 1398.14637182 -150.61722503
v 265.28500000 1449.46902164 -150.61722503
v 265.28500000 1449.46902164 -114.66777497
v 265.28500000 1432.36147170 -114.66777497
v 265.28500000 1432.36147170 -150.61722503
v 265.28500000 1483.68412152 -150.61722503
v 265.28500000 1483.68412152 -114.66777497
v 265.28500000 1466.57657158 -114.66777497
v 265.28500000 1466.57657158 -150.61722503
v 265.28500000 628.30662455 -97.56022503
v 265.28500000 628.30662455 -61.61077497
v 265.28500000 611.19907461 -61.61077497
v 265.28500000 611.19907461 -97.56022503
v 265.28500000 662.52172443 -97.56022503
v 265.28500000 662.52172443 -61.61077497
v 265.28500000 645.41417449 -61.61077497
v 265.28500000 645.41417449 -97.56022503
v 265.28500000 696.73682430 -97.56022503
v 265.28500000 696.73682430 -61.61077497
v 265.28500000 679.62927436 -61.61077497
v 265.28500000 679.62927436 -97.56022503
v 265.28500000 730.95192418 -97.56022503
v 265.28500000 730.95192418 -61.61077497
v 265.28500000 713.84437424 -61.61077497
v 265.28500000 713.84437424 -97.56022503
v 265.28500000 765.16702406 -97.56022503
v 265.28500000 765.16702406 -61.61077497
v 265.28500000 748.05947412 -61.61077497
v 265.28500000 748.05947412 -97.56022503
v 265.28500000 799.38212394 -97.56022503
v 265.28500000 799.38212394 -61.61077497
v 265.28500000 782.27457400 -61.61077497
v 265.28500000 782.27457400 -97.56022503
v 265.28500000 833.59722382 -97.56022503
v 265.28500000 833.59722382 -61.61077497
v 265.28500000 816.48967388 -61.61077497
v 265.28500000 816.48967388 -97.56022503
v 265.28500000 867.81232370 -97.56022503
v 265.28500000 867.81232370 -61.61077497
v 265.28500000 850.70477376 -61.61077497
v 265.28500000 850.70477376 -97.56022503
v 265.28500000 902.02742358 -97.56022503
v 265.28500000 902.02742358 -61.61077497
v 265.28500000 884.91987364 -61.61077497
v 265.28500000 884.91987364 -97.56022503
v 265.28500000 936.24252346 -97.56022503
v 265.28500000 936.24252346 -61.61077497
v 265.28500000 919.13497352 -61.61077497
v 265.28500000 919.13497352 -97.56022503
v 265.28500000 970.45762334 -97.56022503
v 265.28500000 970.45762334 -61.61077497
v 265.28500000 953.35007340 -61.61077497
v 265.28500000 953.35007340 -97.56022503
v 265.28500000 1004.67272322 -97.56022503
v 265.28500000 1004.67272322 -61.61077497
v 265.28500000 987.56517328 -61.61077497
v 265.28500000 987.56517328 -97.56022503
v 265.28500000 1038.88782309 -97.56022503
v 265.28500000 1038.88782309 -61.61077497
v 265.28500000 1021.78027316 -61.61077497
v 265.28500000 1021.78027316 -97.56022503
v 265.28500000 1073.10292297 -97.56022503
v 265.28500000 1073.10292297 -61.61077497
v 265.28500000 1055.99537303 -61.61077497
v 265.28500000 1055.99537303 -97.56022503
v 265.28500000 1107.31802285 -97.56022503
v 265.28500000 1107.31802285 -61.61077497
v 265.28500000 1090.21047291 -61.61077497
v 265.28500000 1090.21047291 -97.56022503
v 265.28500000 1141.53312273 -97.56022503
v 265.28500000 1141.53312273 -61.61077497
v 265.28500000 1124.42557279 -61.61077497
v 265.28500000 1124.42557279 -97.56022503
v 265.28500000 1175.74822261 -97.56022503
v 265.28500000 1175.74822261 -61.61077497
v 265.28500000 1158.64067267 -61.61077497
v 265.28500000 1158.64067267 -97.56022503
v 265.28500000 1209.96332249 -97.56022503
v 265.28500000 1209.96332249 -61.61077497
v 265.28500000 1192.85577255 -61.61077497
v 265.28500000 1192.85577255 -97.56022503
v 265.28500000 1244.17842237 -97.56022503
v 265.28500000 1244.17842237 -61.61077497
v 265.28500000 1227.07087243 -61.61077497
v 265.28500000 1227.07087243 -97.56022503
v 265.28500000 1278.39352225 -97.56022503
v 265.28500000 1278.39352225 -61.61077497
v 265.28500000 1261.28597231 -61.61077497
v 265.28500000 1261.28597231 -97.56022503
v 265.28500000 1312.60862213 -97.56022503
v 265.28500000 1312.60862213 -61.61077497
v 265.28500000 1295.50107219 -61.61077497
v 265.28500000 1295.50107219 -97.56022503
v 265.28500000 1346.82372201 -97.56022503
v 265.28500000 1346.82372201 -61.61077497
v 265.28500000 1329.71617207 -61.61077497
v 265.28500000 1329.71617207 -97.56022503
v 265.28500000 1381.03882188 -97.56022503
v 265.28500000 1381.03882188 -61.61077497
v 265.28500000 1363.93127195 -61.61077497
v 265.28500000 1363.93127195 -97.56022503
v 265.28500000 1415.25392176 -97.56022503
v 265.28500000 1415.25392176 -61.61077497
v 265.28500000 1398.14637182 -61.61077497
v 265.28500000 1398.14637182 -97.56022503
v 265.28500000 1449.46902164 -97.56022503
v 265.28500000 1449.46902164 -61.61077497
v 265.28500000 1432.36147170 -61.61077497
v 265.28500000 1432.36147170 -97.56022503
v 265.28500000 1483.68412152 -97.56022503
v 265.28500000 1483.68412152 -61.61077497
v 265.28500000 1466.57657158 -61.61077497
v 265.28500000 1466.57657158 -97.56022503
v 265.28500000 628.30662455 -44.50322503
v 265.28500000 628.30662455 -8.55377497
v 265.28500000 611.19907461 -8.55377497
v 265.28500000 611.19907461 -44.50322503
v 265.28500000 662.52172443 -44.50322503
v 265.28500000 662.52172443 -8.55377497
v 265.28500000 645.41417449 -8.55377497
v 265.28500000 645.41417449 -44.50322503
v 265.28500000 696.73682430 -44.50322503
v 265.28500000 696.73682430 -8.55377497
v 265.28500000 679.62927436 -8.55377497
v 265.28500000 679.62927436 -44.50322503
v 265.28500000 730.95192418 -44.50322503
v 265.28500000 730.95192418 -8.55377497
v 265.28500000 713.84437424 -8.55377497
v 265.28500000 713.84437424 -44.50322503
v 265.28500000 765.16702406 -44.50322503
v 265.28500000 765.16702406 -8.55377497
v 265.28500000 748.05947412 -8.55377497
v 265.28500000 748.05947412 -44.50322503
v 265.28500000 799.38212394 -44.50322503
v 265.28500000 799.38212394 -8.55377497
v 265.28500000 782.27457400 -8.55377497
v 265.28500000 782.27457400 -44.50322503
v 265.28500000 833.59722382 -44.50322503
v 265.28500000 833.59722382 -8.55377497
v 265.28500000 816.48967388 -8.55377497
v 265.28500000 816.48967388 -44.50322503
v 265.28500000 867.81232370 -44.50322503
v 265.28500000 867.81232370 -8.55377497
v 265.28500000 850.70477376 -8.55377497
v 265.28500000 850.70477376 -44.50322503
v 265.28500000 902.02742358 -44.50322503
v 265.28500000 902.02742358 -8.55377497
v 265.28500000 884.91987364 -8.55377497
v 265.28500000 884.91987364 -44.50322503
v 265.28500000 936.24252346 -44.50322503
v 265.28500000 936.24252346 -8.55377497
v 265.28500000 919.13497352 -8.55377497
v 265.28500000 919.13497352 -44.50322503
v 265.28500000 970.45762334 -44.50322503
v 265.28500000 970.45762334 -8.55377497
v 265.28500000 953.35007340 -8.55377497
v 265.28500000 953.35007340 -44.50322503
v 265.28500000 1004.67272322 -44.50322503
v 265.28500000 1004.67272322 -8.55377497
v 265.28500000 987.56517328 -8.55377497
v 265.28500000 987.56517328 -44.50322503
v 265.28500000 1038.88782309 -44.50322503
v 265.28500000 1038.88782309 -8.55377497
v 265.28500000 1021.78027316 -8.55377497
v 265.28500000 1021.78027316 -44.50322503
v 265.28500000 1073.10292297 -44.50322503
v 265.28500000 1073.10292297 -8.55377497
v 265.28500000 1055.99537303 -8.55377497
v 265.28500000 1055.99537303 -44.50322503
v 265.28500000 1107.31802285 -44.50322503
v 265.28500000 1107.31802285 -8.55377497
v 265.28500000 1090.21047291 -8.55377497
v 265.28500000 1090.21047291 -44.50322503
v 265.28500000 1141.53312273 -44.50322503
v 265.28500000 1141.53312273 -8.55377497
v 265.28500000 1124.42557279 -8.55377497
v 265.28500000 1124.42557279 -44.50322503
v 265.28500000 1175.74822261 -44.50322503
v 265.28500000 1175.74822261 -8.55377497
v 265.28500000 1158.64067267 -8.55377497
v 265.28500000 1158.64067267 -44.50322503
v 265.28500000 1209.96332249 -44.50322503
v 265.28500000 1209.96332249 -8.55377497
v 265.28500000 1192.85577255 -8.55377497
v 265.28500000 1192.85577255 -44.50322503
v 265.28500000 1244.17842237 -44.50322503
v 265.28500000 1244.17842237 -8.55377497
v 265.28500000 1227.07087243 -8.55377497
v 265.28500000 1227.07087243 -44.50322503
v 265.28500000 1278.39352225 -44.50322503
v 265.28500000 1278.39352225 -8.55377497
v 265.28500000 1261.28597231 -8.55377497
v 265.28500000 1261.28597231 -44.50322503
v 265.28500000 1312.60862213 -44.50322503
v 265.28500000 1312.60862213 -8.55377497
v 265.28500000 1295.50107219 -8.55377497
v 265.28500000 1295.50107219 -44.50322503
v 265.28500000 1346.82372201 -44.50322503
v 265.28500000 1346.82372201 -8.55377497
v 265.28500000 1329.71617207 -8.55377497
v 265.28500000 1329.71617207 -44.50322503
v 265.28500000 1381.03882188 -44.50322503
v 265.28500000 1381.03882188 -8.55377497
v 265.28500000 1363.93127195 -8.55377497
v 265.28500000 1363.93127195 -44.50322503
v 265.28500000 1415.25392176 -44.50322503
v 265.28500000 1415.25392176 -8.55377497
v 265.28500000 1398.14637182 -8.55377497
v 265.28500000 1398.14637182 -44.50322503
v 265.28500000 1449.46902164 -44.50322503
v 265.28500000 1449.46902164 -8.55377497
v 265.28500000 1432.36147170 -8.55377497
v 265.28500000 1432.36147170 -44.50322503
v 265.28500000 1483.68412152 -44.50322503
v 265.28500000 1483.68412152 -8.55377497
v 265.28500000 1466.57657158 -8.55377497
v 265.28500000 1466.57657158 -44.50322503
v 265.28500000 628.30662455 8.55377497
v 265.28500000 628.30662455 44.50322503
v 265.28500000 611.19907461 44.50322503
v 265.28500000 611.19907461 8.55377497
v 265.28500000 662.52172443 8.55377497
v 265.28500000 662.52172443 44.50322503
v 265.28500000 645.41417449 44.50322503
v 265.28500000 645.41417449 8.55377497
v 265.28500000 696.73682430 8.55377497
v 265.28500000 696.73682430 44.50322503
v 265.28500000 679.62927436 44.50322503
v 265.28500000 679.62927436 8.55377497
v 265.28500000 730.95192418 8.55377497
v 265.28500000 730.95192418 44.50322503
v 265.28500000 713.84437424 44.50322503
v 265.28500000 713.84437424 8.55377497
v 265.28500000 765.16702406 8.55377497
v 265.28500000 765.16702406 44.50322503
v 265.28500000 748.05947412 44.50322503
v 265.28500000 748.05947412 8.55377497
v 265.28500000 799.38212394 8.55377497
v 265.28500000 799.38212394 44.50322503
v 265.28500000 782.27457400 44.50322503
v 265.28500000 782.27457400 8.55377497
v 265.28500000 833.59722382 8.55377497
v 265.28500000 833.59722382 44.50322503
v 265.28500000 816.48967388 44.50322503
v 265.28500000 816.48967388 8.55377497
v 265.28500000 867.81232370 8.55377497
v 265.28500000 867.81232370 44.50322503
v 265.28500000 850.70477376 44.50322503
v 265.28500000 850.70477376 8.55377497
v 265.28500000 902.02742358 8.55377497
v 265.28500000 902.02742358 44.50322503
v 265.28500000 884.91987364 44.50322503
v 265.28500000 884.91987364 8.55377497
v 265.28500000 936.24252346 8.55377497
v 265.28500000 936.24252346 44.50322503
v 265.28500000 919.13497352 44.50322503
v 265.28500000 919.13497352 8.55377497
v 265.28500000 970.45762334 8.55377497
v 265.28500000 970.45762334 44.50322503
v 265.28500000 953.35007340 44.50322503
v 265.28500000 953.35007340 8.55377497
v 265.28500000 1004.67272322 8.55377497
v 265.28500000 1004.67272322 44.50322503
v 265.28500000 987.56517328 44.50322503
v 265.28500000 987.56517328 8.55377497
v 265.28500000 1038.88782309 8.55377497
v 265.28500000 1038.88782309 44.50322503
v 265.28500000 1021.78027316 44.50322503
v 265.28500000 1021.78027316 8.55377497
v 265.28500000 1073.10292297 8.55377497
v 265.28500000 1073.10292297 44.50322503
v 265.28500000 1055.99537303 44.50322503
v 265.28500000 1055.99537303 8.55377497
v 265.28500000 1107.31802285 8.55377497
v 265.28500000 1107.31802285 44.50322503
v 265.28500000 1090.21047291 44.50322503
v 265.28500000 1090.21047291 8.55377497
v 265.28500000 1141.53312273 8.55377497
v 265.28500000 1141.53312273 44.50322503
v 265.28500000 1124.42557279 44.50322503
v 265.28500000 1124.42557279 8.55377497
v 265.28500000 1175.74822261 8.55377497
v 265.28500000 1175.74822261 44.50322503
v 265.28500000 1158.64067267 44.50322503
v 265.28500000 1158.64067267 8.55377497
v 265.28500000 1209.96332249 8.55377497
v 265.28500000 1209.96332249 44.50322503
v 265.28500000 1192.85577255 44.50322503
v 265.28500000 1192.85577255 8.55377497
v 265.28500000 1244.17842237 8.55377497
v 265.28500000 1244.17842237 44.50322503
v 265.28500000 1227.07087243 44.50322503
v 265.28500000 1227.07087243 8.55377497
v 265.28500000 1278.39352225 8.55377497
v 265.28500000 1278.39352225 44.50322503
v 265.28500000 1261.28597231 44.50322503
v 265.28500000 1261.28597231 8.55377497
v 265.28500000 1312.60862213 8.55377497
v 265.28500000 1312.60862213 44.50322503
v 265.28500000 1295.50107219 44.50322503
v 265.28500000 1295.50107219 8.55377497
v 265.28500000 1346.82372201 8.55377497
v 265.28500000 1346.82372201 44.50322503
v 265.28500000 1329.71617207 44.50322503
v 265.28500000 1329.71617207 8.55377497
v 265.28500000 1381.03882188 8.55377497
v 265.28500000 1381.03882188 44.50322503
v 265.28500000 1363.93127195 44.50322503
v 265.28500000 1363.93127195 8.55377497
v 265.28500000 1415.25392176 8.55377497
v 265.28500000 1415.25392176 44.50322503
v 265.28500000 1398.14637182 44.50322503
v 265.28500000 1398.14637182 8.55377497
v 265.28500000 1449.46902164 8.55377497
v 265.28500000 1449.46902164 44.50322503
v 265.28500000 1432.36147170 44.50322503
v 265.28500000 1432.36147170 8.55377497
v 265.28500000 1483.68412152 8.55377497
v 265.28500000 1483.68412152 44.50322503
v 265.28500000 1466.57657158 44.50322503
v 265.28500000 1466.57657158 8.55377497
v 265.28500000 628.30662455 61.61077497
v 265.28500000 628.30662455 97.56022503
v 265.28500000 611.19907461 97.56022503
v 265.28500000 611.19907461 61.61077497
v 265.28500000 662.52172443 61.61077497
v 265.28500000 662.52172443 97.56022503
v 265.28500000 645.41417449 97.56022503
v 265.28500000 645.41417449 61.61077497
v 265.28500000 696.73682430 61.61077497
v 265.28500000 696.73682430 97.56022503
v 265.28500000 679.62927436 97.56022503
v 265.28500000 679.62927436 61.61077497
v 265.28500000 730.95192418 61.61077497
v 265.28500000 730.95192418 97.56022503
v 265.28500000 713.84437424 97.56022503
v 265.28500000 713.84437424 61.61077497
v 265.28500000 765.16702406 61.61077497
v 265.28500000 765.16702406 97.56022503
v 265.28500000 748.05947412 97.56022503
v 265.28500000 748.05947412 61.61077497
v 265.28500000 799.38212394 61.61077497
v 265.28500000 799.38212394 97.56022503
v 265.28500000 782.27457400 97.56022503
v 265.28500000 782.27457400 61.61077497
v 265.28500000 833.59722382 61.61077497
v 265.28500000 833.59722382 97.56022503
v 265.28500000 816.48967388 97.56022503
v 265.28500000 816.48967388 61.61077497
v 265.28500000 867.81232370 61.61077497
v 265.28500000 867.81232370 97.56022503
v 265.28500000 850.70477376 97.56022503
v 265.28500000 850.70477376 61.61077497
v 265.28500000 902.02742358 61.61077497
v 265.28500000 902.02742358 97.56022503
v 265.28500000 884.91987364 97.56022503
v 265.28500000 884.91987364 61.61077497
v 265.28500000 936.24252346 61.61077497
v 265.28500000 936.24252346 97.56022503
v 265.28500000 919.13497352 97.56022503
v 265.28500000 919.13497352 61.61077497
v 265.28500000 970.45762334 61.61077497
v 265.28500000 970.45762334 97.56022503
v 265.28500000 953.35007340 97.56022503
v 265.28500000 953.35007340 61.61077497
v 265.28500000 1004.67272322 61.61077497
v 265.28500000 1004.67272322 97.56022503
v 265.28500000 987.56517328 97.56022503
v 265.28500000 987.56517328 61.61077497
v 265.28500000 1038.88782309 61.61077497
v 265.28500000 1038.88782309 97.56022503
v 265.28500000 1021.78027316 97.56022503
v 265.28500000 1021.78027316 61.61077497
v 265.28500000 1073.10292297 61.61077497
v 265.28500000 1073.10292297 97.56022503
v 265.28500000 1055.99537303 97.56022503
v 265.28500000 1055.99537303 61.61077497
v 265.28500000 1107.31802285 61.61077497
v 265.28500000 1107.31802285 97.56022503
v 265.28500000 1090.21047291 97.56022503
v 265.28500000 1090.21047291 61.61077497
v 265.28500000 1141.53312273 61.61077497
v 265.28500000 1141.53312273 97.56022503
v 265.28500000 1124.42557279 97.56022503
v 265.28500000 1124.42557279 61.61077497
v 265.28500000 1175.74822261 61.61077497
v 265.28500000 1175.74822261 97.56022503
v 265.28500000 1158.64067267 97.56022503
v 265.28500000 1158.64067267 61.61077497
v 265.28500000 1209.96332249 61.61077497
v 265.28500000 1209.96332249 97.56022503
v 265.28500000 1192.85577255 97.56022503
v 265.28500000 1192.85577255 61.61077497
v 265.28500000 1244.17842237 61.61077497
v 265.28500000 1244.17842237 97.56022503
v 265.28500000 1227.07087243 97.56022503
v 265.28500000 1227.07087243 61.61077497
v 265.28500000 1278.39352225 61.61077497
v 265.28500000 1278.39352225 97.56022503
v 265.28500000 1261.28597231 97.56022503
v 265.28500000 1261.28597231 61.61077497
v 265.28500000 1312.60862213 61.61077497
v 265.28500000 1312.60862213 97.56022503
v 265.28500000 1295.50107219 97.56022503
v 265.28500000 1295.50107219 61.61077497
v 265.28500000 1346.82372201 61.61077497
v 265.28500000 1346.82372201 97.56022503
v 265.28500000 1329.71617207 97.56022503
v 265.28500000 1329.71617207 61.61077497
v 265.28500000 1381.03882188 61.61077497
v 265.28500000 1381.03882188 97.56022503
v 265.28500000 1363.93127195 97.56022503
v 265.28500000 1363.93127195 61.61077497
v 265.28500000 1415.25392176 61.61077497
v 265.28500000 1415.25392176 97.56022503
v 265.28500000 1398.14637182 97.56022503
v 265.28500000 1398.14637182 61.61077497
v 265.28500000 1449.46902164 61.61077497
v 265.28500000 1449.46902164 97.56022503
v 265.28500000 1432.36147170 97.56022503
v 265.28500000 1432.36147170 61.61077497
v 265.28500000 1483.68412152 61.61077497
v 265.28500000 1483.68412152 97.56022503
v 265.28500000 1466.57657158 97.56022503
v 265.28500000 1466.57657158 61.61077497
v 265.28500000 628.30662455 114.66777497
v 265.28500000 628.30662455 150.61722503
v 265.28500000 611.19907461 150.61722503
v 265.28500000 611.19907461 114.66777497
v 265.28500000 662.52172443 114.66777497
v 265.28500000 662.52172443 150.61722503
v 265.28500000 645.41417449 150.61722503
v 265.28500000 645.41417449 114.66777497
v 265.28500000 696.73682430 114.66777497
v 265.28500000 696.73682430 150.61722503
v 265.28500000 679.62927436 150.61722503
v 265.28500000 679.62927436 114.66777497
v 265.28500000 730.95192418 114.66777497
v 265.28500000 730.95192418 150.61722503
v 265.28500000 713.84437424 150.61722503
v 265.28500000 713.84437424 114.66777497
v 265.28500000 765.16702406 114.66777497
v 265.28500000 765.16702406 150.61722503
v 265.28500000 748.05947412 150.61722503
v 265.28500000 748.05947412 114.66777497
v 265.28500000 799.38212394 114.66777497
v 265.28500000 799.38212394 150.61722503
v 265.28500000 782.27457400 150.61722503
v 265.28500000 782.27457400 114.66777497
v 265.28500000 833.59722382 114.66777497
v 265.28500000 833.59722382 150.61722503
v 265.28500000 816.48967388 150.61722503
v 265.28500000 816.48967388 114.66777497
v 265.28500000 867.81232370 114.66777497
v 265.28500000 867.81232370 150.61722503
v 265.28500000 850.70477376 150.61722503
v 265.28500000 850.70477376 114.66777497
v 265.28500000 902.02742358 114.66777497
v 265.28500000 902.02742358 150.61722503
v 265.28500000 884.91987364 150.61722503
v 265.28500000 884.91987364 114.66777497
v 265.28500000 936.24252346 114.66777497
v 265.28500000 936.24252346 150.61722503
v 265.28500000 919.13497352 150.61722503
v 265.28500000 919.13497352 114.66777497
v 265.28500000 970.45762334 114.66777497
v 265.28500000 970.45762334 150.61722503
v 265.28500000 953.35007340 150.61722503
v 265.28500000 953.35007340 114.66777497
v 265.28500000 1004.67272322 114.66777497
v 265.28500000 1004.67272322 150.61722503
v 265.28500000 987.56517328 150.61722503
v 265.28500000 987.56517328 114.66777497
v 265.28500000 1038.88782309 114.66777497
v 265.28500000 1038.88782309 150.61722503
v 265.28500000 1021.78027316 150.61722503
v 265.28500000 1021.78027316 114.66777497
v 265.28500000 1073.10292297 114.66777497
v 265.28500000 1073.10292297 150.61722503
v 265.28500000 1055.99537303 150.61722503
v 265.28500000 1055.99537303 114.66777497
v 265.28500000 1107.31802285 114.66777497
v 265.28500000 1107.31802285 150.61722503
v 265.28500000 1090.21047291 150.61722503
v 265.28500000 1090.21047291 114.66777497
v 265.28500000 1141.53312273 114.66777497
v 265.28500000 1141.53312273 150.61722503
v 265.28500000 1124.42557279 150.61722503
v 265.28500000 1124.42557279 114.66777497
v 265.28500000 1175.74822261 114.66777497
v 265.28500000 1175.74822261 150.61722503
v 265.28500000 1158.64067267 150.61722503
v 265.28500000 1158.64067267 114.66777497
v 265.28500000 1209.96332249 114.66777497
v 265.28500000 1209.96332249 150.61722503
v 265.28500000 1192.85577255 150.61722503
v 265.28500000 1192.85577255 114.66777497
v 265.28500000 1244.17842237 114.66777497
v 265.28500000 1244.17842237 150.61722503
v 265.28500000 1227.07087243 150.61722503
v 265.28500000 1227.07087243 114.66777497
v 265.28500000 1278.39352225 114.66777497
v 265.28500000 1278.39352225 150.61722503
v 265.28500000 1261.28597231 150.61722503
v 265.28500000 1261.28597231 114.66777497
v 265.28500000 1312.60862213 114.66777497
v 265.28500000 1312.60862213 150.61722503
v 265.28500000 1295.50107219 150.61722503
v 265.28500000 1295.50107219 114.66777497
v 265.28500000 1346.82372201 114.66777497
v 265.28500000 1346.82372201 150.61722503
v 265.28500000 1329.71617207 150.61722503
v 265.28500000 1329.71617207 114.66777497
v 265.28500000 1381.03882188 114.66777497
v 265.28500000 1381.03882188 150.61722503
v 265.28500000 1363.93127195 150.61722503
v 265.28500000 1363.93127195 114.66777497
v 265.28500000 1415.25392176 114.66777497
v 265.28500000 1415.25392176 150.61722503
v 265.28500000 1398.14637182 150.61722503
v 265.28500000 1398.14637182 114.66777497
v 265.28500000 1449.46902164 114.66777497
v 265.28500000 1449.46902164 150.61722503
v 265.28500000 1432.36147170 150.61722503
v 265.28500000 1432.36147170 114.66777497
v 265.28500000 1483.68412152 114.66777497
v 265.28500000 1483.68412152 150.61722503
v 265.28500000 1466.57657158 150.61722503
v 265.28500000 1466.57657158 114.66777497
v 265.28500000 628.30662455 167.72477497
v 265.28500000 628.30662455 203.67422503
v 265.28500000 611.19907461 203.67422503
v 265.28500000 611.19907461 167.72477497
v 265.28500000 662.52172443 167.72477497
v 265.28500000 662.52172443 203.67422503
v 265.28500000 645.41417449 203.67422503
v 265.28500000 645.41417449 167.72477497
v 265.28500000 696.73682430 167.72477497
v 265.28500000 696.73682430 203.67422503
v 265.28500000 679.62927436 203.67422503
v 265.28500000 679.62927436 167.72477497
v 265.28500000 730.95192418 167.72477497
v 265.28500000 730.95192418 203.67422503
v 265.28500000 713.84437424 203.67422503
v 265.28500000 713.84437424 167.72477497
v 265.28500000 765.16702406 167.72477497
v 265.28500000 765.16702406 203.67422503
v 265.28500000 748.05947412 203.67422503
v 265.28500000 748.05947412 167.72477497
v 265.28500000 799.38212394 167.72477497
v 265.28500000 799.38212394 203.67422503
v 265.28500000 782.27457400 203.67422503
v 265.28500000 782.27457400 167.72477497
v 265.28500000 833.59722382 167.72477497
v 265.28500000 833.59722382 203.67422503
v 265.28500000 816.48967388 203.67422503
v 265.28500000 816.48967388 167.72477497
v 265.28500000 867.81232370 167.72477497
v 265.28500000 867.81232370 203.67422503
v 265.28500000 850.70477376 203.67422503
v 265.28500000 850.70477376 167.72477497
v 265.28500000 902.02742358 167.72477497
v 265.28500000 902.02742358 203.67422503
v 265.28500000 884.91987364 203.67422503
v 265.28500000 884.91987364 167.72477497
v 265.28500000 936.24252346 167.72477497
v 265.28500000 936.24252346 203.67422503
v 265.28500000 919.13497352 203.67422503
v 265.28500000 919.13497352 167.72477497
v 265.28500000 970.45762334 167.72477497
v 265.28500000 970.45762334 203.67422503
v 265.28500000 953.35007340 203.67422503
v 265.28500000 953.35007340 167.72477497
v 265.28500000 1004.67272322 167.72477497
v 265.28500000 1004.67272322 203.67422503
v 265.28500000 987.56517328 203.67422503
v 265.28500000 987.56517328 167.72477497
v 265.28500000 1038.88782309 167.72477497
v 265.28500000 1038.88782309 203.67422503
v 265.28500000 1021.78027316 203.67422503
v 265.28500000 1021.78027316 167.72477497
v 265.28500000 1073.10292297 167.72477497
v 265.28500000 1073.10292297 203.67422503
v 265.28500000 1055.99537303 203.67422503
v 265.28500000 1055.99537303 167.72477497
v 265.28500000 1107.31802285 167.72477497
v 265.28500000 1107.31802285 203.67422503
v 265.28500000 1090.21047291 203.67422503
v 265.28500000 1090.21047291 167.72477497
v 265.28500000 1141.53312273 167.72477497
v 265.28500000 1141.53312273 203.67422503
v 265.28500000 1124.42557279 203.67422503
v 265.28500000 1124.42557279 167.72477497
v 265.28500000 1175.74822261 167.72477497
v 265.28500000 1175.74822261 203.67422503
v 265.28500000 1158.64067267 203.67422503
v 265.28500000 1158.64067267 167.72477497
v 265.28500000 1209.96332249 167.72477497
v 265.28500000 1209.96332249 203.67422503
v 265.28500000 1192.85577255 203.67422503
v 265.28500000 1192.85577255 167.72477497
v 265.28500000 1244.17842237 167.72477497
v 265.28500000 1244.17842237 203.67422503
v 265.28500000 1227.07087243 203.67422503
v 265.28500000 1227.07087243 167.72477497
v 265.28500000 1278.39352225 167.72477497
v 265.28500000 1278.39352225 203.67422503
v 265.28500000 1261.28597231 203.67422503
v 265.28500000 1261.28597231 167.72477497
v 265.28500000 1312.60862213 167.72477497
v 265.28500000 1312.60862213 203.67422503
v 265.28500000 1295.50107219 203.67422503
v 265.28500000 1295.50107219 167.72477497
v 265.28500000 1346.82372201 167.72477497
v 265.28500000 1346.82372201 203.67422503
v 265.28500000 1329.71617207 203.67422503
v 265.28500000 1329.71617207 167.72477497
v 265.28500000 1381.03882188 167.72477497
v 265.28500000 1381.03882188 203.67422503
v 265.28500000 1363.93127195 203.67422503
v 265.28500000 1363.93127195 167.72477497
v 265.28500000 1415.25392176 167.72477497
v 265.28500000 1415.25392176 203.67422503
v 265.28500000 1398.14637182 203.67422503
v 265.28500000 1398.14637182 167.72477497
v 265.28500000 1449.46902164 167.72477497
v 265.28500000 1449.46902164 203.67422503
v 265.28500000 1432.36147170 203.67422503
v 265.28500000 1432.36147170 167.72477497
v 265.28500000 1483.68412152 167.72477497
v 265.28500000 1483.68412152 203.67422503
v 265.28500000 1466.57657158 203.67422503
v 265.28500000 1466.57657158 167.72477497
v -265.28500000 628.30662455 -167.72477497
v -265.28500000 628.30662455 -203.67422503
v -265.28500000 611.19907461 -203.67422503
v -265.28500000 611.19907461 -167.72477497
v -265.28500000 662.52172443 -167.72477497
v -265.28500000 662.52172443 -203.67422503
v -265.28500000 645.41417449 -203.67422503
v -265.28500000 645.41417449 -167.72477497
v -265.28500000 696.73682430 -167.72477497
v -265.28500000 696.73682430 -203.67422503
v -265.28500000 679.62927436 -203.67422503
v -265.28500000 679.62927436 -167.72477497
v -265.28500000 730.95192418 -167.72477497
v -265.28500000 730.95192418 -203.67422503
v -265.28500000 713.84437424 -203.67422503
v -265.28500000 713.84437424 -167.72477497
v -265.28500000 765.16702406 -167.72477497
v -265.28500000 765.16702406 -203.67422503
v -265.28500000 748.05947412 -203.67422503
v -265.28500000 748.05947412 -167.72477497
v -265.28500000 799.38212394 -167.72477497
v -265.28500000 799.38212394 -203.67422503
v -265.28500000 782.27457400 -203.67422503
v -265.28500000 782.27457400 -167.72477497
v -265.28500000 833.59722382 -167.72477497
v -265.28500000 833.59722382 -203.67422503
v -265.28500000 816.48967388 -203.67422503
v -265.28500000 816.48967388 -167.72477497
v -265.28500000 867.81232370 -167.72477497
v -265.28500000 867.81232370 -203.67422503
v -265.28500000 850.70477376 -203.67422503
v -265.28500000 850.70477376 -167.72477497
v -265.28500000 902.02742358 -167.72477497
v -265.28500000 902.02742358 -203.67422503
v -265.28500000 884.91987364 -203.67422503
v -265.28500000 884.91987364 -167.72477497
v -265.28500000 936.24252346 -167.72477497
v -265.28500000 936.24252346 -203.67422503
v -265.28500000 919.13497352 -203.67422503
v -265.28500000 919.13497352 -167.72477497
v -265.28500000 970.45762334 -167.72477497
v -265.28500000 970.45762334 -203.67422503
v -265.28500000 953.35007340 -203.67422503
v -265.28500000 953.35007340 -167.72477497
v -265.28500000 1004.67272322 -167.72477497
v -265.28500000 1004.67272322 -203.67422503
v -265.28500000 987.56517328 -203.67422503
v -265.28500000 987.56517328 -167.72477497
v -265.28500000 1038.88782309 -167.72477497
v -265.28500000 1038.88782309 -203.67422503
v -265.28500000 1021.78027316 -203.67422503
v -265.28500000 1021.78027316 -167.72477497
v -265.28500000 1073.10292297 -167.72477497
v -265.28500000 1073.10292297 -203.67422503
v -265.28500000 1055.99537303 -203.67422503
v -265.28500000 1055.99537303 -167.72477497
v -265.28500000 1107.31802285 -167.72477497
v -265.28500000 1107.31802285 -203.67422503
v -265.28500000 1090.21047291 -203.67422503
v -265.28500000 1090.21047291 -167.72477497
v -265.28500000 1141.53312273 -167.72477497
v -265.28500000 1141.53312273 -203.67422503
v -265.28500000 1124.42557279 -203.67422503
v -265.28500000 1124.42557279 -167.72477497
v -265.28500000 1175.74822261 -167.72477497
v -265.28500000 1175.74822261 -203.67422503
v -265.28500000 1158.64067267 -203.67422503
v -265.28500000 1158.64067267 -167.72477497
v -265.28500000 1209.96332249 -167.72477497
v -265.28500000 1209.96332249 -203.67422503
v -265.28500000 1192.85577255 -203.67422503
v -265.28500000 1192.85577255 -167.72477497
v -265.28500000 1244.17842237 -167.72477497
v -265.28500000 1244.17842237 -203.67422503
v -265.28500000 1227.07087243 -203.67422503
v -265.28500000 1227.07087243 -167.72477497
v -265.28500000 1278.39352225 -167.72477497
v -265.28500000 1278.39352225 -203.67422503
v -265.28500000 1261.28597231 -203.67422503
v -265.28500000 1261.28597231 -167.72477497
v -265.28500000 1312.60862213 -167.72477497
v -265.28500000 1312.60862213 -203.67422503
v -265.28500000 1295.50107219 -203.67422503
v -265.28500000 1295.50107219 -167.72477497
v -265.28500000 1346.82372201 -167.72477497
v -265.28500000 1346.82372201 -203.67422503
v -265.28500000 1329.71617207 -203.67422503
v -265.28500000 1329.71617207 -167.72477497
v -265.28500000 1381.03882188 -167.72477497
v -265.28500000 1381.03882188 -203.67422503
v -265.28500000 1363.93127195 -203.67422503
v -265.28500000 1363.93127195 -167.72477497
v -265.28500000 1415.25392176 -167.72477497
v -265.28500000 1415.25392176 -203.67422503
v -265.28500000 1398.14637182 -203.67422503
v -265.28500000 1398.14637182 -167.72477497
v -265.28500000 1449.46902164 -167.72477497
v -265.28500000 1449.46902164 -203.67422503
v -265.28500000 1432.36147170 -203.67422503
v -265.28500000 1432.36147170 -167.72477497
v -265.28500000 1483.68412152 -167.72477497
v -265.28500000 1483.68412152 -203.67422503
v -265.28500000 1466.57657158 -203.67422503
v -265.28500000 1466.57657158 -167.72477497
v -265.28500000 628.30662455 -114.66777497
v -265.28500000 628.30662455 -150.61722503
v -265.28500000 611.19907461 -150.61722503
v -265.28500000 611.19907461 -114.66777497
v -265.28500000 662.52172443 -114.66777497
v -265.28500000 662.52172443 -150.61722503
v -265.28500000 645.41417449 -150.61722503
v -265.28500000 645.41417449 -114.66777497
v -265.28500000 696.73682430 -114.66777497
v -265.28500000 696.73682430 -150.61722503
v -265.28500000 679.62927436 -150.61722503
v -265.28500000 679.62927436 -114.66777497
v -265.28500000 730.95192418 -114.66777497
v -265.28500000 730.95192418 -150.61722503
v -265.28500000 713.84437424 -150.61722503
v -265.28500000 713.84437424 -114.66777497
v -265.28500000 765.16702406 -114.66777497
v -265.28500000 765.16702406 -150.61722503
v -265.28500000 748.05947412 -150.61722503
v -265.28500000 748.05947412 -114.66777497
v -265.28500000 799.38212394 -114.66777497
v -265.28500000 799.38212394 -150.61722503
v -265.28500000 782.27457400 -150.61722503
v -265.28500000 782.27457400 -114.66777497
v -265.28500000 833.59722382 -114.66777497
v -265.28500000 833.59722382 -150.61722503
v -265.28500000 816.48967388 -150.61722503
v -265.28500000 816.48967388 -114.66777497
v -265.28500000 867.81232370 -114.66777497
v -265.28500000 867.81232370 -150.61722503
v -265.28500000 850.70477376 -150.61722503
v -265.28500000 850.70477376 -114.66777497
v -265.28500000 902.02742358 -114.66777497
v -265.28500000 902.02742358 -150.61722503
v -265.28500000 884.91987364 -150.61722503
v -265.28500000 884.91987364 -114.66777497
v -265.28500000 936.24252346 -114.66777497
v -265.28500000 936.24252346 -150.61722503
v -265.28500000 919.13497352 -150.61722503
v -265.28500000 919.13497352 -114.66777497
v -265.28500000 970.45762334 -114.66777497
v -265.28500000 970.45762334 -150.61722503
v -265.28500000 953.35007340 -150.61722503
v -265.28500000 953.35007340 -114.66777497
v -265.28500000 1004.67272322 -114.66777497
v -265.28500000 1004.67272322 -150.61722503
v -265.28500000 987.56517328 -150.61722503
v -265.28500000 987.56517328 -114.66777497
v -265.28500000 1038.88782309 -114.66777497
v -265.28500000 1038.88782309 -150.61722503
v -265.28500000 1021.78027316 -150.61722503
v -265.28500000 1021.78027316 -114.66777497
v -265.28500000 1073.10292297 -114.66777497
v -265.28500000 1073.10292297 -150.61722503
v -265.28500000 1055.99537303 -150.61722503
v -265.28500000 1055.99537303 -114.66777497
v -265.28500000 1107.31802285 -114.66777497
v -265.28500000 1107.31802285 -150.61722503
v -265.28500000 1090.21047291 -150.61722503
v -265.28500000 1090.21047291 -114.66777497
v -265.28500000 1141.53312273 -114.66777497
v -265.28500000 1141.53312273 -150.61722503
v -265.28500000 1124.42557279 -150.61722503
v -265.28500000 1124.42557279 -114.66777497
v -265.28500000 1175.74822261 -114.66777497
v -265.28500000 1175.74822261 -150.61722503
v -265.28500000 1158.64067267 -150.61722503
v -265.28500000 1158.64067267 -114.66777497
v -265.28500000 1209.96332249 -114.66777497
v -265.28500000 1209.96332249 -150.61722503
v -265.28500000 1192.85577255 -150.61722503
v -265.28500000 1192.85577255 -114.66777497
v -265.28500000 1244.17842237 -114.66777497
v -265.28500000 1244.17842237 -150.61722503
v -265.28500000 1227.07087243 -150.61722503
v -265.28500000 1227.07087243 -114.66777497
v -265.28500000 1278.39352225 -114.66777497
v -265.28500000 1278.39352225 -150.61722503
v -265.28500000 1261.28597231 -150.61722503
v -265.28500000 1261.28597231 -114.66777497
v -265.28500000 1312.60862213 -114.66777497
v -265.28500000 1312.60862213 -150.61722503
v -265.28500000 1295.50107219 -150.61722503
v -265.28500000 1295.50107219 -114.66777497
v -265.28500000 1346.82372201 -114.66777497
v -265.28500000 1346.82372201 -150.61722503
v -265.28500000 1329.71617207 -150.61722503
v -265.28500000 1329.71617207 -114.66777497
v -265.28500000 1381.03882188 -114.66777497
v -265.28500000 1381.03882188 -150.61722503
v -265.28500000 1363.93127195 -150.61722503
v -265.28500000 1363.93127195 -114.66777497
v -265.28500000 1415.25392176 -114.66777497
v -265.28500000 1415.25392176 -150.61722503
v -265.28500000 1398.14637182 -150.61722503
v -265.28500000 1398.14637182 -114.66777497
v -265.28500000 1449.46902164 -114.66777497
v -265.28500000 1449.46902164 -150.61722503
v -265.28500000 1432.36147170 -150.61722503
v -265.28500000 1432.36147170 -114.66777497
v -265.28500000 1483.68412152 -114.66777497
v -265.28500000 1483.68412152 -150.61722503
v -265.28500000 1466.57657158 -150.61722503
v -265.28500000 1466.57657158 -114.66777497
v -265.28500000 628.30662455 -61.61077497
v -265.28500000 628.30662455 -97.56022503
v -265.28500000 611.19907461 -97.56022503
v -265.28500000 611.19907461 -61.61077497
v -265.28500000 662.52172443 -61.61077497
v -265.28500000 662.52172443 -97.56022503
v -265.28500000 645.41417449 -97.56022503
v -265.28500000 645.41417449 -61.61077497
v -265.28500000 696.73682430 -61.61077497
v -265.28500000 696.73682430 -97.56022503
v -265.28500000 679.62927436 -97.56022503
v -265.28500000 679.62927436 -61.61077497
v -265.28500000 730.95192418 -61.61077497
v -265.28500000 730.95192418 -97.56022503
v -265.28500000 713.84437424 -97.56022503
v -265.28500000 713.84437424 -61.61077497
v -265.28500000 765.16702406 -61.61077497
v -265.28500000 765.16702406 -97.56022503
v -265.28500000 748.05947412 -97.56022503
v -265.28500000 748.05947412 -61.61077497
v -265.28500000 799.38212394 -61.61077497
v -265.28500000 799.38212394 -97.56022503
v -265.28500000 782.27457400 -97.56022503
v -265.28500000 782.27457400 -61.61077497
v -265.28500000 833.59722382 -61.61077497
v -265.28500000 833.59722382 -97.56022503
v -265.28500000 816.48967388 -97.56022503
v -265.28500000 816.48967388 -61.61077497
v -265.28500000 867.81232370 -61.61077497
v -265.28500000 867.81232370 -97.56022503
v -265.28500000 850.70477376 -97.56022503
v -265.28500000 850.70477376 -61.61077497
v -265.28500000 902.02742358 -61.61077497
v -265.28500000 902.02742358 -97.56022503
v -265.28500000 884.91987364 -97.56022503
v -265.28500000 884.91987364 -61.61077497
v -265.28500000 936.24252346 -61.61077497
v -265.28500000 936.24252346 -97.56022503
v -265.28500000 919.13497352 -97.56022503
v -265.28500000 919.13497352 -61.61077497
v -265.28500000 970.45762334 -61.61077497
v -265.28500000 970.45762334 -97.56022503
v -265.28500000 953.35007340 -97.56022503
v -265.28500000 953.35007340 -61.61077497
v -265.28500000 1004.67272322 -61.61077497
v -265.28500000 1004.67272322 -97.56022503
v -265.28500000 987.56517328 -97.56022503
v -265.28500000 987.56517328 -61.61077497
v -265.28500000 1038.88782309 -61.61077497
v -265.28500000 1038.88782309 -97.56022503
v -265.28500000 1021.78027316 -97.56022503
v -265.28500000 1021.78027316 -61.61077497
v -265.28500000 1073.10292297 -61.61077497
v -265.28500000 1073.10292297 -97.56022503
v -265.28500000 1055.99537303 -97.56022503
v -265.28500000 1055.99537303 -61.61077497
v -265.28500000 1107.31802285 -61.61077497
v -265.28500000 1107.31802285 -97.56022503
v -265.28500000 1090.21047291 -97.56022503
v -265.28500000 1090.21047291 -61.61077497
v -265.28500000 1141.53312273 -61.61077497
v -265.28500000 1141.53312273 -97.56022503
v -265.28500000 1124.42557279 -97.56022503
v -265.28500000 1124.42557279 -61.61077497
v -265.28500000 1175.74822261 -61.61077497
v -265.28500000 1175.74822261 -97.56022503
v -265.28500000 1158.64067267 -97.56022503
v -265.28500000 1158.64067267 -61.61077497
v -265.28500000 1209.96332249 -61.61077497
v -265.28500000 1209.96332249 -97.56022503
v -265.28500000 1192.85577255 -97.56022503
v -265.28500000 1192.85577255 -61.61077497
v -265.28500000 1244.17842237 -61.61077497
v -265.28500000 1244.17842237 -97.56022503
v -265.28500000 1227.07087243 -97.56022503
v -265.28500000 1227.07087243 -61.61077497
v -265.28500000 1278.39352225 -61.61077497
v -265.28500000 1278.39352225 -97.56022503
v -265.28500000 1261.28597231 -97.56022503
v -265.28500000 1261.28597231 -61.61077497
v -265.28500000 1312.60862213 -61.61077497
v -265.28500000 1312.60862213 -97.56022503
v -265.28500000 1295.50107219 -97.56022503
v -265.28500000 1295.50107219 -61.61077497
v -265.28500000 1346.82372201 -61.61077497
v -265.28500000 1346.82372201 -97.56022503
v -265.28500000 1329.71617207 -97.56022503
v -265.28500000 1329.71617207 -61.61077497
v -265.28500000 1381.03882188 -61.61077497
v -265.28500000 1381.03882188 -97.56022503
v -265.28500000 1363.93127195 -97.56022503
v -265.28500000 1363.93127195 -61.61077497
v -265.28500000 1415.25392176 -61.61077497
v -265.28500000 1415.25392176 -97.56022503
v -265.28500000 1398.14637182 -97.56022503
v -265.28500000 1398.14637182 -61.61077497
v -265.28500000 1449.46902164 -61.61077497
v -265.28500000 1449.46902164 -97.56022503
v -265.28500000 1432.36147170 -97.56022503
v -265.28500000 1432.36147170 -61.61077497
v -265.28500000 1483.68412152 -61.61077497
v -265.28500000 1483.68412152 -97.56022503
v -265.28500000 1466.57657158 -97.56022503
v -265.28500000 1466.57657158 -61.61077497
v -265.28500000 628.30662455 -8.55377497
v -265.28500000 628.30662455 -44.50322503
v -265.28500000 611.19907461 -44.50322503
v -265.28500000 611.19907461 -8.55377497
v -265.28500000 662.52172443 -8.55377497
v -265.28500000 662.52172443 -44.50322503
v -265.28500000 645.41417449 -44.50322503
v -265.28500000 645.41417449 -8.55377497
v -265.28500000 696.73682430 -8.55377497
v -265.28500000 696.73682430 -44.50322503
v -265.28500000 679.62927436 -44.50322503
v -265.28500000 679.62927436 -8.55377497
v -265.28500000 730.95192418 -8.55377497
v -265.28500000 730.95192418 -44.50322503
v -265.28500000 713.84437424 -44.50322503
v -265.28500000 713.84437424 -8.55377497
v -265.28500000 765.16702406 -8.55377497
v -265.28500000 765.16702406 -44.50322503
v -265.28500000 748.05947412 -44.50322503
v -265.28500000 748.05947412 -8.55377497
v -265.28500000 799.38212394 -8.55377497
v -265.28500000 799.38212394 -44.50322503
v -265.28500000 782.27457400 -44.50322503
v -265.28500000 782.27457400 -8.55377497
v -265.28500000 833.59722382 -8.55377497
v -265.28500000 833.59722382 -44.50322503
v -265.28500000 816.48967388 -44.50322503
v -265.28500000 816.48967388 -8.55377497
v -265.28500000 867.81232370 -8.55377497
v -265.28500000 867.81232370 -44.50322503
v -265.28500000 850.70477376 -44.50322503
v -265.28500000 850.70477376 -8.55377497
v -265.28500000 902.02742358 -8.55377497
v -265.28500000 902.02742358 -44.50322503
v -265.28500000 884.91987364 -44.50322503
v -265.28500000 884.91987364 -8.55377497
v -265.28500000 936.24252346 -8.55377497
v -265.28500000 936.24252346 -44.50322503
v -265.28500000 919.13497352 -44.50322503
v -265.28500000 919.13497352 -8.55377497
v -265.28500000 970.45762334 -8.55377497
v -265.28500000 970.45762334 -44.50322503
v -265.28500000 953.35007340 -44.50322503
v -265.28500000 953.35007340 -8.55377497
v -265.28500000 1004.67272322 -8.55377497
v -265.28500000 1004.67272322 -44.50322503
v -265.28500000 987.56517328 -44.50322503
v -265.28500000 987.56517328 -8.55377497
v -265.28500000 1038.88782309 -8.55377497
v -265.28500000 1038.88782309 -44.50322503
v -265.28500000 1021.78027316 -44.50322503
v -265.28500000 1021.78027316 -8.55377497
v -265.28500000 1073.10292297 -8.55377497
v -265.28500000 1073.10292297 -44.50322503
v -265.28500000 1055.99537303 -44.50322503
v -265.28500000 1055.99537303 -8.55377497
v -265.28500000 1107.31802285 -8.55377497
v -265.28500000 1107.31802285 -44.50322503
v -265.28500000 1090.21047291 -44.50322503
v -265.28500000 1090.21047291 -8.55377497
v -265.28500000 1141.53312273 -8.55377497
v -265.28500000 1141.53312273 -44.50322503
v -265.28500000 1124.42557279 -44.50322503
v -265.28500000 1124.42557279 -8.55377497
v -265.28500000 1175.74822261 -8.55377497
v -265.28500000 1175.74822261 -44.50322503
v -265.28500000 1158.64067267 -44.50322503
v -265.28500000 1158.64067267 -8.55377497
v -265.28500000 1209.96332249 -8.55377497
v -265.28500000 1209.96332249 -44.50322503
v -265.28500000 1192.85577255 -44.50322503
v -265.28500000 1192.85577255 -8.55377497
v -265.28500000 1244.17842237 -8.55377497
v -265.28500000 1244.17842237 -44.50322503
v -265.28500000 1227.07087243 -44.50322503
v -265.28500000 1227.07087243 -8.55377497
v -265.28500000 1278.39352225 -8.55377497
v -265.28500000 1278.39352225 -44.50322503
v -265.28500000 1261.28597231 -44.50322503
v -265.28500000 1261.28597231 -8.55377497
v -265.28500000 1312.60862213 -8.55377497
v -265.28500000 1312.60862213 -44.50322503
v -265.28500000 1295.50107219 -44.50322503
v -265.28500000 1295.50107219 -8.55377497
v -265.28500000 1346.82372201 -8.55377497
v -265.28500000 1346.82372201 -44.50322503
v -265.28500000 1329.71617207 -44.50322503
v -265.28500000 1329.71617207 -8.55377497
v -265.28500000 1381.03882188 -8.55377497
v -265.28500000 1381.03882188 -44.50322503
v -265.28500000 1363.93127195 -44.50322503
v -265.28500000 1363.93127195 -8.55377497
v -265.28500000 1415.25392176 -8.55377497
v -265.28500000 1415.25392176 -44.50322503
v -265.28500000 1398.14637182 -44.50322503
v -265.28500000 1398.14637182 -8.55377497
v -265.28500000 1449.46902164 -8.55377497
v -265.28500000 1449.46902164 -44.50322503
v -265.28500000 1432.36147170 -44.50322503
v -265.28500000 1432.36147170 -8.55377497
v -265.28500000 1483.68412152 -8.55377497
v -265.28500000 1483.68412152 -44.50322503
v -265.28500000 1466.57657158 -44.50322503
v -265.28500000 1466.57657158 -8.55377497
v -265.28500000 628.30662455 44.50322503
v -265.28500000 628.30662455 8.55377497
v -265.28500000 611.19907461 8.55377497
v -265.28500000 611.19907461 44.50322503
v -265.28500000 662.52172443 44.50322503
v -265.28500000 662.52172443 8.55377497
v -265.28500000 645.41417449 8.55377497
v -265.28500000 645.41417449 44.50322503
v -265.28500000 696.73682430 44.50322503
v -265.28500000 696.73682430 8.55377497
v -265.28500000 679.62927436 8.55377497
v -265.28500000 679.62927436 44.50322503
v -265.28500000 730.95192418 44.50322503
v -265.28500000 730.95192418 8.55377497
v -265.28500000 713.84437424 8.55377497
v -265.28500000 713.84437424 44.50322503
v -265.28500000 765.16702406 44.50322503
v -265.28500000 765.16702406 8.55377497
v -265.28500000 748.05947412 8.55377497
v -265.28500000 748.05947412 44.50322503
v -265.28500000 799.38212394 44.50322503
v -265.28500000 799.38212394 8.55377497
v -265.28500000 782.27457400 8.55377497
v -265.28500000 782.27457400 44.50322503
v -265.28500000 833.59722382 44.50322503
v -265.28500000 833.59722382 8.55377497
v -265.28500000 816.48967388 8.55377497
v -265.28500000 816.48967388 44.50322503
v -265.28500000 867.81232370 44.50322503
v -265.28500000 867.81232370 8.55377497
v -265.28500000 850.70477376 8.55377497
v -265.28500000 850.70477376 44.50322503
v -265.28500000 902.02742358 44.50322503
v -265.28500000 902.02742358 8.55377497
v -265.28500000 884.91987364 8.55377497
v -265.28500000 884.91987364 44.50322503
v -265.28500000 936.24252346 44.50322503
v -265.28500000 936.24252346 8.55377497
v -265.28500000 919.13497352 8.55377497
v -265.28500000 919.13497352 44.50322503
v -265.28500000 970.45762334 44.50322503
v -265.28500000 970.45762334 8.55377497
v -265.28500000 953.35007340 8.55377497
v -265.28500000 953.35007340 44.50322503
v -265.28500000 1004.67272322 44.50322503
v -265.28500000 1004.67272322 8.55377497
v -265.28500000 987.56517328 8.55377497
v -265.28500000 987.56517328 44.50322503
v -265.28500000 1038.88782309 44.50322503
v -265.28500000 1038.88782309 8.55377497
v -265.28500000 1021.78027316 8.55377497
v -265.28500000 1021.78027316 44.50322503
v -265.28500000 1073.10292297 44.50322503
v -265.28500000 1073.10292297 8.55377497
v -265.28500000 1055.99537303 8.55377497
v -265.28500000 1055.99537303 44.50322503
v -265.28500000 1107.31802285 44.50322503
v -265.28500000 1107.31802285 8.55377497
v -265.28500000 1090.21047291 8.55377497
v -265.28500000 1090.21047291 44.50322503
v -265.28500000 1141.53312273 44.50322503
v -265.28500000 1141.53312273 8.55377497
v -265.28500000 1124.42557279 8.55377497
v -265.28500000 1124.42557279 44.50322503
v -265.28500000 1175.74822261 44.50322503
v -265.28500000 1175.74822261 8.55377497
v -265.28500000 1158.64067267 8.55377497
v -265.28500000 1158.64067267 44.50322503
v -265.28500000 1209.96332249 44.50322503
v -265.28500000 1209.96332249 8.55377497
v -265.28500000 1192.85577255 8.55377497
v -265.28500000 1192.85577255 44.50322503
v -265.28500000 1244.17842237 44.50322503
v -265.28500000 1244.17842237 8.55377497
v -265.28500000 1227.07087243 8.55377497
v -265.28500000 1227.07087243 44.50322503
v -265.28500000 1278.39352225 44.50322503
v -265.28500000 1278.39352225 8.55377497
v -265.28500000 1261.28597231 8.55377497
v -265.28500000 1261.28597231 44.50322503
v -265.28500000 1312.60862213 44.50322503
v -265.28500000 1312.60862213 8.55377497
v -265.28500000 1295.50107219 8.55377497
v -265.28500000 1295.50107219 44.50322503
v -265.28500000 1346.82372201 44.50322503
v -265.28500000 1346.82372201 8.55377497
v -265.28500000 1329.71617207 8.55377497
v -265.28500000 1329.71617207 44.50322503
v -265.28500000 1381.03882188 44.50322503
v -265.28500000 1381.03882188 8.55377497
v -265.28500000 1363.93127195 8.55377497
v -265.28500000 1363.93127195 44.50322503
v -265.28500000 1415.25392176 44.50322503
v -265.28500000 1415.25392176 8.55377497
v -265.28500000 1398.14637182 8.55377497
v -265.28500000 1398.14637182 44.50322503
v -265.28500000 1449.46902164 44.50322503
v -265.28500000 1449.46902164 8.55377497
v -265.28500000 1432.36147170 8.55377497
v -265.28500000 1432.36147170 44.50322503
v -265.28500000 1483.68412152 44.50322503
v -265.28500000 1483.68412152 8.55377497
v -265.28500000 1466.57657158 8.55377497
v -265.28500000 1466.57657158 44.50322503
v -265.28500000 628.30662455 97.56022503
v -265.28500000 628.30662455 61.61077497
v -265.28500000 611.19907461 61.61077497
v -265.28500000 611.19907461 97.56022503
v -265.28500000 662.52172443 97.56022503
v -265.28500000 662.52172443 61.61077497
v -265.28500000 645.41417449 61.61077497
v -265.28500000 645.41417449 97.56022503
v -265.28500000 696.73682430 97.56022503
v -265.28500000 696.73682430 61.61077497
v -265.28500000 679.62927436 61.61077497
v -265.28500000 679.62927436 97.56022503
v -265.28500000 730.95192418 97.56022503
v -265.28500000 730.95192418 61.61077497
v -265.28500000 713.84437424 61.61077497
v -265.28500000 713.84437424 97.56022503
v -265.28500000 765.16702406 97.56022503
v -265.28500000 765.16702406 61.61077497
v -265.28500000 748.05947412 61.61077497
v -265.28500000 748.05947412 97.56022503
v -265.28500000 799.38212394 97.56022503
v -265.28500000 799.38212394 61.61077497
v -265.28500000 782.27457400 61.61077497
v -265.28500000 782.27457400 97.56022503
v -265.28500000 833.59722382 97.56022503
v -265.28500000 833.59722382 61.61077497
v -265.28500000 816.48967388 61.61077497
v -265.28500000 816.48967388 97.56022503
v -265.28500000 867.81232370 97.56022503
v -265.28500000 867.81232370 61.61077497
v -265.28500000 850.70477376 61.61077497
v -265.28500000 850.70477376 97.56022503
v -265.28500000 902.02742358 97.56022503
v -265.28500000 902.02742358 61.61077497
v -265.28500000 884.91987364 61.61077497
v -265.28500000 884.91987364 97.56022503
v -265.28500000 936.24252346 97.56022503
v -265.28500000 936.24252346 61.61077497
v -265.28500000 919.13497352 61.61077497
v -265.28500000 919.13497352 97.56022503
v -265.28500000 970.45762334 97.56022503
v -265.28500000 970.45762334 61.61077497
v -265.28500000 953.35007340 61.61077497
v -265.28500000 953.35007340 97.56022503
v -265.28500000 1004.67272322 97.56022503
v -265.28500000 1004.67272322 61.61077497
v -265.28500000 987.56517328 61.61077497
v -265.28500000 987.56517328 97.56022503
v -265.28500000 1038.88782309 97.56022503
v -265.28500000 1038.88782309 61.61077497
v -265.28500000 1021.78027316 61.61077497
v -265.28500000 1021.78027316 97.56022503
v -265.28500000 1073.10292297 97.56022503
v -265.28500000 1073.10292297 61.61077497
v -265.28500000 1055.99537303 61.61077497
v -265.28500000 1055.99537303 97.56022503
v -265.28500000 1107.31802285 97.56022503
v -265.28500000 1107.31802285 61.61077497
v -265.28500000 1090.21047291 61.61077497
v -265.28500000 1090.21047291 97.56022503
v -265.28500000 1141.53312273 97.56022503
v -265.28500000 1141.53312273 61.61077497
v -265.28500000 1124.42557279 61.61077497
v -265.28500000 1124.42557279 97.56022503
v -265.28500000 1175.74822261 97.56022503
v -265.28500000 1175.74822261 61.61077497
v -265.28500000 1158.64067267 61.61077497
v -265.28500000 1158.64067267 97.56022503
v -265.28500000 1209.96332249 97.56022503
v -265.28500000 1209.96332249 61.61077497
v -265.28500000 1192.85577255 61.61077497
v -265.28500000 1192.85577255 97.56022503
v -265.28500000 1244.17842237 97.56022503
v -265.28500000 1244.17842237 61.61077497
v -265.28500000 1227.07087243 61.61077497
v -265.28500000 1227.07087243 97.56022503
v -265.28500000 1278.39352225 97.56022503
v -265.28500000 1278.39352225 61.61077497
v -265.28500000 1261.28597231 61.61077497
v -265.28500000 1261.28597231 97.56022503
v -265.28500000 1312.60862213 97.56022503
v -265.28500000 1312.60862213 61.61077497
v -265.28500000 1295.50107219 61.61077497
v -265.28500000 1295.50107219 97.56022503
v -265.28500000 1346.82372201 97.56022503
v -265.28500000 1346.82372201 61.61077497
v -265.28500000 1329.71617207 61.61077497
v -265.28500000 1329.71617207 97.56022503
v -265.28500000 1381.03882188 97.56022503
v -265.28500000 1381.03882188 61.61077497
v -265.28500000 1363.93127195 61.61077497
v -265.28500000 1363.93127195 97.56022503
v -265.28500000 1415.25392176 97.56022503
v -265.28500000 1415.25392176 61.61077497
v -265.28500000 1398.14637182 61.61077497
v -265.28500000 1398.14637182 97.56022503
v -265.28500000 1449.46902164 97.56022503
v -265.28500000 1449.46902164 61.61077497
v -265.28500000 1432.36147170 61.61077497
v -265.28500000 1432.36147170 97.56022503
v -265.28500000 1483.68412152 97.56022503
v -265.28500000 1483.68412152 61.61077497
v -265.28500000 1466.57657158 61.61077497
v -265.28500000 1466.57657158 97.56022503
v -265.28500000 628.30662455 150.61722503
v -265.28500000 628.30662455 114.66777497
v -265.28500000 611.19907461 114.66777497
v -265.28500000 611.19907461 150.61722503
v -265.28500000 662.52172443 150.61722503
v -265.28500000 662.52172443 114.66777497
v -265.28500000 645.41417449 114.66777497
v -265.28500000 645.41417449 150.61722503
v -265.28500000 696.73682430 150.61722503
v -265.28500000 696.73682430 114.66777497
v -265.28500000 679.62927436 114.66777497
v -265.28500000 679.62927436 150.61722503
v -265.28500000 730.95192418 150.61722503
v -265.28500000 730.95192418 114.66777497
v -265.28500000 713.84437424 114.66777497
v -265.28500000 713.84437424 150.61722503
v -265.28500000 765.16702406 150.61722503
v -265.28500000 765.16702406 114.66777497
v -265.28500000 748.05947412 114.66777497
v -265.28500000 748.05947412 150.61722503
v -265.28500000 799.38212394 150.61722503
v -265.28500000 799.38212394 114.66777497
v -265.28500000 782.27457400 114.66777497
v -265.28500000 782.27457400 150.61722503
v -265.28500000 833.59722382 150.61722503
v -265.28500000 833.59722382 114.66777497
v -265.28500000 816.48967388 114.66777497
v -265.28500000 816.48967388 150.61722503
v -265.28500000 867.81232370 150.61722503
v -265.28500000 867.81232370 114.66777497
v -265.28500000 850.70477376 114.66777497
v -265.28500000 850.70477376 150.61722503
v -265.28500000 902.02742358 150.61722503
v -265.28500000 902.02742358 114.66777497
v -265.28500000 884.91987364 114.66777497
v -265.28500000 884.91987364 150.61722503
v -265.28500000 936.24252346 150.61722503
v -265.28500000 936.24252346 114.66777497
v -265.28500000 919.13497352 114.66777497
v -265.28500000 919.13497352 150.61722503
v -265.28500000 970.45762334 150.61722503
v -265.28500000 970.45762334 114.66777497
v -265.28500000 953.35007340 114.66777497
v -265.28500000 953.35007340 150.61722503
v -265.28500000 1004.67272322 150.61722503
v -265.28500000 1004.67272322 114.66777497
v -265.28500000 987.56517328 114.66777497
v -265.28500000 987.56517328 150.61722503
v -265.28500000 1038.88782309 150.61722503
v -265.28500000 1038.88782309 114.66777497
v -265.28500000 1021.78027316 114.66777497
v -265.28500000 1021.78027316 150.61722503
v -265.28500000 1073.10292297 150.61722503
v -265.28500000 1073.10292297 114.66777497
v -265.28500000 1055.99537303 114.66777497
v -265.28500000 1055.99537303 150.61722503
v -265.28500000 1107.31802285 150.61722503
v -265.28500000 1107.31802285 114.66777497
v -265.28500000 1090.21047291 114.66777497
v -265.28500000 1090.21047291 150.61722503
v -265.28500000 1141.53312273 150.61722503
v -265.28500000 1141.53312273 114.66777497
v -265.28500000 1124.42557279 114.66777497
v -265.28500000 1124.42557279 150.61722503
v -265.28500000 1175.74822261 150.61722503
v -265.28500000 1175.74822261 114.66777497
v -265.28500000 1158.64067267 114.66777497
v -265.28500000 1158.64067267 150.61722503
v -265.28500000 1209.96332249 150.61722503
v -265.28500000 1209.96332249 114.66777497
v -265.28500000 1192.85577255 114.66777497
v -265.28500000 1192.85577255 150.61722503
v -265.28500000 1244.17842237 150.61722503
v -265.28500000 1244.17842237 114.66777497
v -265.28500000 1227.07087243 114.66777497
v -265.28500000 1227.07087243 150.61722503
v -265.28500000 1278.39352225 150.61722503
v -265.28500000 1278.39352225 114.66777497
v -265.28500000 1261.28597231 114.66777497
v -265.28500000 1261.28597231 150.61722503
v -265.28500000 1312.60862213 150.61722503
v -265.28500000 1312.60862213 114.66777497
v -265.28500000 1295.50107219 114.66777497
v -265.28500000 1295.50107219 150.61722503
v -265.28500000 1346.82372201 150.61722503
v -265.28500000 1346.82372201 114.66777497
v -265.28500000 1329.71617207 114.66777497
v -265.28500000 1329.71617207 150.61722503
v -265.28500000 1381.03882188 150.61722503
v -265.28500000 1381.03882188 114.66777497
v -265.28500000 1363.93127195 114.66777497
v -265.28500000 1363.93127195 150.61722503
v -265.28500000 1415.25392176 150.61722503
v -265.28500000 1415.25392176 114.66777497
v -265.28500000 1398.14637182 114.66777497
v -265.28500000 1398.14637182 150.61722503
v -265.28500000 1449.46902164 150.61722503
v -265.28500000 1449.46902164 114.66777497
v -265.28500000 1432.36147170 114.66777497
v -265.28500000 1432.36147170 150.61722503
v -265.28500000 1483.68412152 150.61722503
v -265.28500000 1483.68412152 114.66777497
v -265.28500000 1466.57657158 114.66777497
v -265.28500000 1466.57657158 150.61722503
v -265.28500000 628.30662455 203.67422503
v -265.28500000 628.30662455 167.72477497
v -265.28500000 611.19907461 167.72477497
v -265.28500000 611.19907461 203.67422503
v -265.28500000 662.52172443 203.67422503
v -265.28500000 662.52172443 167.72477497
v -265.28500000 645.41417449 167.72477497
v -265.28500000 645.41417449 203.67422503
v -265.28500000 696.73682430 203.67422503
v -265.28500000 696.73682430 167.72477497
v -265.28500000 679.62927436 167.72477497
v -265.28500000 679.62927436 203.67422503
v -265.28500000 730.95192418 203.67422503
v -265.28500000 730.95192418 167.72477497
v -265.28500000 713.84437424 167.72477497
v -265.28500000 713.84437424 203.67422503
v -265.28500000 765.16702406 203.67422503
v -265.28500000 765.16702406 167.72477497
v -265.28500000 748.05947412 167.72477497
v -265.28500000 748.05947412 203.67422503
v -265.28500000 799.38212394 203.67422503
v -265.28500000 799.38212394 167.72477497
v -265.28500000 782.27457400 167.72477497
v -265.28500000 782.27457400 203.67422503
v -265.28500000 833.59722382 203.67422503
v -265.28500000 833.59722382 167.72477497
v -265.28500000 816.48967388 167.72477497
v -265.28500000 816.48967388 203.67422503
v -265.28500000 867.81232370 203.67422503
v -265.28500000 867.81232370 167.72477497
v -265.28500000 850.70477376 167.72477497
v -265.28500000 850.70477376 203.67422503
v -265.28500000 902.02742358 203.67422503
v -265.28500000 902.02742358 167.72477497
v -265.28500000 884.91987364 167.72477497
v -265.28500000 884.91987364 203.67422503
v -265.28500000 936.24252346 203.67422503
v -265.28500000 936.24252346 167.72477497
v -265.28500000 919.13497352 167.72477497
v -265.28500000 919.13497352 203.67422503
v -265.28500000 970.45762334 203.67422503
v -265.28500000 970.45762334 167.72477497
v -265.28500000 953.35007340 167.72477497
v -265.28500000 953.35007340 203.67422503
v -265.28500000 1004.67272322 203.67422503
v -265.28500000 1004.67272322 167.72477497
v -265.28500000 987.56517328 167.72477497
v -265.28500000 987.56517328 203.67422503
v -265.28500000 1038.88782309 203.67422503
v -265.28500000 1038.88782309 167.72477497
v -265.28500000 1021.78027316 167.72477497
v -265.28500000 1021.78027316 203.67422503
v -265.28500000 1073.10292297 203.67422503
v -265.28500000 1073.10292297 167.72477497
v -265.28500000 1055.99537303 167.72477497
v -265.28500000 1055.99537303 203.67422503
v -265.28500000 1107.31802285 203.67422503
v -265.28500000 1107.31802285 167.72477497
v -265.28500000 1090.21047291 167.72477497
v -265.28500000 1090.21047291 203.67422503
v -265.28500000 1141.53312273 203.67422503
v -265.28500000 1141.53312273 167.72477497
v -265.28500000 1124.42557279 167.72477497
v -265.28500000 1124.42557279 203.67422503
v -265.28500000 1175.74822261 203.67422503
v -265.28500000 1175.74822261 167.72477497
v -265.28500000 1158.64067267 167.72477497
v -265.28500000 1158.64067267 203.67422503
v -265.28500000 1209.96332249 203.67422503
v -265.28500000 1209.96332249 167.72477497
v -265.28500000 1192.85577255 167.72477497
v -265.28500000 1192.85577255 203.67422503
v -265.28500000 1244.17842237 203.67422503
v -265.28500000 1244.17842237 167.72477497
v -265.28500000 1227.07087243 167.72477497
v -265.28500000 1227.07087243 203.67422503
v -265.28500000 1278.39352225 203.67422503
v -265.28500000 1278.39352225 167.72477497
v -265.28500000 1261.28597231 167.72477497
v -265.28500000 1261.28597231 203.67422503
v -265.28500000 1312.60862213 203.67422503
v -265.28500000 1312.60862213 167.72477497
v -265.28500000 1295.50107219 167.72477497
v -265.28500000 1295.50107219 203.67422503
v -265.28500000 1346.82372201 203.67422503
v -265.28500000 1346.82372201 167.72477497
v -265.28500000 1329.71617207 167.72477497
v -265.28500000 1329.71617207 203.67422503
v -265.28500000 1381.03882188 203.67422503
v -265.28500000 1381.03882188 167.72477497
v -265.28500000 1363.93127195 167.72477497
v -265.28500000 1363.93127195 203.67422503
v -265.28500000 1415.25392176 203.67422503
v -265.28500000 1415.25392176 167.72477497
v -265.28500000 1398.14637182 167.72477497
v -265.28500000 1398.14637182 203.67422503
v -265.28500000 1449.46902164 203.67422503
v -265.28500000 1449.46902164 167.72477497
v -265.28500000 1432.36147170 167.72477497
v -265.28500000 1432.36147170 203.67422503
v -265.28500000 1483.68412152 203.67422503
v -265.28500000 1483.68412152 167.72477497
v -265.28500000 1466.57657158 167.72477497
v -265.28500000 1466.57657158 203.67422503
v -530.57000000 0.0000000e+0 -424.45600000
v -530.57000000 0.0000000e+0 -530.57000000
v -424.45600000 0.0000000e+0 -530.57000000
v -318.34200000 0.0000000e+0 -530.57000000
v -212.22800000 0.0000000e+0 -530.57000000
v -106.11400000 0.0000000e+0 -530.57000000
v -1.7053026e-14 0.0000000e+0 -530.57000000
v 106.11400000 0.0000000e+0 -530.57000000
v 212.22800000 0.0000000e+0 -530.57000000
v 318.34200000 0.0000000e+0 -530.57000000
v 424.45600000 0.0000000e+0 -530.57000000
v 530.57000000 0.0000000e+0 -530.57000000
v 530.57000000 0.0000000e+0 -424.45600000
v 530.57000000 0.0000000e+0 -318.34200000
v 530.57000000 0.0000000e+0 -212.22800000
v 530.57000000 0.0000000e+0 -106.11400000
v 530.57000000 0.0000000e+0 1.5721722e-13
v 530.57000000 0.0000000e+0 106.11400000
v 530.57000000 0.0000000e+0 212.22800000
v 530.57000000 0.0000000e+0 318.34200000
v 530.57000000 0.0000000e+0 424.45600000
v 530.57000000 0.0000000e+0 530.57000000
v 424.45600000 0.0000000e+0 530.57000000
v 318.34200000 0.0000000e+0 530.57000000
v 212.22800000 0.0000000e+0 530.57000000
v 106.11400000 0.0000000e+0 530.57000000
v -1.7053026e-14 0.0000000e+0 530.57000000
v -106.11400000 0.0000000e+0 530.57000000
v -212.22800000 0.0000000e+0 530.57000000
v -318.34200000 0.0000000e+0 530.57000000
v -424.45600000 0.0000000e+0 530.57000000
v -530.57000000 0.0000000e+0 530.57000000
v -530.57000000 0.0000000e+0 424.45600000
v -530.57000000 0.0000000e+0 318.34200000
v -530.57000000 0.0000000e+0 212.22800000
v -530.57000000 0.0000000e+0 106.11400000
v -530.57000000 0.0000000e+0 1.5721722e-13
v -530.57000000 0.0000000e+0 -106.11400000
v -530.57000000 0.0000000e+0 -212.22800000
v -530.57000000 0.0000000e+0 -318.34200000
vn 0.99869666 -5.1038968e-2 -1.2945541e-16
vn 0.92267541 -5.1038968e-2 0.38218467
vn 0.70618518 -5.1038968e-2 0.70618518
vn 0.38218467 -5.1038968e-2 0.92267541
vn 2.1575902e-17 -5.1038968e-2 0.99869666
vn -0.38218467 -5.1038968e-2 0.92267541
vn -0.70618518 -5.1038968e-2 0.70618518
vn -0.92267541 -5.1038968e-2 0.38218467
vn -0.99869666 -5.1038968e-2 1.0068754e-16
vn -0.92267541 -5.1038968e-2 -0.38218467
vn -0.70618518 -5.1038968e-2 -0.70618518
vn -0.38218467 -5.1038968e-2 -0.92267541
vn -2.3733492e-16 -5.1038968e-2 -0.99869666
vn 0.38218467 -5.1038968e-2 -0.92267541
vn 0.70618518 -5.1038968e-2 -0.70618518
vn 0.92267541 -5.1038968e-2 -0.38218467
vn 0.88517374 0.46526063 -1.6249828e-16
vn 0.81779390 0.46526063 0.33874132
vn 0.62591235 0.46526063 0.62591235
vn 0.33874132 0.46526063 0.81779390
vn -7.9267452e-18 0.46526063 0.88517374
vn -0.33874132 0.46526063 0.81779390
vn -0.62591235 0.46526063 0.62591235
vn -0.81779390 0.46526063 0.33874132
vn -0.88517374 0.46526063 7.9267452e-18
vn -0.81779390 0.46526063 -0.33874132
vn -0.62591235 0.46526063 -0.62591235
vn -0.33874132 0.46526063 -0.81779390
vn -1.5060816e-16 0.46526063 -0.88517374
vn 0.33874132 0.46526063 -0.81779390
vn 0.62591235 0.46526063 -0.62591235
vn 0.81779390 0.46526063 -0.33874132
vn 0.92121448 0.38905512 -1.6798444e-16
vn 0.85109120 0.38905512 0.35253352
vn 0.65139701 0.38905512 0.65139701
vn 0.35253352 0.38905512 0.85109120
vn -7.6356563e-18 0.38905512 0.92121448
vn -0.35253352 0.38905512 0.85109120
vn -0.65139701 0.38905512 0.65139701
vn -0.85109120 0.38905512 0.35253352
vn -0.92121448 0.38905512 7.6356563e-18
vn -0.85109120 0.38905512 -0.35253352
vn -0.65139701 0.38905512 -0.65139701
vn -0.35253352 0.38905512 -0.85109120
vn -1.6798444e-16 0.38905512 -0.92121448
vn 0.35253352 0.38905512 -0.85109120
vn 0.65139701 0.38905512 -0.65139701
vn 0.85109120 0.38905512 -0.35253352
vn 0.83150011 0.43587082 0.34441862
vn 0.90000924 0.43587082 -1.4964887e-16
vn 0.83150011 0.43587082 -0.34441862
vn 0.63640263 0.43587082 -0.63640263
vn 0.34441862 0.43587082 -0.83150011
vn -1.8706109e-16 0.43587082 -0.90000924
vn -0.34441862 0.43587082 -0.83150011
vn -0.63640263 0.43587082 -0.63640263
vn -0.83150011 0.43587082 -0.34441862
vn -0.90000924 0.43587082 6.7341993e-17
vn -0.83150011 0.43587082 0.34441862
vn -0.63640263 0.43587082 0.63640263
vn -0.34441862 0.43587082 0.83150011
vn 0.0000000e+0 0.43587082 0.90000924
vn 0.34441862 0.43587082 0.83150011
vn 0.63640263 0.43587082 0.63640263
vn 0.99639751 8.4805622e-2 -2.0810855e-16
vn 0.92055127 8.4805622e-2 0.38130482
vn 0.70455944 8.4805622e-2 0.70455944
vn 0.38130482 8.4805622e-2 0.92055127
vn 0.0000000e+0 8.4805622e-2 0.99639751
vn -0.38130482 8.4805622e-2 0.92055127
vn -0.70455944 8.4805622e-2 0.70455944
vn -0.92055127 8.4805622e-2 0.38130482
vn -0.99639751 8.4805622e-2 0.0000000e+0
vn -0.92055127 8.4805622e-2 -0.38130482
vn -0.70455944 8.4805622e-2 -0.70455944
vn -0.38130482 8.4805622e-2 -0.92055127
vn -1.6429623e-16 8.4805622e-2 -0.99639751
vn 0.38130482 8.4805622e-2 -0.92055127
vn 0.70455944 8.4805622e-2 -0.70455944
vn 0.92055127 8.4805622e-2 -0.38130482
vn 0.91373677 -0.14777130 0.37848216
vn 0.98902156 -0.14777130 -1.5214791e-16
vn 0.91373677 -0.14777130 -0.37848216
vn 0.69934385 -0.14777130 -0.69934385
vn 0.37848216 -0.14777130 -0.91373677
vn -1.4690143e-16 -0.14777130 -0.98902156
vn -0.37848216 -0.14777130 -0.91373677
vn -0.69934385 -0.14777130 -0.69934385
vn -0.91373677 -0.14777130 -0.37848216
vn -0.98902156 -0.14777130 1.0492959e-17
vn -0.91373677 -0.14777130 0.37848216
vn -0.69934385 -0.14777130 0.69934385
vn -0.37848216 -0.14777130 0.91373677
vn 1.0492959e-17 -0.14777130 0.98902156
vn 0.37848216 -0.14777130 0.91373677
vn 0.69934385 -0.14777130 0.69934385
vn 0.98870543 0.14987185 -1.1326934e-16
vn 0.91344471 0.14987185 0.37836119
vn 0.69912031 0.14987185 0.69912031
vn 0.37836119 0.14987185 0.91344471
vn 7.0793338e-18 0.14987185 0.98870543
vn -0.37836119 0.14987185 0.91344471
vn -0.69912031 0.14987185 0.69912031
vn -0.91344471 0.14987185 0.37836119
vn -0.98870543 0.14987185 1.7698334e-16
vn -0.91344471 0.14987185 -0.37836119
vn -0.69912031 0.14987185 -0.69912031
vn -0.37836119 0.14987185 -0.91344471
vn -2.6193535e-16 0.14987185 -0.98870543
vn 0.37836119 0.14987185 -0.91344471
vn 0.69912031 0.14987185 -0.69912031
vn 0.91344471 0.14987185 -0.37836119
vn 0.85424444 0.51987156 -3.7387552e-17
vn 0.78921895 0.51987156 0.32690519
vn 0.60404204 0.51987156 0.60404204
vn 0.32690519 0.51987156 0.78921895
vn 2.2432531e-17 0.51987156 0.85424444
vn -0.32690519 0.51987156 0.78921895
vn -0.60404204 0.51987156 0.60404204
vn -0.78921895 0.51987156 0.32690519
vn -0.85424444 0.51987156 1.9441527e-16
vn -0.78921895 0.51987156 -0.32690519
vn -0.60404204 0.51987156 -0.60404204
vn -0.32690519 0.51987156 -0.78921895
vn -2.1684780e-16 0.51987156 -0.85424444
vn 0.32690519 0.51987156 -0.78921895
vn 0.60404204 0.51987156 -0.60404204
vn 0.78921895 0.51987156 -0.32690519
vn 0.40627053 0.89812314 0.16828276
vn 0.43974405 0.89812314 -3.7077631e-15
vn 0.40627053 0.89812314 -0.16828276
vn 0.31094600 0.89812314 -0.31094600
vn 0.16828276 0.89812314 -0.40627053
vn -7.8367515e-17 0.89812314 -0.43974405
vn -0.16828276 0.89812314 -0.40627053
vn -0.31094600 0.89812314 -0.31094600
vn -0.40627053 0.89812314 -0.16828276
vn -0.43974405 0.89812314 -3.6000077e-15
vn -0.40627053 0.89812314 0.16828276
vn -0.31094600 0.89812314 0.31094600
vn -0.16828276 0.89812314 0.40627053
vn 1.9591879e-17 0.89812314 0.43974405
vn 0.16828276 0.89812314 0.40627053
vn 0.31094600 0.89812314 0.31094600
vn 0.98251418 -0.18618775 -1.3742609e-16
vn 0.90772474 -0.18618775 0.37599190
vn 0.69474244 -0.18618775 0.69474244
vn 0.37599190 -0.18618775 0.90772474
vn 1.8955323e-17 -0.18618775 0.98251418
vn -0.37599190 -0.18618775 0.90772474
vn -0.69474244 -0.18618775 0.69474244
vn -0.90772474 -0.18618775 0.37599190
vn -0.98251418 -0.18618775 4.2649477e-17
vn -0.90772474 -0.18618775 -0.37599190
vn -0.69474244 -0.18618775 -0.69474244
vn -0.37599190 -0.18618775 -0.90772474
vn -1.7059791e-16 -0.18618775 -0.98251418
vn 0.37599190 -0.18618775 -0.90772474
vn 0.69474244 -0.18618775 -0.69474244
vn 0.90772474 -0.18618775 -0.37599190
vn 0.95866514 -8.0609870e-2 0.27287946
vn 0.99011755 -8.0609870e-2 0.11475752
vn 0.99011755 8.0609870e-2 0.11475752
vn 0.95866514 8.0609870e-2 0.27287946
vn 0.78126465 -8.0609870e-2 0.61897302
vn 0.87083354 -8.0609870e-2 0.48492370
vn 0.87083354 8.0609870e-2 0.48492370
vn 0.78126465 8.0609870e-2 0.61897302
vn 0.48492370 -8.0609870e-2 0.87083354
vn 0.61897302 -8.0609870e-2 0.78126465
vn 0.61897302 8.0609870e-2 0.78126465
vn 0.48492370 8.0609870e-2 0.87083354
vn 0.11475752 -8.0609870e-2 0.99011755
vn 0.27287946 -8.0609870e-2 0.95866514
vn 0.27287946 8.0609870e-2 0.95866514
vn 0.11475752 8.0609870e-2 0.99011755
vn -0.27287946 -8.0609870e-2 0.95866514
vn -0.11475752 -8.0609870e-2 0.99011755
vn -0.11475752 8.0609870e-2 0.99011755
vn -0.27287946 8.0609870e-2 0.95866514
vn -0.61897302 -8.0609870e-2 0.78126465
vn -0.48492370 -8.0609870e-2 0.87083354
vn -0.48492370 8.0609870e-2 0.87083354
vn -0.61897302 8.0609870e-2 0.78126465
vn -0.87083354 -8.0609870e-2 0.48492370
vn -0.78126465 -8.0609870e-2 0.61897302
vn -0.78126465 8.0609870e-2 0.61897302
vn -0.87083354 8.0609870e-2 0.48492370
vn -0.99011755 -8.0609870e-2 0.11475752
vn -0.95866514 -8.0609870e-2 0.27287946
vn -0.95866514 8.0609870e-2 0.27287946
vn -0.99011755 8.0609870e-2 0.11475752
vn -0.95866514 -8.0609870e-2 -0.27287946
vn -0.99011755 -8.0609870e-2 -0.11475752
vn -0.99011755 8.0609870e-2 -0.11475752
vn -0.95866514 8.0609870e-2 -0.27287946
vn -0.78126465 -8.0609870e-2 -0.61897302
vn -0.87083354 -8.0609870e-2 -0.48492370
vn -0.87083354 8.0609870e-2 -0.48492370
vn -0.78126465 8.0609870e-2 -0.61897302
vn -0.48492370 -8.0609870e-2 -0.87083354
vn -0.61897302 -8.0609870e-2 -0.78126465
vn -0.61897302 8.0609870e-2 -0.78126465
vn -0.48492370 8.0609870e-2 -0.87083354
vn -0.11475752 -8.0609870e-2 -0.99011755
vn -0.27287946 -8.0609870e-2 -0.95866514
vn -0.27287946 8.0609870e-2 -0.95866514
vn -0.11475752 8.0609870e-2 -0.99011755
vn 0.27287946 -8.0609870e-2 -0.95866514
vn 0.11475752 -8.0609870e-2 -0.99011755
vn 0.11475752 8.0609870e-2 -0.99011755
vn 0.27287946 8.0609870e-2 -0.95866514
vn 0.61897302 -8.0609870e-2 -0.78126465
vn 0.48492370 -8.0609870e-2 -0.87083354
vn 0.48492370 8.0609870e-2 -0.87083354
vn 0.61897302 8.0609870e-2 -0.78126465
vn 0.87083354 -8.0609870e-2 -0.48492370
vn 0.78126465 -8.0609870e-2 -0.61897302
vn 0.78126465 8.0609870e-2 -0.61897302
vn 0.87083354 8.0609870e-2 -0.48492370
vn 0.99011755 -8.0609870e-2 -0.11475752
vn 0.95866514 -8.0609870e-2 -0.27287946
vn 0.95866514 8.0609870e-2 -0.27287946
vn 0.99011755 8.0609870e-2 -0.11475752
vn 0.98078528 0.0000000e+0 0.19509032
vn 0.98078528 0.0000000e+0 0.19509032
vn 0.98078528 0.0000000e+0 0.19509032
vn 0.98078528 0.0000000e+0 0.19509032
vn 0.83146961 0.0000000e+0 0.55557023
vn 0.83146961 0.0000000e+0 0.55557023
vn 0.83146961 0.0000000e+0 0.55557023
vn 0.83146961 0.0000000e+0 0.55557023
vn 0.55557023 0.0000000e+0 0.83146961
vn 0.55557023 0.0000000e+0 0.83146961
vn 0.55557023 0.0000000e+0 0.83146961
vn 0.55557023 0.0000000e+0 0.83146961
vn 0.19509032 0.0000000e+0 0.98078528
vn 0.19509032 0.0000000e+0 0.98078528
vn 0.19509032 0.0000000e+0 0.98078528
vn 0.19509032 0.0000000e+0 0.98078528
vn -0.19509032 0.0000000e+0 0.98078528
vn -0.19509032 0.0000000e+0 0.98078528
vn -0.19509032 0.0000000e+0 0.98078528
vn -0.19509032 0.0000000e+0 0.98078528
vn -0.55557023 0.0000000e+0 0.83146961
vn -0.55557023 0.0000000e+0 0.83146961
vn -0.55557023 0.0000000e+0 0.83146961
vn -0.55557023 0.0000000e+0 0.83146961
vn -0.83146961 0.0000000e+0 0.55557023
vn -0.83146961 0.0000000e+0 0.55557023
vn -0.83146961 0.0000000e+0 0.55557023
vn -0.83146961 0.0000000e+0 0.55557023
vn -0.98078528 0.0000000e+0 0.19509032
vn -0.98078528 0.0000000e+0 0.19509032
vn -0.98078528 0.0000000e+0 0.19509032
vn -0.98078528 0.0000000e+0 0.19509032
vn -0.98078528 0.0000000e+0 -0.19509032
vn -0.98078528 0.0000000e+0 -0.19509032
vn -0.98078528 0.0000000e+0 -0.19509032
vn -0.98078528 0.0000000e+0 -0.19509032
vn -0.83146961 0.0000000e+0 -0.55557023
vn -0.83146961 0.0000000e+0 -0.55557023
vn -0.83146961 0.0000000e+0 -0.55557023
vn -0.83146961 0.0000000e+0 -0.55557023
vn -0.55557023 0.0000000e+0 -0.83146961
vn -0.55557023 0.0000000e+0 -0.83146961
vn -0.55557023 0.0000000e+0 -0.83146961
vn -0.55557023 0.0000000e+0 -0.83146961
vn -0.19509032 0.0000000e+0 -0.98078528
vn -0.19509032 0.0000000e+0 -0.98078528
vn -0.19509032 0.0000000e+0 -0.98078528
vn -0.19509032 0.0000000e+0 -0.98078528
vn 0.19509032 6.8073953e-17 -0.98078528
vn 0.19509032 6.8073953e-17 -0.98078528
vn 0.19509032 -6.8073953e-17 -0.98078528
vn 0.19509032 -6.8073953e-17 -0.98078528
vn 0.55557023 0.0000000e+0 -0.83146961
vn 0.55557023 0.0000000e+0 -0.83146961
vn 0.55557023 0.0000000e+0 -0.83146961
vn 0.55557023 0.0000000e+0 -0.83146961
vn 0.83146961 0.0000000e+0 -0.55557023
vn 0.83146961 0.0000000e+0 -0.55557023
vn 0.83146961 0.0000000e+0 -0.55557023
vn 0.83146961 0.0000000e+0 -0.55557023
vn 0.98078528 0.0000000e+0 -0.19509032
vn 0.98078528 0.0000000e+0 -0.19509032
vn 0.98078528 0.0000000e+0 -0.19509032
vn 0.98078528 0.0000000e+0 -0.19509032
vn 0.95532378 -0.29556128 -8.5300593e-17
vn 0.88260409 -0.29556128 0.36558658
vn 0.67551592 -0.29556128 0.67551592
vn 0.36558658 -0.29556128 0.88260409
vn 2.3263798e-17 -0.29556128 0.95532378
vn -0.36558658 -0.29556128 0.88260409
vn -0.67551592 -0.29556128 0.67551592
vn -0.88260409 -0.29556128 0.36558658
vn -0.95532378 -0.29556128 5.4282195e-17
vn -0.88260409 -0.29556128 -0.36558658
vn -0.67551592 -0.29556128 -0.67551592
vn -0.36558658 -0.29556128 -0.88260409
vn -2.1712878e-16 -0.29556128 -0.95532378
vn 0.36558658 -0.29556128 -0.88260409
vn 0.67551592 -0.29556128 -0.67551592
vn 0.88260409 -0.29556128 -0.36558658
vn 0.53657532 -0.84385243 2.0200023e-16
vn 0.49573096 -0.84385243 0.20533849
vn 0.37941605 -0.84385243 0.37941605
vn 0.20533849 -0.84385243 0.49573096
vn 2.0200023e-17 -0.84385243 0.53657532
vn -0.20533849 -0.84385243 0.49573096
vn -0.37941605 -0.84385243 0.37941605
vn -0.49573096 -0.84385243 0.20533849
vn -0.53657532 -0.84385243 2.5250029e-16
vn -0.49573096 -0.84385243 -0.20533849
vn -0.37941605 -0.84385243 -0.37941605
vn -0.20533849 -0.84385243 -0.49573096
vn -1.2120014e-16 -0.84385243 -0.53657532
vn 0.20533849 -0.84385243 -0.49573096
vn 0.37941605 -0.84385243 -0.37941605
vn 0.49573096 -0.84385243 -0.20533849
vn -0.66700509 0.33197654 -0.66700509
vn -0.66700509 0.33197654 0.66700509
vn 0.66700509 0.33197654 -0.66700509
vn 0.66700509 0.33197654 0.66700509
vn -0.61013148 0.50544947 -0.61013148
vn -0.61013148 0.50544947 0.61013148
vn 0.61013148 0.50544947 -0.61013148
vn 0.61013148 0.50544947 0.61013148
vn -0.19875685 0.95968298 -0.19875685
vn -0.19875685 0.95968298 0.19875685
vn 0.19875685 0.95968298 0.19875685
vn 0.19875685 0.95968298 -0.19875685
vn 0.40824829 0.81649658 0.40824829
vn 0.40824829 0.81649658 -0.40824829
vn -0.40824829 0.81649658 -0.40824829
vn -0.40824829 0.81649658 0.40824829
vn 0.57735027 0.57735027 0.57735027
vn 0.57735027 0.57735027 -0.57735027
vn -0.57735027 0.57735027 -0.57735027
vn -0.57735027 0.57735027 0.57735027
vn -0.97040313 0.24149071 0.0000000e+0
vn -0.97040313 0.24149071 0.0000000e+0
vn -0.97040313 0.24149071 0.0000000e+0
vn -0.97040313 0.24149071 0.0000000e+0
vn -0.97040313 0.24149071 0.0000000e+0
vn -0.97040313 0.24149071 0.0000000e+0
vn -0.97040313 0.24149071 0.0000000e+0
vn -0.97040313 0.24149071 0.0000000e+0
vn -0.97040313 0.24149071 0.0000000e+0
vn 0.0000000e+0 0.24149071 -0.97040313
vn 0.0000000e+0 0.24149071 -0.97040313
vn 0.0000000e+0 0.24149071 -0.97040313
vn 0.0000000e+0 0.24149071 -0.97040313
vn 0.0000000e+0 0.24149071 -0.97040313
vn 0.0000000e+0 0.24149071 -0.97040313
vn 0.0000000e+0 0.24149071 -0.97040313
vn 0.0000000e+0 0.24149071 -0.97040313
vn 2.7535072e-16 0.24149071 -0.97040313
vn 0.0000000e+0 0.24149071 0.97040313
vn 0.0000000e+0 0.24149071 0.97040313
vn 0.0000000e+0 0.24149071 0.97040313
vn 0.0000000e+0 0.24149071 0.97040313
vn 0.0000000e+0 0.24149071 0.97040313
vn 0.0000000e+0 0.24149071 0.97040313
vn 0.0000000e+0 0.24149071 0.97040313
vn 0.0000000e+0 0.24149071 0.97040313
vn 0.0000000e+0 0.24149071 0.97040313
vn 0.97040313 0.24149071 0.0000000e+0
vn 0.97040313 0.24149071 0.0000000e+0
vn 0.97040313 0.24149071 0.0000000e+0
vn 0.97040313 0.24149071 0.0000000e+0
vn 0.97040313 0.24149071 0.0000000e+0
vn 0.97040313 0.24149071 0.0000000e+0
vn 0.97040313 0.24149071 0.0000000e+0
vn 0.97040313 0.24149071 0.0000000e+0
vn 0.97040313 0.24149071 0.0000000e+0
vn 3.8199804e-16 0.25272473 -0.96753822
vn 0.0000000e+0 0.25272473 -0.96753822
vn 0.0000000e+0 0.25272473 -0.96753822
vn 0.0000000e+0 0.25272473 -0.96753822
vn 0.0000000e+0 0.25272473 -0.96753822
vn 0.0000000e+0 0.25272473 -0.96753822
vn 0.0000000e+0 0.25272473 -0.96753822
vn 0.0000000e+0 0.25272473 -0.96753822
vn 0.0000000e+0 0.25272473 -0.96753822
vn 0.0000000e+0 0.25272473 0.96753822
vn 0.0000000e+0 0.25272473 0.96753822
vn 0.0000000e+0 0.25272473 0.96753822
vn 0.0000000e+0 0.25272473 0.96753822
vn 0.0000000e+0 0.25272473 0.96753822
vn 0.0000000e+0 0.25272473 0.96753822
vn 0.0000000e+0 0.25272473 0.96753822
vn 0.0000000e+0 0.25272473 0.96753822
vn 0.0000000e+0 0.25272473 0.96753822
vn -0.96753822 0.25272473 0.0000000e+0
vn -0.96753822 0.25272473 0.0000000e+0
vn -0.96753822 0.25272473 0.0000000e+0
vn -0.96753822 0.25272473 0.0000000e+0
vn -0.96753822 0.25272473 0.0000000e+0
vn -0.96753822 0.25272473 0.0000000e+0
vn -0.96753822 0.25272473 0.0000000e+0
vn -0.96753822 0.25272473 0.0000000e+0
vn -0.96753822 0.25272473 0.0000000e+0
vn 0.96753822 0.25272473 0.0000000e+0
vn 0.96753822 0.25272473 0.0000000e+0
vn 0.96753822 0.25272473 0.0000000e+0
vn 0.96753822 0.25272473 0.0000000e+0
vn 0.96753822 0.25272473 0.0000000e+0
vn 0.96753822 0.25272473 0.0000000e+0
vn 0.96753822 0.25272473 0.0000000e+0
vn 0.96753822 0.25272473 0.0000000e+0
vn 0.96753822 0.25272473 0.0000000e+0
vn 0.0000000e+0 0.0000000e+0 1.00000000
vn 0.0000000e+0 0.0000000e+0 1.00000000
vn 0.0000000e+0 0.0000000e+0 1.00000000
vn 0.0000000e+0 0.0000000e+0 1.00000000
vn 0.0000000e+0 0.0000000e+0 1.00000000
vn 0.0000000e+0 0.0000000e+0 1.00000000
vn 0.0000000e+0 0.0000000e+0 1.00000000
vn 0.0000000e+0 0.0000000e+0 1.00000000
vn 0.0000000e+0 0.0000000e+0 1.00000000
vn 0.0000000e+0 0.0000000e+0 1.00000000
vn 0.0000000e+0 0.0000000e+0 1.00000000
vn 0.0000000e+0 0.0000000e+0 1.00000000
vn 0.0000000e+0 0.0000000e+0 1.00000000
vn 0.0000000e+0 0.0000000e+0 1.00000000
vn 0.0000000e+0 0.0000000e+0 1.00000000
vn 0.0000000e+0 0.0000000e+0 1.00000000
vn 0.0000000e+0 0.0000000e+0 1.00000000
vn 0.0000000e+0 0.0000000e+0 1.00000000
vn 0.0000000e+0 0.0000000e+0 1.00000000
vn 0.0000000e+0 0.0000000e+0 1.00000000
vn 0.0000000e+0 0.0000000e+0 1.00000000
vn 0.0000000e+0 0.0000000e+0 1.00000000
vn 0.0000000e+0 0.0000000e+0 1.00000000
vn 0.0000000e+0 0.0000000e+0 1.00000000
vn 0.0000000e+0 0.0000000e+0 1.00000000
vn 0.0000000e+0 0.0000000e+0 1.00000000
vn 0.0000000e+0 0.0000000e+0 1.00000000
vn 0.0000000e+0 0.0000000e+0 1.00000000
vn 0.0000000e+0 0.0000000e+0 1.00000000
vn 0.0000000e+0 0.0000000e+0 1.00000000
vn 0.0000000e+0 0.0000000e+0 1.00000000
vn 0.0000000e+0 0.0000000e+0 1.00000000
vn 0.0000000e+0 0.0000000e+0 1.00000000
vn 0.0000000e+0 0.0000000e+0 1.00000000
vn 0.0000000e+0 0.0000000e+0 1.00000000
vn 0.0000000e+0 0.0000000e+0 1.00000000
vn 0.0000000e+0 0.0000000e+0 1.00000000
vn 0.0000000e+0 0.0000000e+0 1.00000000
vn 0.0000000e+0 0.0000000e+0 1.00000000
vn 0.0000000e+0 0.0000000e+0 1.00000000
vn 0.0000000e+0 0.0000000e+0 1.00000000
vn 0.0000000e+0 0.0000000e+0 1.00000000
vn 0.0000000e+0 0.0000000e+0 1.00000000
vn 0.0000000e+0 0.0000000e+0 1.00000000
vn 0.0000000e+0 0.0000000e+0 1.00000000
vn 0.0000000e+0 0.0000000e+0 1.00000000
vn 0.0000000e+0 0.0000000e+0 1.00000000
vn 0.0000000e+0 0.0000000e+0 1.00000000
vn 0.0000000e+0 0.0000000e+0 1.00000000
vn 0.0000000e+0 0.0000000e+0 1.00000000
vn 0.0000000e+0 0.0000000e+0 1.00000000
vn 0.0000000e+0 0.0000000e+0 1.00000000
vn 0.0000000e+0 0.0000000e+0 1.00000000
vn 0.0000000e+0 0.0000000e+0 1.00000000
vn 0.0000000e+0 0.0000000e+0 1.00000000
vn 0.0000000e+0 0.0000000e+0 1.00000000
vn 0.0000000e+0 0.0000000e+0 1.00000000
vn 0.0000000e+0 0.0000000e+0 1.00000000
vn 0.0000000e+0 0.0000000e+0 1.00000000
vn 0.0000000e+0 0.0000000e+0 1.00000000
vn 0.0000000e+0 0.0000000e+0 1.00000000
vn 0.0000000e+0 0.0000000e+0 1.00000000
vn 0.0000000e+0 0.0000000e+0 1.00000000
vn 0.0000000e+0 0.0000000e+0 1.00000000
vn 0.0000000e+0 0.0000000e+0 1.00000000
vn 0.0000000e+0 0.0000000e+0 1.00000000
vn 0.0000000e+0 0.0000000e+0 1.00000000
vn 0.0000000e+0 0.0000000e+0 1.00000000
vn 0.0000000e+0 0.0000000e+0 1.00000000
vn 0.0000000e+0 0.0000000e+0 1.00000000
vn 0.0000000e+0 0.0000000e+0 1.00000000
vn 0.0000000e+0 0.0000000e+0 1.00000000
vn 0.0000000e+0 0.0000000e+0 1.00000000
vn 0.0000000e+0 0.0000000e+0 1.00000000
vn 0.0000000e+0 0.0000000e+0 1.00000000
vn 0.0000000e+0 0.0000000e+0 1.00000000
vn 0.0000000e+0 0.0000000e+0 1.00000000
vn 0.0000000e+0 0.0000000e+0 1.00000000
vn 0.0000000e+0 0.0000000e+0 1.00000000
vn 0.0000000e+0 0.0000000e+0 1.00000000
vn 0.0000000e+0 0.0000000e+0 1.00000000
vn 0.0000000e+0 0.0000000e+0 1.00000000
vn 0.0000000e+0 0.0000000e+0 1.00000000
vn 0.0000000e+0 0.0000000e+0 1.00000000
vn 0.0000000e+0 0.0000000e+0 1.00000000
vn 0.0000000e+0 0.0000000e+0 1.00000000
vn 0.0000000e+0 0.0000000e+0 1.00000000
vn 0.0000000e+0 0.0000000e+0 1.00000000
vn 0.0000000e+0 0.0000000e+0 1.00000000
vn 0.0000000e+0 0.0000000e+0 1.00000000
vn 0.0000000e+0 0.0000000e+0 1.00000000
vn 0.0000000e+0 0.0000000e+0 1.00000000
vn 0.0000000e+0 0.0000000e+0 1.00000000
vn 0.0000000e+0 0.0000000e+0 1.00000000
vn 0.0000000e+0 0.0000000e+0 1.00000000
vn 0.0000000e+0 0.0000000e+0 1.00000000
vn 0.0000000e+0 0.0000000e+0 1.00000000
vn 0.0000000e+0 0.0000000e+0 1.00000000
vn 0.0000000e+0 0.0000000e+0 1.00000000
vn 0.0000000e+0 0.0000000e+0 1.00000000
vn 0.0000000e+0 0.0000000e+0 1.00000000
vn 0.0000000e+0 0.0000000e+0 1.00000000
vn 0.0000000e+0 0.0000000e+0 1.00000000
vn 0.0000000e+0 0.0000000e+0 1.00000000
vn 0.0000000e+0 0.0000000e+0 1.00000000
vn 0.0000000e+0 0.0000000e+0 1.00000000
vn 0.0000000e+0 0.0000000e+0 1.00000000
vn 0.0000000e+0 0.0000000e+0 1.00000000
vn 0.0000000e+0 0.0000000e+0 1.00000000
vn 0.0000000e+0 0.0000000e+0 1.00000000
vn 0.0000000e+0 0.0000000e+0 1.00000000
vn 0.0000000e+0 0.0000000e+0 1.00000000
vn 0.0000000e+0 0.0000000e+0 1.00000000
vn 0.0000000e+0 0.0000000e+0 1.00000000
vn 0.0000000e+0 0.0000000e+0 1.00000000
vn 0.0000000e+0 0.0000000e+0 1.00000000
vn 0.0000000e+0 0.0000000e+0 1.00000000
vn 0.0000000e+0 0.0000000e+0 1.00000000
vn 0.0000000e+0 0.0000000e+0 1.00000000
vn 0.0000000e+0 0.0000000e+0 1.00000000
vn 0.0000000e+0 0.0000000e+0 1.00000000
vn 0.0000000e+0 0.0000000e+0 1.00000000
vn 0.0000000e+0 0.0000000e+0 1.00000000
vn 0.0000000e+0 0.0000000e+0 1.00000000
vn 0.0000000e+0 0.0000000e+0 1.00000000
vn 0.0000000e+0 0.0000000e+0 1.00000000
vn 0.0000000e+0 0.0000000e+0 1.00000000
vn 0.0000000e+0 0.0000000e+0 1.00000000
vn 0.0000000e+0 0.0000000e+0 1.00000000
vn 0.0000000e+0 0.0000000e+0 1.00000000
vn 0.0000000e+0 0.0000000e+0 1.00000000
vn 0.0000000e+0 0.0000000e+0 1.00000000
vn 0.0000000e+0 0.0000000e+0 1.00000000
vn 0.0000000e+0 0.0000000e+0 1.00000000
vn 0.0000000e+0 0.0000000e+0 1.00000000
vn 0.0000000e+0 0.0000000e+0 1.00000000
vn 0.0000000e+0 0.0000000e+0 1.00000000
vn 0.0000000e+0 0.0000000e+0 1.00000000
vn 0.0000000e+0 0.0000000e+0 1.00000000
vn 0.0000000e+0 0.0000000e+0 1.00000000
vn 0.0000000e+0 0.0000000e+0 1.00000000
vn 0.0000000e+0 0.0000000e+0 1.00000000
vn 0.0000000e+0 0.0000000e+0 1.00000000
vn 0.0000000e+0 0.0000000e+0 1.00000000
vn 0.0000000e+0 0.0000000e+0 1.00000000
vn 0.0000000e+0 0.0000000e+0 1.00000000
vn 0.0000000e+0 0.0000000e+0 1.00000000
vn 0.0000000e+0 0.0000000e+0 1.00000000
vn 0.0000000e+0 0.0000000e+0 1.00000000
vn 0.0000000e+0 0.0000000e+0 1.00000000
vn 0.0000000e+0 0.0000000e+0 1.00000000
vn 0.0000000e+0 0.0000000e+0 1.00000000
vn 0.0000000e+0 0.0000000e+0 1.00000000
vn 0.0000000e+0 0.0000000e+0 1.00000000
vn 0.0000000e+0 0.0000000e+0 1.00000000
vn 0.0000000e+0 0.0000000e+0 1.00000000
vn 0.0000000e+0 0.0000000e+0 1.00000000
vn 0.0000000e+0 0.0000000e+0 1.00000000
vn 0.0000000e+0 0.0000000e+0 1.00000000
vn 0.0000000e+0 0.0000000e+0 1.00000000
vn 0.0000000e+0 0.0000000e+0 1.00000000
vn 0.0000000e+0 0.0000000e+0 1.00000000
vn 0.0000000e+0 0.0000000e+0 1.00000000
vn 0.0000000e+0 0.0000000e+0 1.00000000
vn 0.0000000e+0 0.0000000e+0 1.00000000
vn 0.0000000e+0 0.0000000e+0 1.00000000
vn 0.0000000e+0 0.0000000e+0 1.00000000
vn 0.0000000e+0 0.0000000e+0 1.00000000
vn 0.0000000e+0 0.0000000e+0 1.00000000
vn 0.0000000e+0 0.0000000e+0 1.00000000
vn 0.0000000e+0 0.0000000e+0 1.00000000
vn 0.0000000e+0 0.0000000e+0 1.00000000
vn 0.0000000e+0 0.0000000e+0 1.00000000
vn 0.0000000e+0 0.0000000e+0 1.00000000
vn 0.0000000e+0 0.0000000e+0 1.00000000
vn 0.0000000e+0 0.0000000e+0 1.00000000
vn 0.0000000e+0 0.0000000e+0 1.00000000
vn 0.0000000e+0 0.0000000e+0 1.00000000
vn 0.0000000e+0 0.0000000e+0 1.00000000
vn 0.0000000e+0 0.0000000e+0 1.00000000
vn 0.0000000e+0 0.0000000e+0 1.00000000
vn 0.0000000e+0 0.0000000e+0 1.00000000
vn 0.0000000e+0 0.0000000e+0 1.00000000
vn 0.0000000e+0 0.0000000e+0 1.00000000
vn 0.0000000e+0 0.0000000e+0 1.00000000
vn 0.0000000e+0 0.0000000e+0 1.00000000
vn 0.0000000e+0 0.0000000e+0 1.00000000
vn 0.0000000e+0 0.0000000e+0 1.00000000
vn 0.0000000e+0 0.0000000e+0 1.00000000
vn 0.0000000e+0 0.0000000e+0 1.00000000
vn 0.0000000e+0 0.0000000e+0 1.00000000
vn 0.0000000e+0 0.0000000e+0 1.00000000
vn 0.0000000e+0 0.0000000e+0 1.00000000
vn 0.0000000e+0 0.0000000e+0 1.00000000
vn 0.0000000e+0 0.0000000e+0 1.00000000
vn 0.0000000e+0 0.0000000e+0 1.00000000
vn 0.0000000e+0 0.0000000e+0 1.00000000
vn 0.0000000e+0 0.0000000e+0 1.00000000
vn 0.0000000e+0 0.0000000e+0 1.00000000
vn 0.0000000e+0 0.0000000e+0 1.00000000
vn 0.0000000e+0 0.0000000e+0 1.00000000
vn 0.0000000e+0 0.0000000e+0 1.00000000
vn 0.0000000e+0 0.0000000e+0 1.00000000
vn 0.0000000e+0 0.0000000e+0 1.00000000
vn 0.0000000e+0 0.0000000e+0 1.00000000
vn 0.0000000e+0 0.0000000e+0 1.00000000
vn 0.0000000e+0 0.0000000e+0 1.00000000
vn 0.0000000e+0 0.0000000e+0 1.00000000
vn 0.0000000e+0 0.0000000e+0 1.00000000
vn 0.0000000e+0 0.0000000e+0 1.00000000
vn 0.0000000e+0 0.0000000e+0 1.00000000
vn 0.0000000e+0 0.0000000e+0 1.00000000
vn 0.0000000e+0 0.0000000e+0 1.00000000
vn 0.0000000e+0 0.0000000e+0 1.00000000
vn 0.0000000e+0 0.0000000e+0 1.00000000
vn 0.0000000e+0 0.0000000e+0 1.00000000
vn 0.0000000e+0 0.0000000e+0 1.00000000
vn 0.0000000e+0 0.0000000e+0 1.00000000
vn 0.0000000e+0 0.0000000e+0 1.00000000
vn 0.0000000e+0 0.0000000e+0 1.00000000
vn 0.0000000e+0 0.0000000e+0 1.00000000
vn 0.0000000e+0 0.0000000e+0 1.00000000
vn 0.0000000e+0 0.0000000e+0 1.00000000
vn 0.0000000e+0 0.0000000e+0 1.00000000
vn 0.0000000e+0 0.0000000e+0 1.00000000
vn 0.0000000e+0 0.0000000e+0 1.00000000
vn 0.0000000e+0 0.0000000e+0 1.00000000
vn 0.0000000e+0 0.0000000e+0 1.00000000
vn 0.0000000e+0 0.0000000e+0 1.00000000
vn 0.0000000e+0 0.0000000e+0 1.00000000
vn 0.0000000e+0 0.0000000e+0 1.00000000
vn 0.0000000e+0 0.0000000e+0 1.00000000
vn 0.0000000e+0 0.0000000e+0 1.00000000
vn 0.0000000e+0 0.0000000e+0 1.00000000
vn 0.0000000e+0 0.0000000e+0 1.00000000
vn 0.0000000e+0 0.0000000e+0 1.00000000
vn 0.0000000e+0 0.0000000e+0 1.00000000
vn 0.0000000e+0 0.0000000e+0 1.00000000
vn 0.0000000e+0 0.0000000e+0 1.00000000
vn 0.0000000e+0 0.0000000e+0 1.00000000
vn 0.0000000e+0 0.0000000e+0 1.00000000
vn 0.0000000e+0 0.0000000e+0 1.00000000
vn 0.0000000e+0 0.0000000e+0 1.00000000
vn 0.0000000e+0 0.0000000e+0 1.00000000
vn 0.0000000e+0 0.0000000e+0 1.00000000
vn 0.0000000e+0 0.0000000e+0 1.00000000
vn 0.0000000e+0 0.0000000e+0 1.00000000
vn 0.0000000e+0 0.0000000e+0 1.00000000
vn 0.0000000e+0 0.0000000e+0 1.00000000
vn 0.0000000e+0 0.0000000e+0 1.00000000
vn 0.0000000e+0 0.0000000e+0 1.00000000
vn 0.0000000e+0 0.0000000e+0 1.00000000
vn 0.0000000e+0 0.0000000e+0 1.00000000
vn 0.0000000e+0 0.0000000e+0 1.00000000
vn 0.0000000e+0 0.0000000e+0 1.00000000
vn 0.0000000e+0 0.0000000e+0 1.00000000
vn 0.0000000e+0 0.0000000e+0 1.00000000
vn 0.0000000e+0 0.0000000e+0 1.00000000
vn 0.0000000e+0 0.0000000e+0 1.00000000
vn 0.0000000e+0 0.0000000e+0 1.00000000
vn 0.0000000e+0 0.0000000e+0 1.00000000
vn 0.0000000e+0 0.0000000e+0 -1.00000000
vn 0.0000000e+0 0.0000000e+0 -1.00000000
vn 0.0000000e+0 0.0000000e+0 -1.00000000
vn 0.0000000e+0 0.0000000e+0 -1.00000000
vn 0.0000000e+0 0.0000000e+0 -1.00000000
vn 0.0000000e+0 0.0000000e+0 -1.00000000
vn 0.0000000e+0 0.0000000e+0 -1.00000000
vn 0.0000000e+0 0.0000000e+0 -1.00000000
vn 0.0000000e+0 0.0000000e+0 -1.00000000
vn 0.0000000e+0 0.0000000e+0 -1.00000000
vn 0.0000000e+0 0.0000000e+0 -1.00000000
vn 0.0000000e+0 0.0000000e+0 -1.00000000
vn 0.0000000e+0 0.0000000e+0 -1.00000000
vn 0.0000000e+0 0.0000000e+0 -1.00000000
vn 0.0000000e+0 0.0000000e+0 -1.00000000
vn 0.0000000e+0 0.0000000e+0 -1.00000000
vn 0.0000000e+0 0.0000000e+0 -1.00000000
vn 0.0000000e+0 0.0000000e+0 -1.00000000
vn 0.0000000e+0 0.0000000e+0 -1.00000000
vn 0.0000000e+0 0.0000000e+0 -1.00000000
vn 0.0000000e+0 0.0000000e+0 -1.00000000
vn 0.0000000e+0 0.0000000e+0 -1.00000000
vn 0.0000000e+0 0.0000000e+0 -1.00000000
vn 0.0000000e+0 0.0000000e+0 -1.00000000
vn 0.0000000e+0 0.0000000e+0 -1.00000000
vn 0.0000000e+0 0.0000000e+0 -1.00000000
vn 0.0000000e+0 0.0000000e+0 -1.00000000
vn 0.0000000e+0 0.0000000e+0 -1.00000000
vn 0.0000000e+0 0.0000000e+0 -1.00000000
vn 0.0000000e+0 0.0000000e+0 -1.00000000
vn -0.0000000e+0 0.0000000e+0 -1.00000000
vn 0.0000000e+0 0.0000000e+0 -1.00000000
vn 0.0000000e+0 0.0000000e+0 -1.00000000
vn 0.0000000e+0 0.0000000e+0 -1.00000000
vn 0.0000000e+0 0.0000000e+0 -1.00000000
vn 0.0000000e+0 0.0000000e+0 -1.00000000
vn 0.0000000e+0 0.0000000e+0 -1.00000000
vn 0.0000000e+0 0.0000000e+0 -1.00000000
vn 0.0000000e+0 0.0000000e+0 -1.00000000
vn 0.0000000e+0 0.0000000e+0 -1.00000000
vn 0.0000000e+0 0.0000000e+0 -1.00000000
vn 0.0000000e+0 0.0000000e+0 -1.00000000
vn 0.0000000e+0 0.0000000e+0 -1.00000000
vn 0.0000000e+0 0.0000000e+0 -1.00000000
vn 0.0000000e+0 0.0000000e+0 -1.00000000
vn 0.0000000e+0 0.0000000e+0 -1.00000000
vn 0.0000000e+0 0.0000000e+0 -1.00000000
vn 0.0000000e+0 0.0000000e+0 -1.00000000
vn 0.0000000e+0 0.0000000e+0 -1.00000000
vn 0.0000000e+0 0.0000000e+0 -1.00000000
vn 0.0000000e+0 0.0000000e+0 -1.00000000
vn 0.0000000e+0 0.0000000e+0 -1.00000000
vn 0.0000000e+0 0.0000000e+0 -1.00000000
vn 0.0000000e+0 0.0000000e+0 -1.00000000
vn 0.0000000e+0 0.0000000e+0 -1.00000000
vn 0.0000000e+0 0.0000000e+0 -1.00000000
vn 0.0000000e+0 0.0000000e+0 -1.00000000
vn 0.0000000e+0 0.0000000e+0 -1.00000000
vn 0.0000000e+0 0.0000000e+0 -1.00000000
vn -0.0000000e+0 0.0000000e+0 -1.00000000
vn 0.0000000e+0 0.0000000e+0 -1.00000000
vn 0.0000000e+0 0.0000000e+0 -1.00000000
vn 0.0000000e+0 0.0000000e+0 -1.00000000
vn 0.0000000e+0 0.0000000e+0 -1.00000000
vn 0.0000000e+0 0.0000000e+0 -1.00000000
vn 0.0000000e+0 0.0000000e+0 -1.00000000
vn 0.0000000e+0 0.0000000e+0 -1.00000000
vn 0.0000000e+0 0.0000000e+0 -1.00000000
vn 0.0000000e+0 0.0000000e+0 -1.00000000
vn 0.0000000e+0 0.0000000e+0 -1.00000000
vn 0.0000000e+0 0.0000000e+0 -1.00000000
vn 0.0000000e+0 0.0000000e+0 -1.00000000
vn 0.0000000e+0 0.0000000e+0 -1.00000000
vn 0.0000000e+0 0.0000000e+0 -1.00000000
vn 0.0000000e+0 0.0000000e+0 -1.00000000
vn 0.0000000e+0 0.0000000e+0 -1.00000000
vn 0.0000000e+0 0.0000000e+0 -1.00000000
vn 0.0000000e+0 0.0000000e+0 -1.00000000
vn 0.0000000e+0 0.0000000e+0 -1.00000000
vn 0.0000000e+0 0.0000000e+0 -1.00000000
vn 0.0000000e+0 0.0000000e+0 -1.00000000
vn 0.0000000e+0 0.0000000e+0 -1.00000000
vn 0.0000000e+0 0.0000000e+0 -1.00000000
vn 0.0000000e+0 0.0000000e+0 -1.00000000
vn 0.0000000e+0 0.0000000e+0 -1.00000000
vn 0.0000000e+0 0.0000000e+0 -1.00000000
vn 0.0000000e+0 0.0000000e+0 -1.00000000
vn 0.0000000e+0 0.0000000e+0 -1.00000000
vn -0.0000000e+0 0.0000000e+0 -1.00000000
vn 0.0000000e+0 0.0000000e+0 -1.00000000
vn 0.0000000e+0 0.0000000e+0 -1.00000000
vn 0.0000000e+0 0.0000000e+0 -1.00000000
vn 0.0000000e+0 0.0000000e+0 -1.00000000
vn 0.0000000e+0 0.0000000e+0 -1.00000000
vn 0.0000000e+0 0.0000000e+0 -1.00000000
vn 0.0000000e+0 0.0000000e+0 -1.00000000
vn 0.0000000e+0 0.0000000e+0 -1.00000000
vn 0.0000000e+0 0.0000000e+0 -1.00000000
vn 0.0000000e+0 0.0000000e+0 -1.00000000
vn 0.0000000e+0 0.0000000e+0 -1.00000000
vn 0.0000000e+0 0.0000000e+0 -1.00000000
vn 0.0000000e+0 0.0000000e+0 -1.00000000
vn 0.0000000e+0 0.0000000e+0 -1.00000000
vn 0.0000000e+0 0.0000000e+0 -1.00000000
vn 0.0000000e+0 0.0000000e+0 -1.00000000
vn 0.0000000e+0 0.0000000e+0 -1.00000000
vn 0.0000000e+0 0.0000000e+0 -1.00000000
vn 0.0000000e+0 0.0000000e+0 -1.00000000
vn 0.0000000e+0 0.0000000e+0 -1.00000000
vn 0.0000000e+0 0.0000000e+0 -1.00000000
vn 0.0000000e+0 0.0000000e+0 -1.00000000
vn 0.0000000e+0 0.0000000e+0 -1.00000000
vn 0.0000000e+0 0.0000000e+0 -1.00000000
vn 0.0000000e+0 0.0000000e+0 -1.00000000
vn 0.0000000e+0 0.0000000e+0 -1.00000000
vn 0.0000000e+0 0.0000000e+0 -1.00000000
vn 0.0000000e+0 0.0000000e+0 -1.00000000
vn -0.0000000e+0 0.0000000e+0 -1.00000000
vn 0.0000000e+0 0.0000000e+0 -1.00000000
vn 0.0000000e+0 0.0000000e+0 -1.00000000
vn 0.0000000e+0 0.0000000e+0 -1.00000000
vn 0.0000000e+0 0.0000000e+0 -1.00000000
vn 0.0000000e+0 0.0000000e+0 -1.00000000
vn 0.0000000e+0 0.0000000e+0 -1.00000000
vn 0.0000000e+0 0.0000000e+0 -1.00000000
vn 0.0000000e+0 0.0000000e+0 -1.00000000
vn 0.0000000e+0 0.0000000e+0 -1.00000000
vn 0.0000000e+0 0.0000000e+0 -1.00000000
vn 0.0000000e+0 0.0000000e+0 -1.00000000
vn 0.0000000e+0 0.0000000e+0 -1.00000000
vn 0.0000000e+0 0.0000000e+0 -1.00000000
vn 0.0000000e+0 0.0000000e+0 -1.00000000
vn 0.0000000e+0 0.0000000e+0 -1.00000000
vn 0.0000000e+0 0.0000000e+0 -1.00000000
vn 0.0000000e+0 0.0000000e+0 -1.00000000
vn 0.0000000e+0 0.0000000e+0 -1.00000000
vn 0.0000000e+0 0.0000000e+0 -1.00000000
vn 0.0000000e+0 0.0000000e+0 -1.00000000
vn 0.0000000e+0 0.0000000e+0 -1.00000000
vn 0.0000000e+0 0.0000000e+0 -1.00000000
vn 0.0000000e+0 0.0000000e+0 -1.00000000
vn 0.0000000e+0 0.0000000e+0 -1.00000000
vn 0.0000000e+0 0.0000000e+0 -1.00000000
vn 0.0000000e+0 0.0000000e+0 -1.00000000
vn 0.0000000e+0 0.0000000e+0 -1.00000000
vn 0.0000000e+0 0.0000000e+0 -1.00000000
vn -0.0000000e+0 0.0000000e+0 -1.00000000
vn 0.0000000e+0 0.0000000e+0 -1.00000000
vn 0.0000000e+0 0.0000000e+0 -1.00000000
vn 0.0000000e+0 0.0000000e+0 -1.00000000
vn 0.0000000e+0 0.0000000e+0 -1.00000000
vn 0.0000000e+0 0.0000000e+0 -1.00000000
vn 0.0000000e+0 0.0000000e+0 -1.00000000
vn 0.0000000e+0 0.0000000e+0 -1.00000000
vn 0.0000000e+0 0.0000000e+0 -1.00000000
vn 0.0000000e+0 0.0000000e+0 -1.00000000
vn 0.0000000e+0 0.0000000e+0 -1.00000000
vn 0.0000000e+0 0.0000000e+0 -1.00000000
vn 0.0000000e+0 0.0000000e+0 -1.00000000
vn 0.0000000e+0 0.0000000e+0 -1.00000000
vn 0.0000000e+0 0.0000000e+0 -1.00000000
vn 0.0000000e+0 0.0000000e+0 -1.00000000
vn 0.0000000e+0 0.0000000e+0 -1.00000000
vn 0.0000000e+0 0.0000000e+0 -1.00000000
vn 0.0000000e+0 0.0000000e+0 -1.00000000
vn 0.0000000e+0 0.0000000e+0 -1.00000000
vn 0.0000000e+0 0.0000000e+0 -1.00000000
vn 0.0000000e+0 0.0000000e+0 -1.00000000
vn 0.0000000e+0 0.0000000e+0 -1.00000000
vn 0.0000000e+0 0.0000000e+0 -1.00000000
vn 0.0000000e+0 0.0000000e+0 -1.00000000
vn 0.0000000e+0 0.0000000e+0 -1.00000000
vn 0.0000000e+0 0.0000000e+0 -1.00000000
vn 0.0000000e+0 0.0000000e+0 -1.00000000
vn 0.0000000e+0 0.0000000e+0 -1.00000000
vn -0.0000000e+0 0.0000000e+0 -1.00000000
vn 0.0000000e+0 0.0000000e+0 -1.00000000
vn 0.0000000e+0 0.0000000e+0 -1.00000000
vn 0.0000000e+0 0.0000000e+0 -1.00000000
vn 0.0000000e+0 0.0000000e+0 -1.00000000
vn 0.0000000e+0 0.0000000e+0 -1.00000000
vn 0.0000000e+0 0.0000000e+0 -1.00000000
vn 0.0000000e+0 0.0000000e+0 -1.00000000
vn 0.0000000e+0 0.0000000e+0 -1.00000000
vn 0.0000000e+0 0.0000000e+0 -1.00000000
vn 0.0000000e+0 0.0000000e+0 -1.00000000
vn 0.0000000e+0 0.0000000e+0 -1.00000000
vn 0.0000000e+0 0.0000000e+0 -1.00000000
vn 0.0000000e+0 0.0000000e+0 -1.00000000
vn 0.0000000e+0 0.0000000e+0 -1.00000000
vn 0.0000000e+0 0.0000000e+0 -1.00000000
vn 0.0000000e+0 0.0000000e+0 -1.00000000
vn 0.0000000e+0 0.0000000e+0 -1.00000000
vn 0.0000000e+0 0.0000000e+0 -1.00000000
vn 0.0000000e+0 0.0000000e+0 -1.00000000
vn 0.0000000e+0 0.0000000e+0 -1.00000000
vn 0.0000000e+0 0.0000000e+0 -1.00000000
vn 0.0000000e+0 0.0000000e+0 -1.00000000
vn 0.0000000e+0 0.0000000e+0 -1.00000000
vn 0.0000000e+0 0.0000000e+0 -1.00000000
vn 0.0000000e+0 0.0000000e+0 -1.00000000
vn 0.0000000e+0 0.0000000e+0 -1.00000000
vn 0.0000000e+0 0.0000000e+0 -1.00000000
vn 0.0000000e+0 0.0000000e+0 -1.00000000
vn -0.0000000e+0 0.0000000e+0 -1.00000000
vn 0.0000000e+0 0.0000000e+0 -1.00000000
vn 0.0000000e+0 0.0000000e+0 -1.00000000
vn 0.0000000e+0 0.0000000e+0 -1.00000000
vn 0.0000000e+0 0.0000000e+0 -1.00000000
vn 0.0000000e+0 0.0000000e+0 -1.00000000
vn 0.0000000e+0 0.0000000e+0 -1.00000000
vn 0.0000000e+0 0.0000000e+0 -1.00000000
vn 0.0000000e+0 0.0000000e+0 -1.00000000
vn 0.0000000e+0 0.0000000e+0 -1.00000000
vn 0.0000000e+0 0.0000000e+0 -1.00000000
vn 0.0000000e+0 0.0000000e+0 -1.00000000
vn 0.0000000e+0 0.0000000e+0 -1.00000000
vn 0.0000000e+0 0.0000000e+0 -1.00000000
vn 0.0000000e+0 0.0000000e+0 -1.00000000
vn 0.0000000e+0 0.0000000e+0 -1.00000000
vn 0.0000000e+0 0.0000000e+0 -1.00000000
vn 0.0000000e+0 0.0000000e+0 -1.00000000
vn 0.0000000e+0 0.0000000e+0 -1.00000000
vn 0.0000000e+0 0.0000000e+0 -1.00000000
vn 0.0000000e+0 0.0000000e+0 -1.00000000
vn 0.0000000e+0 0.0000000e+0 -1.00000000
vn 0.0000000e+0 0.0000000e+0 -1.00000000
vn 0.0000000e+0 0.0000000e+0 -1.00000000
vn 0.0000000e+0 0.0000000e+0 -1.00000000
vn 0.0000000e+0 0.0000000e+0 -1.00000000
vn 0.0000000e+0 0.0000000e+0 -1.00000000
vn 0.0000000e+0 0.0000000e+0 -1.00000000
vn 3.5626826e-16 0.0000000e+0 -1.00000000
vn 3.5626826e-16 0.0000000e+0 -1.00000000
vn 2.6720120e-16 0.0000000e+0 -1.00000000
vn 2.1376096e-16 0.0000000e+0 -1.00000000
vn 2.1376096e-16 0.0000000e+0 -1.00000000
vn 2.1376096e-16 0.0000000e+0 -1.00000000
vn 2.1376096e-16 0.0000000e+0 -1.00000000
vn 2.1376096e-16 0.0000000e+0 -1.00000000
vn 2.1376096e-16 0.0000000e+0 -1.00000000
vn 2.1376096e-16 0.0000000e+0 -1.00000000
vn 2.1376096e-16 0.0000000e+0 -1.00000000
vn 2.1376096e-16 0.0000000e+0 -1.00000000
vn 2.1376096e-16 0.0000000e+0 -1.00000000
vn 2.1376096e-16 0.0000000e+0 -1.00000000
vn 2.1376096e-16 0.0000000e+0 -1.00000000
vn 2.1376096e-16 0.0000000e+0 -1.00000000
vn 2.1376096e-16 0.0000000e+0 -1.00000000
vn 2.1376096e-16 0.0000000e+0 -1.00000000
vn 2.1376096e-16 0.0000000e+0 -1.00000000
vn 2.1376096e-16 0.0000000e+0 -1.00000000
vn 2.1376096e-16 0.0000000e+0 -1.00000000
vn 2.1376096e-16 0.0000000e+0 -1.00000000
vn 2.1376096e-16 0.0000000e+0 -1.00000000
vn 2.1376096e-16 0.0000000e+0 -1.00000000
vn 2.1376096e-16 0.0000000e+0 -1.00000000
vn 2.1376096e-16 0.0000000e+0 -1.00000000
vn 2.1376096e-16 0.0000000e+0 -1.00000000
vn 2.1376096e-16 0.0000000e+0 -1.00000000
vn 2.6720120e-16 0.0000000e+0 -1.00000000
vn 1.00000000 0.0000000e+0 0.0000000e+0
vn 1.00000000 0.0000000e+0 0.0000000e+0
vn 1.00000000 0.0000000e+0 0.0000000e+0
vn 1.00000000 0.0000000e+0 0.0000000e+0
vn 1.00000000 0.0000000e+0 0.0000000e+0
vn 1.00000000 0.0000000e+0 0.0000000e+0
vn 1.00000000 0.0000000e+0 0.0000000e+0
vn 1.00000000 0.0000000e+0 0.0000000e+0
vn 1.00000000 0.0000000e+0 0.0000000e+0
vn 1.00000000 0.0000000e+0 0.0000000e+0
vn 1.00000000 0.0000000e+0 0.0000000e+0
vn 1.00000000 0.0000000e+0 0.0000000e+0
vn 1.00000000 0.0000000e+0 0.0000000e+0
vn 1.00000000 0.0000000e+0 0.0000000e+0
vn 1.00000000 0.0000000e+0 0.0000000e+0
vn 1.00000000 0.0000000e+0 0.0000000e+0
vn 1.00000000 0.0000000e+0 0.0000000e+0
vn 1.00000000 0.0000000e+0 0.0000000e+0
vn 1.00000000 0.0000000e+0 0.0000000e+0
vn 1.00000000 0.0000000e+0 0.0000000e+0
vn 1.00000000 0.0000000e+0 0.0000000e+0
vn 1.00000000 0.0000000e+0 0.0000000e+0
vn 1.00000000 0.0000000e+0 0.0000000e+0
vn 1.00000000 0.0000000e+0 0.0000000e+0
vn 1.00000000 0.0000000e+0 0.0000000e+0
vn 1.00000000 0.0000000e+0 0.0000000e+0
vn 1.00000000 0.0000000e+0 0.0000000e+0
vn 1.00000000 0.0000000e+0 0.0000000e+0
vn 1.00000000 0.0000000e+0 0.0000000e+0
vn 1.00000000 0.0000000e+0 0.0000000e+0
vn 1.00000000 0.0000000e+0 0.0000000e+0
vn 1.00000000 0.0000000e+0 0.0000000e+0
vn 1.00000000 0.0000000e+0 0.0000000e+0
vn 1.00000000 0.0000000e+0 0.0000000e+0
vn 1.00000000 0.0000000e+0 0.0000000e+0
vn 1.00000000 0.0000000e+0 0.0000000e+0
vn 1.00000000 0.0000000e+0 0.0000000e+0
vn 1.00000000 0.0000000e+0 0.0000000e+0
vn 1.00000000 0.0000000e+0 0.0000000e+0
vn 1.00000000 0.0000000e+0 0.0000000e+0
vn 1.00000000 0.0000000e+0 0.0000000e+0
vn 1.00000000 0.0000000e+0 0.0000000e+0
vn 1.00000000 0.0000000e+0 0.0000000e+0
vn 1.00000000 0.0000000e+0 0.0000000e+0
vn 1.00000000 0.0000000e+0 0.0000000e+0
vn 1.00000000 0.0000000e+0 0.0000000e+0
vn 1.00000000 0.0000000e+0 0.0000000e+0
vn 1.00000000 0.0000000e+0 0.0000000e+0
vn 1.00000000 0.0000000e+0 0.0000000e+0
vn 1.00000000 0.0000000e+0 0.0000000e+0
vn 1.00000000 0.0000000e+0 0.0000000e+0
vn 1.00000000 0.0000000e+0 0.0000000e+0
vn 1.00000000 0.0000000e+0 0.0000000e+0
vn 1.00000000 0.0000000e+0 0.0000000e+0
vn 1.00000000 0.0000000e+0 0.0000000e+0
vn 1.00000000 0.0000000e+0 0.0000000e+0
vn 1.00000000 0.0000000e+0 0.0000000e+0
vn 1.00000000 0.0000000e+0 0.0000000e+0
vn 1.00000000 0.0000000e+0 0.0000000e+0
vn 1.00000000 0.0000000e+0 0.0000000e+0
vn 1.00000000 0.0000000e+0 0.0000000e+0
vn 1.00000000 0.0000000e+0 0.0000000e+0
vn 1.00000000 0.0000000e+0 0.0000000e+0
vn 1.00000000 0.0000000e+0 0.0000000e+0
vn 1.00000000 0.0000000e+0 0.0000000e+0
vn 1.00000000 0.0000000e+0 0.0000000e+0
vn 1.00000000 0.0000000e+0 0.0000000e+0
vn 1.00000000 0.0000000e+0 0.0000000e+0
vn 1.00000000 0.0000000e+0 0.0000000e+0
vn 1.00000000 0.0000000e+0 0.0000000e+0
vn 1.00000000 0.0000000e+0 0.0000000e+0
vn 1.00000000 0.0000000e+0 0.0000000e+0
vn 1.00000000 0.0000000e+0 0.0000000e+0
vn 1.00000000 0.0000000e+0 0.0000000e+0
vn 1.00000000 0.0000000e+0 0.0000000e+0
vn 1.00000000 0.0000000e+0 0.0000000e+0
vn 1.00000000 0.0000000e+0 0.0000000e+0
vn 1.00000000 0.0000000e+0 0.0000000e+0
vn 1.00000000 0.0000000e+0 0.0000000e+0
vn 1.00000000 0.0000000e+0 0.0000000e+0
vn 1.00000000 0.0000000e+0 0.0000000e+0
vn 1.00000000 0.0000000e+0 0.0000000e+0
vn 1.00000000 0.0000000e+0 0.0000000e+0
vn 1.00000000 0.0000000e+0 0.0000000e+0
vn 1.00000000 0.0000000e+0 0.0000000e+0
vn 1.00000000 0.0000000e+0 0.0000000e+0
vn 1.00000000 0.0000000e+0 0.0000000e+0
vn 1.00000000 0.0000000e+0 0.0000000e+0
vn 1.00000000 0.0000000e+0 0.0000000e+0
vn 1.00000000 0.0000000e+0 0.0000000e+0
vn 1.00000000 0.0000000e+0 0.0000000e+0
vn 1.00000000 0.0000000e+0 0.0000000e+0
vn 1.00000000 0.0000000e+0 0.0000000e+0
vn 1.00000000 0.0000000e+0 0.0000000e+0
vn 1.00000000 0.0000000e+0 0.0000000e+0
vn 1.00000000 0.0000000e+0 0.0000000e+0
vn 1.00000000 0.0000000e+0 0.0000000e+0
vn 1.00000000 0.0000000e+0 0.0000000e+0
vn 1.00000000 0.0000000e+0 0.0000000e+0
vn 1.00000000 0.0000000e+0 0.0000000e+0
vn 1.00000000 0.0000000e+0 0.0000000e+0
vn 1.00000000 0.0000000e+0 0.0000000e+0
vn 1.00000000 0.0000000e+0 0.0000000e+0
vn 1.00000000 0.0000000e+0 0.0000000e+0
vn 1.00000000 0.0000000e+0 0.0000000e+0
vn 1.00000000 0.0000000e+0 0.0000000e+0
vn 1.00000000 0.0000000e+0 0.0000000e+0
vn 1.00000000 0.0000000e+0 0.0000000e+0
vn 1.00000000 0.0000000e+0 0.0000000e+0
vn 1.00000000 0.0000000e+0 0.0000000e+0
vn 1.00000000 0.0000000e+0 0.0000000e+0
vn 1.00000000 0.0000000e+0 0.0000000e+0
vn 1.00000000 0.0000000e+0 0.0000000e+0
vn 1.00000000 0.0000000e+0 0.0000000e+0
vn 1.00000000 0.0000000e+0 0.0000000e+0
vn 1.00000000 0.0000000e+0 0.0000000e+0
vn 1.00000000 0.0000000e+0 0.0000000e+0
vn 1.00000000 0.0000000e+0 0.0000000e+0
vn 1.00000000 0.0000000e+0 0.0000000e+0
vn 1.00000000 0.0000000e+0 0.0000000e+0
vn 1.00000000 0.0000000e+0 0.0000000e+0
vn 1.00000000 0.0000000e+0 0.0000000e+0
vn 1.00000000 0.0000000e+0 0.0000000e+0
vn 1.00000000 0.0000000e+0 0.0000000e+0
vn 1.00000000 0.0000000e+0 0.0000000e+0
vn 1.00000000 0.0000000e+0 0.0000000e+0
vn 1.00000000 0.0000000e+0 0.0000000e+0
vn 1.00000000 0.0000000e+0 0.0000000e+0
vn 1.00000000 0.0000000e+0 0.0000000e+0
vn 1.00000000 0.0000000e+0 0.0000000e+0
vn 1.00000000 0.0000000e+0 0.0000000e+0
vn 1.00000000 0.0000000e+0 0.0000000e+0
vn 1.00000000 0.0000000e+0 0.0000000e+0
vn 1.00000000 0.0000000e+0 0.0000000e+0
vn 1.00000000 0.0000000e+0 0.0000000e+0
vn 1.00000000 0.0000000e+0 0.0000000e+0
vn 1.00000000 0.0000000e+0 0.0000000e+0
vn 1.00000000 0.0000000e+0 0.0000000e+0
vn 1.00000000 0.0000000e+0 0.0000000e+0
vn 1.00000000 0.0000000e+0 0.0000000e+0
vn 1.00000000 0.0000000e+0 0.0000000e+0
vn 1.00000000 0.0000000e+0 0.0000000e+0
vn 1.00000000 0.0000000e+0 0.0000000e+0
vn 1.00000000 0.0000000e+0 0.0000000e+0
vn 1.00000000 0.0000000e+0 0.0000000e+0
vn 1.00000000 0.0000000e+0 0.0000000e+0
vn 1.00000000 0.0000000e+0 0.0000000e+0
vn 1.00000000 0.0000000e+0 0.0000000e+0
vn 1.00000000 0.0000000e+0 0.0000000e+0
vn 1.00000000 0.0000000e+0 0.0000000e+0
vn 1.00000000 0.0000000e+0 0.0000000e+0
vn 1.00000000 0.0000000e+0 0.0000000e+0
vn 1.00000000 0.0000000e+0 0.0000000e+0
vn 1.00000000 0.0000000e+0 0.0000000e+0
vn 1.00000000 0.0000000e+0 0.0000000e+0
vn 1.00000000 0.0000000e+0 0.0000000e+0
vn 1.00000000 0.0000000e+0 0.0000000e+0
vn 1.00000000 0.0000000e+0 0.0000000e+0
vn 1.00000000 0.0000000e+0 0.0000000e+0
vn 1.00000000 0.0000000e+0 0.0000000e+0
vn 1.00000000 0.0000000e+0 0.0000000e+0
vn 1.00000000 0.0000000e+0 0.0000000e+0
vn 1.00000000 0.0000000e+0 0.0000000e+0
vn 1.00000000 0.0000000e+0 0.0000000e+0
vn 1.00000000 0.0000000e+0 0.0000000e+0
vn 1.00000000 0.0000000e+0 0.0000000e+0
vn 1.00000000 0.0000000e+0 0.0000000e+0
vn 1.00000000 0.0000000e+0 0.0000000e+0
vn 1.00000000 0.0000000e+0 0.0000000e+0
vn 1.00000000 0.0000000e+0 0.0000000e+0
vn 1.00000000 0.0000000e+0 0.0000000e+0
vn 1.00000000 0.0000000e+0 0.0000000e+0
vn 1.00000000 0.0000000e+0 0.0000000e+0
vn 1.00000000 0.0000000e+0 0.0000000e+0
vn 1.00000000 0.0000000e+0 0.0000000e+0
vn 1.00000000 0.0000000e+0 0.0000000e+0
vn 1.00000000 0.0000000e+0 0.0000000e+0
vn 1.00000000 0.0000000e+0 0.0000000e+0
vn 1.00000000 0.0000000e+0 0.0000000e+0
vn 1.00000000 0.0000000e+0 0.0000000e+0
vn 1.00000000 0.0000000e+0 0.0000000e+0
vn 1.00000000 0.0000000e+0 0.0000000e+0
vn 1.00000000 0.0000000e+0 0.0000000e+0
vn 1.00000000 0.0000000e+0 0.0000000e+0
vn 1.00000000 0.0000000e+0 0.0000000e+0
vn 1.00000000 0.0000000e+0 0.0000000e+0
vn 1.00000000 0.0000000e+0 0.0000000e+0
vn 1.00000000 0.0000000e+0 0.0000000e+0
vn 1.00000000 0.0000000e+0 0.0000000e+0
vn 1.00000000 0.0000000e+0 0.0000000e+0
vn 1.00000000 0.0000000e+0 0.0000000e+0
vn 1.00000000 0.0000000e+0 0.0000000e+0
vn 1.00000000 0.0000000e+0 0.0000000e+0
vn 1.00000000 0.0000000e+0 0.0000000e+0
vn 1.00000000 0.0000000e+0 0.0000000e+0
vn 1.00000000 0.0000000e+0 0.0000000e+0
vn 1.00000000 0.0000000e+0 0.0000000e+0
vn 1.00000000 0.0000000e+0 0.0000000e+0
vn 1.00000000 0.0000000e+0 0.0000000e+0
vn 1.00000000 0.0000000e+0 0.0000000e+0
vn 1.00000000 0.0000000e+0 0.0000000e+0
vn 1.00000000 0.0000000e+0 0.0000000e+0
vn 1.00000000 0.0000000e+0 0.0000000e+0
vn 1.00000000 0.0000000e+0 0.0000000e+0
vn 1.00000000 0.0000000e+0 0.0000000e+0
vn 1.00000000 0.0000000e+0 0.0000000e+0
vn 1.00000000 0.0000000e+0 0.0000000e+0
vn 1.00000000 0.0000000e+0 0.0000000e+0
vn 1.00000000 0.0000000e+0 0.0000000e+0
vn 1.00000000 0.0000000e+0 0.0000000e+0
vn 1.00000000 0.0000000e+0 0.0000000e+0
vn 1.00000000 0.0000000e+0 0.0000000e+0
vn 1.00000000 0.0000000e+0 0.0000000e+0
vn 1.00000000 0.0000000e+0 0.0000000e+0
vn 1.00000000 0.0000000e+0 0.0000000e+0
vn 1.00000000 0.0000000e+0 0.0000000e+0
vn 1.00000000 0.0000000e+0 0.0000000e+0
vn 1.00000000 0.0000000e+0 0.0000000e+0
vn 1.00000000 0.0000000e+0 0.0000000e+0
vn 1.00000000 0.0000000e+0 0.0000000e+0
vn 1.00000000 0.0000000e+0 0.0000000e+0
vn 1.00000000 0.0000000e+0 0.0000000e+0
vn 1.00000000 0.0000000e+0 0.0000000e+0
vn 1.00000000 0.0000000e+0 0.0000000e+0
vn 1.00000000 0.0000000e+0 0.0000000e+0
vn 1.00000000 0.0000000e+0 0.0000000e+0
vn 1.00000000 0.0000000e+0 0.0000000e+0
vn 1.00000000 0.0000000e+0 0.0000000e+0
vn 1.00000000 0.0000000e+0 0.0000000e+0
vn 1.00000000 0.0000000e+0 0.0000000e+0
vn 1.00000000 0.0000000e+0 0.0000000e+0
vn 1.00000000 0.0000000e+0 0.0000000e+0
vn 1.00000000 0.0000000e+0 0.0000000e+0
vn 1.00000000 0.0000000e+0 0.0000000e+0
vn 1.00000000 0.0000000e+0 0.0000000e+0
vn 1.00000000 0.0000000e+0 0.0000000e+0
vn 1.00000000 0.0000000e+0 0.0000000e+0
vn 1.00000000 0.0000000e+0 0.0000000e+0
vn 1.00000000 0.0000000e+0 0.0000000e+0
vn 1.00000000 0.0000000e+0 0.0000000e+0
vn 1.00000000 0.0000000e+0 0.0000000e+0
vn 1.00000000 0.0000000e+0 0.0000000e+0
vn 1.00000000 0.0000000e+0 0.0000000e+0
vn 1.00000000 0.0000000e+0 0.0000000e+0
vn 1.00000000 0.0000000e+0 0.0000000e+0
vn 1.00000000 0.0000000e+0 0.0000000e+0
vn 1.00000000 0.0000000e+0 0.0000000e+0
vn 1.00000000 0.0000000e+0 0.0000000e+0
vn 1.00000000 0.0000000e+0 0.0000000e+0
vn 1.00000000 0.0000000e+0 0.0000000e+0
vn 1.00000000 0.0000000e+0 0.0000000e+0
vn 1.00000000 0.0000000e+0 0.0000000e+0
vn 1.00000000 0.0000000e+0 0.0000000e+0
vn 1.00000000 0.0000000e+0 0.0000000e+0
vn 1.00000000 0.0000000e+0 0.0000000e+0
vn 1.00000000 0.0000000e+0 0.0000000e+0
vn 1.00000000 0.0000000e+0 0.0000000e+0
vn 1.00000000 0.0000000e+0 0.0000000e+0
vn 1.00000000 0.0000000e+0 0.0000000e+0
vn 1.00000000 0.0000000e+0 0.0000000e+0
vn 1.00000000 0.0000000e+0 0.0000000e+0
vn -1.00000000 0.0000000e+0 0.0000000e+0
vn -1.00000000 0.0000000e+0 0.0000000e+0
vn -1.00000000 0.0000000e+0 0.0000000e+0
vn -1.00000000 0.0000000e+0 0.0000000e+0
vn -1.00000000 0.0000000e+0 0.0000000e+0
vn -1.00000000 0.0000000e+0 0.0000000e+0
vn -1.00000000 0.0000000e+0 0.0000000e+0
vn -1.00000000 0.0000000e+0 0.0000000e+0
vn -1.00000000 0.0000000e+0 0.0000000e+0
vn -1.00000000 0.0000000e+0 0.0000000e+0
vn -1.00000000 0.0000000e+0 0.0000000e+0
vn -1.00000000 0.0000000e+0 0.0000000e+0
vn -1.00000000 0.0000000e+0 0.0000000e+0
vn -1.00000000 0.0000000e+0 0.0000000e+0
vn -1.00000000 0.0000000e+0 0.0000000e+0
vn -1.00000000 0.0000000e+0 0.0000000e+0
vn -1.00000000 0.0000000e+0 0.0000000e+0
vn -1.00000000 0.0000000e+0 0.0000000e+0
vn -1.00000000 0.0000000e+0 0.0000000e+0
vn -1.00000000 0.0000000e+0 0.0000000e+0
vn -1.00000000 0.0000000e+0 0.0000000e+0
vn -1.00000000 0.0000000e+0 0.0000000e+0
vn -1.00000000 0.0000000e+0 0.0000000e+0
vn -1.00000000 0.0000000e+0 0.0000000e+0
vn -1.00000000 0.0000000e+0 0.0000000e+0
vn -1.00000000 0.0000000e+0 0.0000000e+0
vn -1.00000000 0.0000000e+0 0.0000000e+0
vn -1.00000000 0.0000000e+0 0.0000000e+0
vn -1.00000000 0.0000000e+0 0.0000000e+0
vn -1.00000000 0.0000000e+0 0.0000000e+0
vn -1.00000000 0.0000000e+0 0.0000000e+0
vn -1.00000000 0.0000000e+0 0.0000000e+0
vn -1.00000000 0.0000000e+0 0.0000000e+0
vn -1.00000000 0.0000000e+0 0.0000000e+0
vn -1.00000000 0.0000000e+0 0.0000000e+0
vn -1.00000000 0.0000000e+0 0.0000000e+0
vn -1.00000000 0.0000000e+0 0.0000000e+0
vn -1.00000000 0.0000000e+0 0.0000000e+0
vn -1.00000000 0.0000000e+0 0.0000000e+0
vn -1.00000000 0.0000000e+0 0.0000000e+0
vn -1.00000000 0.0000000e+0 0.0000000e+0
vn -1.00000000 0.0000000e+0 0.0000000e+0
vn -1.00000000 0.0000000e+0 0.0000000e+0
vn -1.00000000 0.0000000e+0 0.0000000e+0
vn -1.00000000 0.0000000e+0 0.0000000e+0
vn -1.00000000 0.0000000e+0 0.0000000e+0
vn -1.00000000 0.0000000e+0 0.0000000e+0
vn -1.00000000 0.0000000e+0 0.0000000e+0
vn -1.00000000 0.0000000e+0 0.0000000e+0
vn -1.00000000 0.0000000e+0 0.0000000e+0
vn -1.00000000 0.0000000e+0 0.0000000e+0
vn -1.00000000 0.0000000e+0 0.0000000e+0
vn -1.00000000 0.0000000e+0 0.0000000e+0
vn -1.00000000 0.0000000e+0 0.0000000e+0
vn -1.00000000 0.0000000e+0 0.0000000e+0
vn -1.00000000 0.0000000e+0 0.0000000e+0
vn -1.00000000 0.0000000e+0 -0.0000000e+0
vn -1.00000000 0.0000000e+0 0.0000000e+0
vn -1.00000000 0.0000000e+0 0.0000000e+0
vn -1.00000000 0.0000000e+0 0.0000000e+0
vn -1.00000000 0.0000000e+0 0.0000000e+0
vn -1.00000000 0.0000000e+0 0.0000000e+0
vn -1.00000000 0.0000000e+0 0.0000000e+0
vn -1.00000000 0.0000000e+0 0.0000000e+0
vn -1.00000000 0.0000000e+0 0.0000000e+0
vn -1.00000000 0.0000000e+0 0.0000000e+0
vn -1.00000000 0.0000000e+0 0.0000000e+0
vn -1.00000000 0.0000000e+0 0.0000000e+0
vn -1.00000000 0.0000000e+0 0.0000000e+0
vn -1.00000000 0.0000000e+0 0.0000000e+0
vn -1.00000000 0.0000000e+0 0.0000000e+0
vn -1.00000000 0.0000000e+0 0.0000000e+0
vn -1.00000000 0.0000000e+0 0.0000000e+0
vn -1.00000000 0.0000000e+0 0.0000000e+0
vn -1.00000000 0.0000000e+0 0.0000000e+0
vn -1.00000000 0.0000000e+0 0.0000000e+0
vn -1.00000000 0.0000000e+0 0.0000000e+0
vn -1.00000000 0.0000000e+0 0.0000000e+0
vn -1.00000000 0.0000000e+0 0.0000000e+0
vn -1.00000000 0.0000000e+0 0.0000000e+0
vn -1.00000000 0.0000000e+0 0.0000000e+0
vn -1.00000000 0.0000000e+0 0.0000000e+0
vn -1.00000000 0.0000000e+0 0.0000000e+0
vn -1.00000000 0.0000000e+0 0.0000000e+0
vn -1.00000000 0.0000000e+0 0.0000000e+0
vn -1.00000000 0.0000000e+0 -0.0000000e+0
vn -1.00000000 0.0000000e+0 0.0000000e+0
vn -1.00000000 0.0000000e+0 0.0000000e+0
vn -1.00000000 0.0000000e+0 0.0000000e+0
vn -1.00000000 0.0000000e+0 0.0000000e+0
vn -1.00000000 0.0000000e+0 0.0000000e+0
vn -1.00000000 0.0000000e+0 0.0000000e+0
vn -1.00000000 0.0000000e+0 0.0000000e+0
vn -1.00000000 0.0000000e+0 0.0000000e+0
vn -1.00000000 0.0000000e+0 0.0000000e+0
vn -1.00000000 0.0000000e+0 0.0000000e+0
vn -1.00000000 0.0000000e+0 0.0000000e+0
vn -1.00000000 0.0000000e+0 0.0000000e+0
vn -1.00000000 0.0000000e+0 0.0000000e+0
vn -1.00000000 0.0000000e+0 0.0000000e+0
vn -1.00000000 0.0000000e+0 0.0000000e+0
vn -1.00000000 0.0000000e+0 0.0000000e+0
vn -1.00000000 0.0000000e+0 0.0000000e+0
vn -1.00000000 0.0000000e+0 0.0000000e+0
vn -1.00000000 0.0000000e+0 0.0000000e+0
vn -1.00000000 0.0000000e+0 0.0000000e+0
vn -1.00000000 0.0000000e+0 0.0000000e+0
vn -1.00000000 0.0000000e+0 0.0000000e+0
vn -1.00000000 0.0000000e+0 0.0000000e+0
vn -1.00000000 0.0000000e+0 0.0000000e+0
vn -1.00000000 0.0000000e+0 0.0000000e+0
vn -1.00000000 0.0000000e+0 0.0000000e+0
vn -1.00000000 0.0000000e+0 0.0000000e+0
vn -1.00000000 0.0000000e+0 0.0000000e+0
vn -1.00000000 0.0000000e+0 -0.0000000e+0
vn -1.00000000 0.0000000e+0 0.0000000e+0
vn -1.00000000 0.0000000e+0 0.0000000e+0
vn -1.00000000 0.0000000e+0 0.0000000e+0
vn -1.00000000 0.0000000e+0 0.0000000e+0
vn -1.00000000 0.0000000e+0 0.0000000e+0
vn -1.00000000 0.0000000e+0 0.0000000e+0
vn -1.00000000 0.0000000e+0 0.0000000e+0
vn -1.00000000 0.0000000e+0 0.0000000e+0
vn -1.00000000 0.0000000e+0 0.0000000e+0
vn -1.00000000 0.0000000e+0 0.0000000e+0
vn -1.00000000 0.0000000e+0 0.0000000e+0
vn -1.00000000 0.0000000e+0 0.0000000e+0
vn -1.00000000 0.0000000e+0 0.0000000e+0
vn -1.00000000 0.0000000e+0 0.0000000e+0
vn -1.00000000 0.0000000e+0 0.0000000e+0
vn -1.00000000 0.0000000e+0 0.0000000e+0
vn -1.00000000 0.0000000e+0 0.0000000e+0
vn -1.00000000 0.0000000e+0 0.0000000e+0
vn -1.00000000 0.0000000e+0 0.0000000e+0
vn -1.00000000 0.0000000e+0 0.0000000e+0
vn -1.00000000 0.0000000e+0 0.0000000e+0
vn -1.00000000 0.0000000e+0 0.0000000e+0
vn -1.00000000 0.0000000e+0 0.0000000e+0
vn -1.00000000 0.0000000e+0 0.0000000e+0
vn -1.00000000 0.0000000e+0 0.0000000e+0
vn -1.00000000 0.0000000e+0 0.0000000e+0
vn -1.00000000 0.0000000e+0 0.0000000e+0
vn -1.00000000 0.0000000e+0 0.0000000e+0
vn -1.00000000 0.0000000e+0 -0.0000000e+0
vn -1.00000000 0.0000000e+0 0.0000000e+0
vn -1.00000000 0.0000000e+0 0.0000000e+0
vn -1.00000000 0.0000000e+0 0.0000000e+0
vn -1.00000000 0.0000000e+0 0.0000000e+0
vn -1.00000000 0.0000000e+0 0.0000000e+0
vn -1.00000000 0.0000000e+0 0.0000000e+0
vn -1.00000000 0.0000000e+0 0.0000000e+0
vn -1.00000000 0.0000000e+0 0.0000000e+0
vn -1.00000000 0.0000000e+0 0.0000000e+0
vn -1.00000000 0.0000000e+0 0.0000000e+0
vn -1.00000000 0.0000000e+0 0.0000000e+0
vn -1.00000000 0.0000000e+0 0.0000000e+0
vn -1.00000000 0.0000000e+0 0.0000000e+0
vn -1.00000000 0.0000000e+0 0.0000000e+0
vn -1.00000000 0.0000000e+0 0.0000000e+0
vn -1.00000000 0.0000000e+0 0.0000000e+0
vn -1.00000000 0.0000000e+0 0.0000000e+0
vn -1.00000000 0.0000000e+0 0.0000000e+0
vn -1.00000000 0.0000000e+0 0.0000000e+0
vn -1.00000000 0.0000000e+0 0.0000000e+0
vn -1.00000000 0.0000000e+0 0.0000000e+0
vn -1.00000000 0.0000000e+0 0.0000000e+0
vn -1.00000000 0.0000000e+0 0.0000000e+0
vn -1.00000000 0.0000000e+0 0.0000000e+0
vn -1.00000000 0.0000000e+0 0.0000000e+0
vn -1.00000000 0.0000000e+0 0.0000000e+0
vn -1.00000000 0.0000000e+0 0.0000000e+0
vn -1.00000000 0.0000000e+0 0.0000000e+0
vn -1.00000000 0.0000000e+0 -0.0000000e+0
vn -1.00000000 0.0000000e+0 0.0000000e+0
vn -1.00000000 0.0000000e+0 0.0000000e+0
vn -1.00000000 0.0000000e+0 0.0000000e+0
vn -1.00000000 0.0000000e+0 0.0000000e+0
vn -1.00000000 0.0000000e+0 0.0000000e+0
vn -1.00000000 0.0000000e+0 0.0000000e+0
vn -1.00000000 0.0000000e+0 0.0000000e+0
vn -1.00000000 0.0000000e+0 0.0000000e+0
vn -1.00000000 0.0000000e+0 0.0000000e+0
vn -1.00000000 0.0000000e+0 0.0000000e+0
vn -1.00000000 0.0000000e+0 0.0000000e+0
vn -1.00000000 0.0000000e+0 0.0000000e+0
vn -1.00000000 0.0000000e+0 0.0000000e+0
vn -1.00000000 0.0000000e+0 0.0000000e+0
vn -1.00000000 0.0000000e+0 0.0000000e+0
vn -1.00000000 0.0000000e+0 0.0000000e+0
vn -1.00000000 0.0000000e+0 0.0000000e+0
vn -1.00000000 0.0000000e+0 0.0000000e+0
vn -1.00000000 0.0000000e+0 0.0000000e+0
vn -1.00000000 0.0000000e+0 0.0000000e+0
vn -1.00000000 0.0000000e+0 0.0000000e+0
vn -1.00000000 0.0000000e+0 0.0000000e+0
vn -1.00000000 0.0000000e+0 0.0000000e+0
vn -1.00000000 0.0000000e+0 0.0000000e+0
vn -1.00000000 0.0000000e+0 0.0000000e+0
vn -1.00000000 0.0000000e+0 0.0000000e+0
vn -1.00000000 0.0000000e+0 0.0000000e+0
vn -1.00000000 0.0000000e+0 0.0000000e+0
vn -1.00000000 0.0000000e+0 -0.0000000e+0
vn -1.00000000 0.0000000e+0 0.0000000e+0
vn -1.00000000 0.0000000e+0 0.0000000e+0
vn -1.00000000 0.0000000e+0 0.0000000e+0
vn -1.00000000 0.0000000e+0 0.0000000e+0
vn -1.00000000 0.0000000e+0 0.0000000e+0
vn -1.00000000 0.0000000e+0 0.0000000e+0
vn -1.00000000 0.0000000e+0 0.0000000e+0
vn -1.00000000 0.0000000e+0 0.0000000e+0
vn -1.00000000 0.0000000e+0 0.0000000e+0
vn -1.00000000 0.0000000e+0 0.0000000e+0
vn -1.00000000 0.0000000e+0 0.0000000e+0
vn -1.00000000 0.0000000e+0 0.0000000e+0
vn -1.00000000 0.0000000e+0 0.0000000e+0
vn -1.00000000 0.0000000e+0 0.0000000e+0
vn -1.00000000 0.0000000e+0 0.0000000e+0
vn -1.00000000 0.0000000e+0 0.0000000e+0
vn -1.00000000 0.0000000e+0 0.0000000e+0
vn -1.00000000 0.0000000e+0 0.0000000e+0
vn -1.00000000 0.0000000e+0 0.0000000e+0
vn -1.00000000 0.0000000e+0 0.0000000e+0
vn -1.00000000 0.0000000e+0 0.0000000e+0
vn -1.00000000 0.0000000e+0 0.0000000e+0
vn -1.00000000 0.0000000e+0 0.0000000e+0
vn -1.00000000 0.0000000e+0 0.0000000e+0
vn -1.00000000 0.0000000e+0 0.0000000e+0
vn -1.00000000 0.0000000e+0 0.0000000e+0
vn -1.00000000 0.0000000e+0 0.0000000e+0
vn -1.00000000 0.0000000e+0 0.0000000e+0
vn -1.00000000 0.0000000e+0 -0.0000000e+0
vn -1.00000000 0.0000000e+0 0.0000000e+0
vn -1.00000000 0.0000000e+0 0.0000000e+0
vn -1.00000000 0.0000000e+0 0.0000000e+0
vn -1.00000000 0.0000000e+0 0.0000000e+0
vn -1.00000000 0.0000000e+0 0.0000000e+0
vn -1.00000000 0.0000000e+0 0.0000000e+0
vn -1.00000000 0.0000000e+0 0.0000000e+0
vn -1.00000000 0.0000000e+0 0.0000000e+0
vn -1.00000000 0.0000000e+0 0.0000000e+0
vn -1.00000000 0.0000000e+0 0.0000000e+0
vn -1.00000000 0.0000000e+0 0.0000000e+0
vn -1.00000000 0.0000000e+0 0.0000000e+0
vn -1.00000000 0.0000000e+0 0.0000000e+0
vn -1.00000000 0.0000000e+0 0.0000000e+0
vn -1.00000000 0.0000000e+0 0.0000000e+0
vn -1.00000000 0.0000000e+0 0.0000000e+0
vn -1.00000000 0.0000000e+0 0.0000000e+0
vn -1.00000000 0.0000000e+0 0.0000000e+0
vn -1.00000000 0.0000000e+0 0.0000000e+0
vn -1.00000000 0.0000000e+0 0.0000000e+0
vn -1.00000000 0.0000000e+0 0.0000000e+0
vn -1.00000000 0.0000000e+0 0.0000000e+0
vn -1.00000000 0.0000000e+0 0.0000000e+0
vn -1.00000000 0.0000000e+0 0.0000000e+0
vn -1.00000000 0.0000000e+0 0.0000000e+0
vn -1.00000000 0.0000000e+0 0.0000000e+0
vn -1.00000000 0.0000000e+0 0.0000000e+0
vn -1.00000000 0.0000000e+0 0.0000000e+0
vn -1.00000000 0.0000000e+0 0.0000000e+0
vn -1.00000000 0.0000000e+0 0.0000000e+0
vn 0.0000000e+0 0.0000000e+0 1.00000000
vn 0.0000000e+0 0.0000000e+0 1.00000000
vn 0.0000000e+0 0.0000000e+0 1.00000000
vn 0.0000000e+0 0.0000000e+0 1.00000000
vn 0.0000000e+0 0.0000000e+0 1.00000000
vn 0.0000000e+0 0.0000000e+0 1.00000000
vn 0.0000000e+0 0.0000000e+0 1.00000000
vn 0.0000000e+0 0.0000000e+0 1.00000000
vn 0.0000000e+0 0.0000000e+0 1.00000000
vn 0.0000000e+0 0.0000000e+0 1.00000000
vn 0.0000000e+0 0.0000000e+0 1.00000000
vn 0.0000000e+0 0.0000000e+0 1.00000000
vn 0.0000000e+0 0.0000000e+0 1.00000000
vn 0.0000000e+0 0.0000000e+0 1.00000000
vn 0.0000000e+0 0.0000000e+0 1.00000000
vn 0.0000000e+0 0.0000000e+0 1.00000000
vn 0.0000000e+0 0.0000000e+0 1.00000000
vn 0.0000000e+0 0.0000000e+0 1.00000000
vn 0.0000000e+0 0.0000000e+0 1.00000000
vn 0.0000000e+0 0.0000000e+0 1.00000000
vn 0.0000000e+0 0.0000000e+0 1.00000000
vn 0.0000000e+0 0.0000000e+0 1.00000000
vn 0.0000000e+0 0.0000000e+0 1.00000000
vn 0.0000000e+0 0.0000000e+0 1.00000000
vn 0.0000000e+0 0.0000000e+0 1.00000000
vn 0.0000000e+0 0.0000000e+0 1.00000000
vn 0.0000000e+0 0.0000000e+0 1.00000000
vn 0.0000000e+0 0.0000000e+0 1.00000000
vn 0.0000000e+0 0.0000000e+0 1.00000000
vn 0.0000000e+0 0.0000000e+0 1.00000000
vn 0.0000000e+0 0.0000000e+0 1.00000000
vn 0.0000000e+0 0.0000000e+0 1.00000000
vn 0.0000000e+0 0.0000000e+0 1.00000000
vn 0.0000000e+0 0.0000000e+0 1.00000000
vn 0.0000000e+0 0.0000000e+0 1.00000000
vn 0.0000000e+0 0.0000000e+0 1.00000000
vn 0.0000000e+0 0.0000000e+0 1.00000000
vn 0.0000000e+0 0.0000000e+0 1.00000000
vn 0.0000000e+0 0.0000000e+0 1.00000000
vn 0.0000000e+0 0.0000000e+0 1.00000000
vn 0.0000000e+0 0.0000000e+0 1.00000000
vn 0.0000000e+0 0.0000000e+0 1.00000000
vn 0.0000000e+0 0.0000000e+0 1.00000000
vn 0.0000000e+0 0.0000000e+0 1.00000000
vn 0.0000000e+0 0.0000000e+0 1.00000000
vn 0.0000000e+0 0.0000000e+0 1.00000000
vn 0.0000000e+0 0.0000000e+0 1.00000000
vn 0.0000000e+0 0.0000000e+0 1.00000000
vn 0.0000000e+0 0.0000000e+0 1.00000000
vn 0.0000000e+0 0.0000000e+0 1.00000000
vn 0.0000000e+0 0.0000000e+0 1.00000000
vn 0.0000000e+0 0.0000000e+0 1.00000000
vn 0.0000000e+0 0.0000000e+0 1.00000000
vn 0.0000000e+0 0.0000000e+0 1.00000000
vn 0.0000000e+0 0.0000000e+0 1.00000000
vn 0.0000000e+0 0.0000000e+0 1.00000000
vn 0.0000000e+0 0.0000000e+0 1.00000000
vn 0.0000000e+0 0.0000000e+0 1.00000000
vn 0.0000000e+0 0.0000000e+0 1.00000000
vn 0.0000000e+0 0.0000000e+0 1.00000000
vn 0.0000000e+0 0.0000000e+0 1.00000000
vn 0.0000000e+0 0.0000000e+0 1.00000000
vn 0.0000000e+0 0.0000000e+0 1.00000000
vn 0.0000000e+0 0.0000000e+0 1.00000000
vn 0.0000000e+0 0.0000000e+0 1.00000000
vn 0.0000000e+0 0.0000000e+0 1.00000000
vn 0.0000000e+0 0.0000000e+0 1.00000000
vn 0.0000000e+0 0.0000000e+0 1.00000000
vn 0.0000000e+0 0.0000000e+0 1.00000000
vn 0.0000000e+0 0.0000000e+0 1.00000000
vn 0.0000000e+0 0.0000000e+0 1.00000000
vn 0.0000000e+0 0.0000000e+0 1.00000000
vn 0.0000000e+0 0.0000000e+0 1.00000000
vn 0.0000000e+0 0.0000000e+0 1.00000000
vn 0.0000000e+0 0.0000000e+0 1.00000000
vn 0.0000000e+0 0.0000000e+0 1.00000000
vn 0.0000000e+0 0.0000000e+0 1.00000000
vn 0.0000000e+0 0.0000000e+0 1.00000000
vn 0.0000000e+0 0.0000000e+0 1.00000000
vn 0.0000000e+0 0.0000000e+0 1.00000000
vn 0.0000000e+0 0.0000000e+0 1.00000000
vn 0.0000000e+0 0.0000000e+0 1.00000000
vn 0.0000000e+0 0.0000000e+0 1.00000000
vn 0.0000000e+0 0.0000000e+0 1.00000000
vn 0.0000000e+0 0.0000000e+0 1.00000000
vn 0.0000000e+0 0.0000000e+0 1.00000000
vn 0.0000000e+0 0.0000000e+0 1.00000000
vn 0.0000000e+0 0.0000000e+0 1.00000000
vn 0.0000000e+0 0.0000000e+0 1.00000000
vn 0.0000000e+0 0.0000000e+0 1.00000000
vn 0.0000000e+0 0.0000000e+0 1.00000000
vn 0.0000000e+0 0.0000000e+0 1.00000000
vn 0.0000000e+0 0.0000000e+0 1.00000000
vn 0.0000000e+0 0.0000000e+0 1.00000000
vn 0.0000000e+0 0.0000000e+0 1.00000000
vn 0.0000000e+0 0.0000000e+0 1.00000000
vn 0.0000000e+0 0.0000000e+0 1.00000000
vn 0.0000000e+0 0.0000000e+0 1.00000000
vn 0.0000000e+0 0.0000000e+0 1.00000000
vn 0.0000000e+0 0.0000000e+0 1.00000000
vn 0.0000000e+0 0.0000000e+0 1.00000000
vn 0.0000000e+0 0.0000000e+0 1.00000000
vn 0.0000000e+0 0.0000000e+0 1.00000000
vn 0.0000000e+0 0.0000000e+0 1.00000000
vn 0.0000000e+0 0.0000000e+0 1.00000000
vn 0.0000000e+0 0.0000000e+0 1.00000000
vn 0.0000000e+0 0.0000000e+0 1.00000000
vn 0.0000000e+0 0.0000000e+0 1.00000000
vn 0.0000000e+0 0.0000000e+0 1.00000000
vn 0.0000000e+0 0.0000000e+0 1.00000000
vn 0.0000000e+0 0.0000000e+0 1.00000000
vn 0.0000000e+0 0.0000000e+0 1.00000000
vn 0.0000000e+0 0.0000000e+0 1.00000000
vn 0.0000000e+0 0.0000000e+0 1.00000000
vn 0.0000000e+0 0.0000000e+0 1.00000000
vn 0.0000000e+0 0.0000000e+0 1.00000000
vn 0.0000000e+0 0.0000000e+0 1.00000000
vn 0.0000000e+0 0.0000000e+0 1.00000000
vn 0.0000000e+0 0.0000000e+0 1.00000000
vn 0.0000000e+0 0.0000000e+0 1.00000000
vn 0.0000000e+0 0.0000000e+0 1.00000000
vn 0.0000000e+0 0.0000000e+0 1.00000000
vn 0.0000000e+0 0.0000000e+0 1.00000000
vn 0.0000000e+0 0.0000000e+0 1.00000000
vn 0.0000000e+0 0.0000000e+0 1.00000000
vn 0.0000000e+0 0.0000000e+0 1.00000000
vn 0.0000000e+0 0.0000000e+0 1.00000000
vn 0.0000000e+0 0.0000000e+0 1.00000000
vn 0.0000000e+0 0.0000000e+0 1.00000000
vn 0.0000000e+0 0.0000000e+0 1.00000000
vn 0.0000000e+0 0.0000000e+0 1.00000000
vn 0.0000000e+0 0.0000000e+0 1.00000000
vn 0.0000000e+0 0.0000000e+0 1.00000000
vn 0.0000000e+0 0.0000000e+0 1.00000000
vn 0.0000000e+0 0.0000000e+0 1.00000000
vn 0.0000000e+0 0.0000000e+0 1.00000000
vn 0.0000000e+0 0.0000000e+0 1.00000000
vn 0.0000000e+0 0.0000000e+0 1.00000000
vn 0.0000000e+0 0.0000000e+0 1.00000000
vn 0.0000000e+0 0.0000000e+0 1.00000000
vn 0.0000000e+0 0.0000000e+0 1.00000000
vn 0.0000000e+0 0.0000000e+0 1.00000000
vn 0.0000000e+0 0.0000000e+0 1.00000000
vn 0.0000000e+0 0.0000000e+0 1.00000000
vn 0.0000000e+0 0.0000000e+0 1.00000000
vn 0.0000000e+0 0.0000000e+0 1.00000000
vn 0.0000000e+0 0.0000000e+0 1.00000000
vn 0.0000000e+0 0.0000000e+0 1.00000000
vn 0.0000000e+0 0.0000000e+0 1.00000000
vn 0.0000000e+0 0.0000000e+0 1.00000000
vn 0.0000000e+0 0.0000000e+0 1.00000000
vn 0.0000000e+0 0.0000000e+0 1.00000000
vn 0.0000000e+0 0.0000000e+0 1.00000000
vn 0.0000000e+0 0.0000000e+0 1.00000000
vn 0.0000000e+0 0.0000000e+0 1.00000000
vn 0.0000000e+0 0.0000000e+0 1.00000000
vn 0.0000000e+0 0.0000000e+0 1.00000000
vn 0.0000000e+0 0.0000000e+0 1.00000000
vn 0.0000000e+0 0.0000000e+0 1.00000000
vn 0.0000000e+0 0.0000000e+0 1.00000000
vn 0.0000000e+0 0.0000000e+0 1.00000000
vn 0.0000000e+0 0.0000000e+0 1.00000000
vn 0.0000000e+0 0.0000000e+0 1.00000000
vn 0.0000000e+0 0.0000000e+0 1.00000000
vn 0.0000000e+0 0.0000000e+0 1.00000000
vn 0.0000000e+0 0.0000000e+0 1.00000000
vn 0.0000000e+0 0.0000000e+0 1.00000000
vn 0.0000000e+0 0.0000000e+0 1.00000000
vn 0.0000000e+0 0.0000000e+0 1.00000000
vn 0.0000000e+0 0.0000000e+0 1.00000000
vn 0.0000000e+0 0.0000000e+0 1.00000000
vn 0.0000000e+0 0.0000000e+0 1.00000000
vn 0.0000000e+0 0.0000000e+0 1.00000000
vn 0.0000000e+0 0.0000000e+0 1.00000000
vn 0.0000000e+0 0.0000000e+0 1.00000000
vn 0.0000000e+0 0.0000000e+0 1.00000000
vn 0.0000000e+0 0.0000000e+0 1.00000000
vn 0.0000000e+0 0.0000000e+0 1.00000000
vn 0.0000000e+0 0.0000000e+0 1.00000000
vn 0.0000000e+0 0.0000000e+0 1.00000000
vn 0.0000000e+0 0.0000000e+0 1.00000000
vn 0.0000000e+0 0.0000000e+0 1.00000000
vn 0.0000000e+0 0.0000000e+0 1.00000000
vn 0.0000000e+0 0.0000000e+0 1.00000000
vn 0.0000000e+0 0.0000000e+0 1.00000000
vn 0.0000000e+0 0.0000000e+0 1.00000000
vn 0.0000000e+0 0.0000000e+0 1.00000000
vn 0.0000000e+0 0.0000000e+0 1.00000000
vn 0.0000000e+0 0.0000000e+0 1.00000000
vn 0.0000000e+0 0.0000000e+0 1.00000000
vn 0.0000000e+0 0.0000000e+0 1.00000000
vn 0.0000000e+0 0.0000000e+0 1.00000000
vn 0.0000000e+0 0.0000000e+0 1.00000000
vn 0.0000000e+0 0.0000000e+0 1.00000000
vn 0.0000000e+0 0.0000000e+0 1.00000000
vn 0.0000000e+0 0.0000000e+0 1.00000000
vn 0.0000000e+0 0.0000000e+0 1.00000000
vn 0.0000000e+0 0.0000000e+0 1.00000000
vn 0.0000000e+0 0.0000000e+0 1.00000000
vn 0.0000000e+0 0.0000000e+0 1.00000000
vn 0.0000000e+0 0.0000000e+0 1.00000000
vn 0.0000000e+0 0.0000000e+0 1.00000000
vn 0.0000000e+0 0.0000000e+0 1.00000000
vn 0.0000000e+0 0.0000000e+0 1.00000000
vn 0.0000000e+0 0.0000000e+0 1.00000000
vn 0.0000000e+0 0.0000000e+0 1.00000000
vn 0.0000000e+0 0.0000000e+0 1.00000000
vn 0.0000000e+0 0.0000000e+0 1.00000000
vn 0.0000000e+0 0.0000000e+0 1.00000000
vn 0.0000000e+0 0.0000000e+0 1.00000000
vn 0.0000000e+0 0.0000000e+0 1.00000000
vn 0.0000000e+0 0.0000000e+0 1.00000000
vn 0.0000000e+0 0.0000000e+0 1.00000000
vn 0.0000000e+0 0.0000000e+0 1.00000000
vn 0.0000000e+0 0.0000000e+0 1.00000000
vn 0.0000000e+0 0.0000000e+0 1.00000000
vn 0.0000000e+0 0.0000000e+0 1.00000000
vn 0.0000000e+0 0.0000000e+0 1.00000000
vn 0.0000000e+0 0.0000000e+0 1.00000000
vn 0.0000000e+0 0.0000000e+0 1.00000000
vn 0.0000000e+0 0.0000000e+0 1.00000000
vn 0.0000000e+0 0.0000000e+0 1.00000000
vn 0.0000000e+0 0.0000000e+0 1.00000000
vn 0.0000000e+0 0.0000000e+0 1.00000000
vn 0.0000000e+0 0.0000000e+0 1.00000000
vn 0.0000000e+0 0.0000000e+0 1.00000000
vn 0.0000000e+0 0.0000000e+0 1.00000000
vn 0.0000000e+0 0.0000000e+0 1.00000000
vn 0.0000000e+0 0.0000000e+0 1.00000000
vn 0.0000000e+0 0.0000000e+0 1.00000000
vn 0.0000000e+0 0.0000000e+0 1.00000000
vn 0.0000000e+0 0.0000000e+0 1.00000000
vn 0.0000000e+0 0.0000000e+0 1.00000000
vn 0.0000000e+0 0.0000000e+0 1.00000000
vn 0.0000000e+0 0.0000000e+0 1.00000000
vn 0.0000000e+0 0.0000000e+0 1.00000000
vn 0.0000000e+0 0.0000000e+0 1.00000000
vn 0.0000000e+0 0.0000000e+0 1.00000000
vn 0.0000000e+0 0.0000000e+0 1.00000000
vn 0.0000000e+0 0.0000000e+0 1.00000000
vn 0.0000000e+0 0.0000000e+0 1.00000000
vn 0.0000000e+0 0.0000000e+0 1.00000000
vn 0.0000000e+0 0.0000000e+0 1.00000000
vn 0.0000000e+0 0.0000000e+0 1.00000000
vn 0.0000000e+0 0.0000000e+0 1.00000000
vn 0.0000000e+0 0.0000000e+0 1.00000000
vn 0.0000000e+0 0.0000000e+0 1.00000000
vn 0.0000000e+0 0.0000000e+0 1.00000000
vn 0.0000000e+0 0.0000000e+0 1.00000000
vn 0.0000000e+0 0.0000000e+0 1.00000000
vn 0.0000000e+0 0.0000000e+0 1.00000000
vn 0.0000000e+0 0.0000000e+0 1.00000000
vn 0.0000000e+0 0.0000000e+0 1.00000000
vn 0.0000000e+0 0.0000000e+0 1.00000000
vn 0.0000000e+0 0.0000000e+0 1.00000000
vn 0.0000000e+0 0.0000000e+0 1.00000000
vn 0.0000000e+0 0.0000000e+0 1.00000000
vn 0.0000000e+0 0.0000000e+0 1.00000000
vn 0.0000000e+0 0.0000000e+0 1.00000000
vn 0.0000000e+0 0.0000000e+0 1.00000000
vn 0.0000000e+0 0.0000000e+0 1.00000000
vn 0.0000000e+0 0.0000000e+0 1.00000000
vn 0.0000000e+0 0.0000000e+0 1.00000000
vn 0.0000000e+0 0.0000000e+0 1.00000000
vn 0.0000000e+0 0.0000000e+0 1.00000000
vn 0.0000000e+0 0.0000000e+0 1.00000000
vn 0.0000000e+0 0.0000000e+0 1.00000000
vn 0.0000000e+0 0.0000000e+0 1.00000000
vn 0.0000000e+0 0.0000000e+0 1.00000000
vn 0.0000000e+0 0.0000000e+0 1.00000000
vn 0.0000000e+0 0.0000000e+0 1.00000000
vn 0.0000000e+0 0.0000000e+0 1.00000000
vn 0.0000000e+0 0.0000000e+0 1.00000000
vn 0.0000000e+0 0.0000000e+0 1.00000000
vn 0.0000000e+0 0.0000000e+0 1.00000000
vn 0.0000000e+0 0.0000000e+0 1.00000000
vn 0.0000000e+0 0.0000000e+0 1.00000000
vn 0.0000000e+0 0.0000000e+0 1.00000000
vn 0.0000000e+0 0.0000000e+0 1.00000000
vn 0.0000000e+0 0.0000000e+0 1.00000000
vn 0.0000000e+0 0.0000000e+0 1.00000000
vn 0.0000000e+0 0.0000000e+0 1.00000000
vn 0.0000000e+0 0.0000000e+0 1.00000000
vn 0.0000000e+0 0.0000000e+0 1.00000000
vn 0.0000000e+0 0.0000000e+0 1.00000000
vn 0.0000000e+0 0.0000000e+0 1.00000000
vn 0.0000000e+0 0.0000000e+0 1.00000000
vn 0.0000000e+0 0.0000000e+0 1.00000000
vn 0.0000000e+0 0.0000000e+0 1.00000000
vn 0.0000000e+0 0.0000000e+0 1.00000000
vn 0.0000000e+0 0.0000000e+0 1.00000000
vn 0.0000000e+0 0.0000000e+0 1.00000000
vn 0.0000000e+0 0.0000000e+0 1.00000000
vn 0.0000000e+0 0.0000000e+0 1.00000000
vn 0.0000000e+0 0.0000000e+0 1.00000000
vn 0.0000000e+0 0.0000000e+0 1.00000000
vn 0.0000000e+0 0.0000000e+0 1.00000000
vn 0.0000000e+0 0.0000000e+0 1.00000000
vn 0.0000000e+0 0.0000000e+0 1.00000000
vn 0.0000000e+0 0.0000000e+0 1.00000000
vn 0.0000000e+0 0.0000000e+0 1.00000000
vn 0.0000000e+0 0.0000000e+0 1.00000000
vn 0.0000000e+0 0.0000000e+0 1.00000000
vn 0.0000000e+0 0.0000000e+0 1.00000000
vn 0.0000000e+0 0.0000000e+0 1.00000000
vn 0.0000000e+0 0.0000000e+0 1.00000000
vn 0.0000000e+0 0.0000000e+0 1.00000000
vn 0.0000000e+0 0.0000000e+0 1.00000000
vn 0.0000000e+0 0.0000000e+0 1.00000000
vn 0.0000000e+0 0.0000000e+0 1.00000000
vn 0.0000000e+0 0.0000000e+0 1.00000000
vn 0.0000000e+0 0.0000000e+0 1.00000000
vn 0.0000000e+0 0.0000000e+0 1.00000000
vn 0.0000000e+0 0.0000000e+0 1.00000000
vn 0.0000000e+0 0.0000000e+0 1.00000000
vn 0.0000000e+0 0.0000000e+0 1.00000000
vn 0.0000000e+0 0.0000000e+0 1.00000000
vn 0.0000000e+0 0.0000000e+0 1.00000000
vn 0.0000000e+0 0.0000000e+0 1.00000000
vn 0.0000000e+0 0.0000000e+0 1.00000000
vn 0.0000000e+0 0.0000000e+0 1.00000000
vn 0.0000000e+0 0.0000000e+0 1.00000000
vn 0.0000000e+0 0.0000000e+0 1.00000000
vn 0.0000000e+0 0.0000000e+0 1.00000000
vn 0.0000000e+0 0.0000000e+0 1.00000000
vn 0.0000000e+0 0.0000000e+0 1.00000000
vn 0.0000000e+0 0.0000000e+0 1.00000000
vn 0.0000000e+0 0.0000000e+0 1.00000000
vn 0.0000000e+0 0.0000000e+0 1.00000000
vn 0.0000000e+0 0.0000000e+0 1.00000000
vn 0.0000000e+0 0.0000000e+0 1.00000000
vn 0.0000000e+0 0.0000000e+0 1.00000000
vn 0.0000000e+0 0.0000000e+0 1.00000000
vn 0.0000000e+0 0.0000000e+0 1.00000000
vn 0.0000000e+0 0.0000000e+0 1.00000000
vn 0.0000000e+0 0.0000000e+0 1.00000000
vn 0.0000000e+0 0.0000000e+0 1.00000000
vn 0.0000000e+0 0.0000000e+0 1.00000000
vn 0.0000000e+0 0.0000000e+0 1.00000000
vn 0.0000000e+0 0.0000000e+0 1.00000000
vn 0.0000000e+0 0.0000000e+0 1.00000000
vn 0.0000000e+0 0.0000000e+0 1.00000000
vn 0.0000000e+0 0.0000000e+0 1.00000000
vn 0.0000000e+0 0.0000000e+0 1.00000000
vn 0.0000000e+0 0.0000000e+0 1.00000000
vn 0.0000000e+0 0.0000000e+0 1.00000000
vn 0.0000000e+0 0.0000000e+0 1.00000000
vn 0.0000000e+0 0.0000000e+0 1.00000000
vn 0.0000000e+0 0.0000000e+0 1.00000000
vn 0.0000000e+0 0.0000000e+0 1.00000000
vn 0.0000000e+0 0.0000000e+0 1.00000000
vn 0.0000000e+0 0.0000000e+0 1.00000000
vn 0.0000000e+0 0.0000000e+0 1.00000000
vn 0.0000000e+0 0.0000000e+0 1.00000000
vn 0.0000000e+0 0.0000000e+0 1.00000000
vn 0.0000000e+0 0.0000000e+0 1.00000000
vn 0.0000000e+0 0.0000000e+0 1.00000000
vn 0.0000000e+0 0.0000000e+0 1.00000000
vn 0.0000000e+0 0.0000000e+0 1.00000000
vn 0.0000000e+0 0.0000000e+0 1.00000000
vn 0.0000000e+0 0.0000000e+0 1.00000000
vn 0.0000000e+0 0.0000000e+0 1.00000000
vn 0.0000000e+0 0.0000000e+0 1.00000000
vn 0.0000000e+0 0.0000000e+0 1.00000000
vn 0.0000000e+0 0.0000000e+0 1.00000000
vn 0.0000000e+0 0.0000000e+0 1.00000000
vn 0.0000000e+0 0.0000000e+0 1.00000000
vn 0.0000000e+0 0.0000000e+0 1.00000000
vn 0.0000000e+0 0.0000000e+0 1.00000000
vn 0.0000000e+0 0.0000000e+0 1.00000000
vn 0.0000000e+0 0.0000000e+0 1.00000000
vn 0.0000000e+0 0.0000000e+0 1.00000000
vn 0.0000000e+0 0.0000000e+0 1.00000000
vn 0.0000000e+0 0.0000000e+0 1.00000000
vn 0.0000000e+0 0.0000000e+0 1.00000000
vn 0.0000000e+0 0.0000000e+0 1.00000000
vn 0.0000000e+0 0.0000000e+0 1.00000000
vn 0.0000000e+0 0.0000000e+0 1.00000000
vn 0.0000000e+0 0.0000000e+0 1.00000000
vn 0.0000000e+0 0.0000000e+0 1.00000000
vn 0.0000000e+0 0.0000000e+0 1.00000000
vn 0.0000000e+0 0.0000000e+0 1.00000000
vn 0.0000000e+0 0.0000000e+0 1.00000000
vn 0.0000000e+0 0.0000000e+0 1.00000000
vn 0.0000000e+0 0.0000000e+0 1.00000000
vn 0.0000000e+0 0.0000000e+0 1.00000000
vn 0.0000000e+0 0.0000000e+0 1.00000000
vn 0.0000000e+0 0.0000000e+0 1.00000000
vn 0.0000000e+0 0.0000000e+0 1.00000000
vn 0.0000000e+0 0.0000000e+0 1.00000000
vn 0.0000000e+0 0.0000000e+0 1.00000000
vn 0.0000000e+0 0.0000000e+0 1.00000000
vn 0.0000000e+0 0.0000000e+0 1.00000000
vn 0.0000000e+0 0.0000000e+0 1.00000000
vn 0.0000000e+0 0.0000000e+0 1.00000000
vn 0.0000000e+0 0.0000000e+0 1.00000000
vn 0.0000000e+0 0.0000000e+0 1.00000000
vn 0.0000000e+0 0.0000000e+0 1.00000000
vn 0.0000000e+0 0.0000000e+0 1.00000000
vn 0.0000000e+0 0.0000000e+0 1.00000000
vn 0.0000000e+0 0.0000000e+0 1.00000000
vn 0.0000000e+0 0.0000000e+0 1.00000000
vn 0.0000000e+0 0.0000000e+0 1.00000000
vn 0.0000000e+0 0.0000000e+0 1.00000000
vn 0.0000000e+0 0.0000000e+0 1.00000000
vn 0.0000000e+0 0.0000000e+0 1.00000000
vn 0.0000000e+0 0.0000000e+0 1.00000000
vn 0.0000000e+0 0.0000000e+0 1.00000000
vn 0.0000000e+0 0.0000000e+0 1.00000000
vn 0.0000000e+0 0.0000000e+0 1.00000000
vn 0.0000000e+0 0.0000000e+0 1.00000000
vn 0.0000000e+0 0.0000000e+0 1.00000000
vn 0.0000000e+0 0.0000000e+0 1.00000000
vn 0.0000000e+0 0.0000000e+0 1.00000000
vn 0.0000000e+0 0.0000000e+0 1.00000000
vn 0.0000000e+0 0.0000000e+0 1.00000000
vn 0.0000000e+0 0.0000000e+0 1.00000000
vn 0.0000000e+0 0.0000000e+0 1.00000000
vn 0.0000000e+0 0.0000000e+0 1.00000000
vn 0.0000000e+0 0.0000000e+0 1.00000000
vn 0.0000000e+0 0.0000000e+0 1.00000000
vn 0.0000000e+0 0.0000000e+0 1.00000000
vn 0.0000000e+0 0.0000000e+0 1.00000000
vn 0.0000000e+0 0.0000000e+0 1.00000000
vn 0.0000000e+0 0.0000000e+0 1.00000000
vn 0.0000000e+0 0.0000000e+0 1.00000000
vn 0.0000000e+0 0.0000000e+0 1.00000000
vn 0.0000000e+0 0.0000000e+0 1.00000000
vn 0.0000000e+0 0.0000000e+0 1.00000000
vn 0.0000000e+0 0.0000000e+0 1.00000000
vn 0.0000000e+0 0.0000000e+0 1.00000000
vn 0.0000000e+0 0.0000000e+0 1.00000000
vn 0.0000000e+0 0.0000000e+0 1.00000000
vn 0.0000000e+0 0.0000000e+0 1.00000000
vn 0.0000000e+0 0.0000000e+0 1.00000000
vn 0.0000000e+0 0.0000000e+0 1.00000000
vn 0.0000000e+0 0.0000000e+0 1.00000000
vn 0.0000000e+0 0.0000000e+0 1.00000000
vn 0.0000000e+0 0.0000000e+0 1.00000000
vn 0.0000000e+0 0.0000000e+0 1.00000000
vn 0.0000000e+0 0.0000000e+0 1.00000000
vn 0.0000000e+0 0.0000000e+0 1.00000000
vn 0.0000000e+0 0.0000000e+0 1.00000000
vn 0.0000000e+0 0.0000000e+0 1.00000000
vn 0.0000000e+0 0.0000000e+0 1.00000000
vn 0.0000000e+0 0.0000000e+0 1.00000000
vn 0.0000000e+0 0.0000000e+0 1.00000000
vn 0.0000000e+0 0.0000000e+0 1.00000000
vn 0.0000000e+0 0.0000000e+0 1.00000000
vn 0.0000000e+0 0.0000000e+0 1.00000000
vn 0.0000000e+0 0.0000000e+0 1.00000000
vn 0.0000000e+0 0.0000000e+0 1.00000000
vn 0.0000000e+0 0.0000000e+0 1.00000000
vn 0.0000000e+0 0.0000000e+0 1.00000000
vn 0.0000000e+0 0.0000000e+0 1.00000000
vn 0.0000000e+0 0.0000000e+0 1.00000000
vn 0.0000000e+0 0.0000000e+0 1.00000000
vn 0.0000000e+0 0.0000000e+0 1.00000000
vn 0.0000000e+0 0.0000000e+0 1.00000000
vn 0.0000000e+0 0.0000000e+0 1.00000000
vn 0.0000000e+0 0.0000000e+0 1.00000000
vn 0.0000000e+0 0.0000000e+0 1.00000000
vn 0.0000000e+0 0.0000000e+0 1.00000000
vn 0.0000000e+0 0.0000000e+0 1.00000000
vn 0.0000000e+0 0.0000000e+0 1.00000000
vn 0.0000000e+0 0.0000000e+0 1.00000000
vn 0.0000000e+0 0.0000000e+0 1.00000000
vn 0.0000000e+0 0.0000000e+0 1.00000000
vn 0.0000000e+0 0.0000000e+0 1.00000000
vn 0.0000000e+0 0.0000000e+0 1.00000000
vn 0.0000000e+0 0.0000000e+0 1.00000000
vn 0.0000000e+0 0.0000000e+0 1.00000000
vn 0.0000000e+0 0.0000000e+0 1.00000000
vn 0.0000000e+0 0.0000000e+0 1.00000000
vn 0.0000000e+0 0.0000000e+0 1.00000000
vn 0.0000000e+0 0.0000000e+0 1.00000000
vn 0.0000000e+0 0.0000000e+0 1.00000000
vn 0.0000000e+0 0.0000000e+0 1.00000000
vn 0.0000000e+0 0.0000000e+0 1.00000000
vn 0.0000000e+0 0.0000000e+0 1.00000000
vn 0.0000000e+0 0.0000000e+0 1.00000000
vn 0.0000000e+0 0.0000000e+0 1.00000000
vn 0.0000000e+0 0.0000000e+0 1.00000000
vn 0.0000000e+0 0.0000000e+0 1.00000000
vn 0.0000000e+0 0.0000000e+0 1.00000000
vn 0.0000000e+0 0.0000000e+0 1.00000000
vn 0.0000000e+0 0.0000000e+0 1.00000000
vn 0.0000000e+0 0.0000000e+0 1.00000000
vn 0.0000000e+0 0.0000000e+0 1.00000000
vn 0.0000000e+0 0.0000000e+0 1.00000000
vn 0.0000000e+0 0.0000000e+0 1.00000000
vn 0.0000000e+0 0.0000000e+0 1.00000000
vn 0.0000000e+0 0.0000000e+0 1.00000000
vn 0.0000000e+0 0.0000000e+0 1.00000000
vn 0.0000000e+0 0.0000000e+0 1.00000000
vn 0.0000000e+0 0.0000000e+0 1.00000000
vn 0.0000000e+0 0.0000000e+0 1.00000000
vn 0.0000000e+0 0.0000000e+0 1.00000000
vn 0.0000000e+0 0.0000000e+0 1.00000000
vn 0.0000000e+0 0.0000000e+0 1.00000000
vn 0.0000000e+0 0.0000000e+0 1.00000000
vn 0.0000000e+0 0.0000000e+0 1.00000000
vn 0.0000000e+0 0.0000000e+0 1.00000000
vn 0.0000000e+0 0.0000000e+0 1.00000000
vn 0.0000000e+0 0.0000000e+0 1.00000000
vn 0.0000000e+0 0.0000000e+0 1.00000000
vn 0.0000000e+0 0.0000000e+0 1.00000000
vn 0.0000000e+0 0.0000000e+0 1.00000000
vn 0.0000000e+0 0.0000000e+0 1.00000000
vn 0.0000000e+0 0.0000000e+0 1.00000000
vn 0.0000000e+0 0.0000000e+0 1.00000000
vn 0.0000000e+0 0.0000000e+0 1.00000000
vn 0.0000000e+0 0.0000000e+0 1.00000000
vn 0.0000000e+0 0.0000000e+0 1.00000000
vn 0.0000000e+0 0.0000000e+0 1.00000000
vn 0.0000000e+0 0.0000000e+0 1.00000000
vn 0.0000000e+0 0.0000000e+0 1.00000000
vn 0.0000000e+0 0.0000000e+0 1.00000000
vn 0.0000000e+0 0.0000000e+0 1.00000000
vn 0.0000000e+0 0.0000000e+0 1.00000000
vn 0.0000000e+0 0.0000000e+0 1.00000000
vn 0.0000000e+0 0.0000000e+0 1.00000000
vn 0.0000000e+0 0.0000000e+0 1.00000000
vn 0.0000000e+0 0.0000000e+0 1.00000000
vn 0.0000000e+0 0.0000000e+0 1.00000000
vn 0.0000000e+0 0.0000000e+0 1.00000000
vn 0.0000000e+0 0.0000000e+0 1.00000000
vn 0.0000000e+0 0.0000000e+0 1.00000000
vn 0.0000000e+0 0.0000000e+0 1.00000000
vn 0.0000000e+0 0.0000000e+0 1.00000000
vn 0.0000000e+0 0.0000000e+0 1.00000000
vn 0.0000000e+0 0.0000000e+0 1.00000000
vn 0.0000000e+0 0.0000000e+0 1.00000000
vn 0.0000000e+0 0.0000000e+0 1.00000000
vn 0.0000000e+0 0.0000000e+0 1.00000000
vn 0.0000000e+0 0.0000000e+0 1.00000000
vn 0.0000000e+0 0.0000000e+0 1.00000000
vn 0.0000000e+0 0.0000000e+0 1.00000000
vn 0.0000000e+0 0.0000000e+0 1.00000000
vn 0.0000000e+0 0.0000000e+0 1.00000000
vn 0.0000000e+0 0.0000000e+0 1.00000000
vn 0.0000000e+0 0.0000000e+0 1.00000000
vn 0.0000000e+0 0.0000000e+0 1.00000000
vn 0.0000000e+0 0.0000000e+0 1.00000000
vn 0.0000000e+0 0.0000000e+0 1.00000000
vn 0.0000000e+0 0.0000000e+0 1.00000000
vn 0.0000000e+0 0.0000000e+0 1.00000000
vn 0.0000000e+0 0.0000000e+0 1.00000000
vn 0.0000000e+0 0.0000000e+0 1.00000000
vn 0.0000000e+0 0.0000000e+0 1.00000000
vn 0.0000000e+0 0.0000000e+0 1.00000000
vn 0.0000000e+0 0.0000000e+0 1.00000000
vn 0.0000000e+0 0.0000000e+0 1.00000000
vn 0.0000000e+0 0.0000000e+0 1.00000000
vn 0.0000000e+0 0.0000000e+0 1.00000000
vn 0.0000000e+0 0.0000000e+0 1.00000000
vn 0.0000000e+0 0.0000000e+0 1.00000000
vn 0.0000000e+0 0.0000000e+0 1.00000000
vn 0.0000000e+0 0.0000000e+0 1.00000000
vn 0.0000000e+0 0.0000000e+0 1.00000000
vn 0.0000000e+0 0.0000000e+0 1.00000000
vn 0.0000000e+0 0.0000000e+0 1.00000000
vn 0.0000000e+0 0.0000000e+0 1.00000000
vn 0.0000000e+0 0.0000000e+0 1.00000000
vn 0.0000000e+0 0.0000000e+0 1.00000000
vn 0.0000000e+0 0.0000000e+0 1.00000000
vn 0.0000000e+0 0.0000000e+0 1.00000000
vn 0.0000000e+0 0.0000000e+0 1.00000000
vn 0.0000000e+0 0.0000000e+0 1.00000000
vn 0.0000000e+0 0.0000000e+0 1.00000000
vn 0.0000000e+0 0.0000000e+0 1.00000000
vn 0.0000000e+0 0.0000000e+0 1.00000000
vn 0.0000000e+0 0.0000000e+0 1.00000000
vn 0.0000000e+0 0.0000000e+0 1.00000000
vn 0.0000000e+0 0.0000000e+0 1.00000000
vn 0.0000000e+0 0.0000000e+0 1.00000000
vn 0.0000000e+0 0.0000000e+0 1.00000000
vn 0.0000000e+0 0.0000000e+0 1.00000000
vn 0.0000000e+0 0.0000000e+0 1.00000000
vn 0.0000000e+0 0.0000000e+0 1.00000000
vn 0.0000000e+0 0.0000000e+0 1.00000000
vn 0.0000000e+0 0.0000000e+0 1.00000000
vn 0.0000000e+0 0.0000000e+0 1.00000000
vn 0.0000000e+0 0.0000000e+0 1.00000000
vn 0.0000000e+0 0.0000000e+0 1.00000000
vn 0.0000000e+0 0.0000000e+0 1.00000000
vn 0.0000000e+0 0.0000000e+0 1.00000000
vn 0.0000000e+0 0.0000000e+0 1.00000000
vn 0.0000000e+0 0.0000000e+0 1.00000000
vn 0.0000000e+0 0.0000000e+0 1.00000000
vn 0.0000000e+0 0.0000000e+0 1.00000000
vn 0.0000000e+0 0.0000000e+0 1.00000000
vn 0.0000000e+0 0.0000000e+0 1.00000000
vn 0.0000000e+0 0.0000000e+0 1.00000000
vn 0.0000000e+0 0.0000000e+0 1.00000000
vn 0.0000000e+0 0.0000000e+0 1.00000000
vn 0.0000000e+0 0.0000000e+0 1.00000000
vn 0.0000000e+0 0.0000000e+0 1.00000000
vn 0.0000000e+0 0.0000000e+0 1.00000000
vn 0.0000000e+0 0.0000000e+0 1.00000000
vn 0.0000000e+0 0.0000000e+0 1.00000000
vn 0.0000000e+0 0.0000000e+0 1.00000000
vn 0.0000000e+0 0.0000000e+0 1.00000000
vn 0.0000000e+0 0.0000000e+0 1.00000000
vn 0.0000000e+0 0.0000000e+0 1.00000000
vn 0.0000000e+0 0.0000000e+0 1.00000000
vn 0.0000000e+0 0.0000000e+0 1.00000000
vn 0.0000000e+0 0.0000000e+0 1.00000000
vn 0.0000000e+0 0.0000000e+0 1.00000000
vn 0.0000000e+0 0.0000000e+0 1.00000000
vn 0.0000000e+0 0.0000000e+0 1.00000000
vn 0.0000000e+0 0.0000000e+0 1.00000000
vn 0.0000000e+0 0.0000000e+0 1.00000000
vn 0.0000000e+0 0.0000000e+0 1.00000000
vn 0.0000000e+0 0.0000000e+0 1.00000000
vn 0.0000000e+0 0.0000000e+0 1.00000000
vn 0.0000000e+0 0.0000000e+0 1.00000000
vn 0.0000000e+0 0.0000000e+0 1.00000000
vn 0.0000000e+0 0.0000000e+0 1.00000000
vn 0.0000000e+0 0.0000000e+0 1.00000000
vn 0.0000000e+0 0.0000000e+0 1.00000000
vn 0.0000000e+0 0.0000000e+0 1.00000000
vn 0.0000000e+0 0.0000000e+0 1.00000000
vn 0.0000000e+0 0.0000000e+0 1.00000000
vn 0.0000000e+0 0.0000000e+0 1.00000000
vn 0.0000000e+0 0.0000000e+0 1.00000000
vn 0.0000000e+0 0.0000000e+0 1.00000000
vn 0.0000000e+0 0.0000000e+0 1.00000000
vn 0.0000000e+0 0.0000000e+0 1.00000000
vn 0.0000000e+0 0.0000000e+0 1.00000000
vn 0.0000000e+0 0.0000000e+0 1.00000000
vn 0.0000000e+0 0.0000000e+0 1.00000000
vn 0.0000000e+0 0.0000000e+0 1.00000000
vn 0.0000000e+0 0.0000000e+0 1.00000000
vn 0.0000000e+0 0.0000000e+0 1.00000000
vn 0.0000000e+0 0.0000000e+0 1.00000000
vn 0.0000000e+0 0.0000000e+0 1.00000000
vn 0.0000000e+0 0.0000000e+0 1.00000000
vn 0.0000000e+0 0.0000000e+0 1.00000000
vn 0.0000000e+0 0.0000000e+0 1.00000000
vn 0.0000000e+0 0.0000000e+0 1.00000000
vn 0.0000000e+0 0.0000000e+0 1.00000000
vn 0.0000000e+0 0.0000000e+0 1.00000000
vn 0.0000000e+0 0.0000000e+0 1.00000000
vn 0.0000000e+0 0.0000000e+0 1.00000000
vn 0.0000000e+0 0.0000000e+0 1.00000000
vn 0.0000000e+0 0.0000000e+0 1.00000000
vn 0.0000000e+0 0.0000000e+0 1.00000000
vn 0.0000000e+0 0.0000000e+0 1.00000000
vn 0.0000000e+0 0.0000000e+0 1.00000000
vn 0.0000000e+0 0.0000000e+0 1.00000000
vn 0.0000000e+0 0.0000000e+0 1.00000000
vn 0.0000000e+0 0.0000000e+0 1.00000000
vn 0.0000000e+0 0.0000000e+0 1.00000000
vn 0.0000000e+0 0.0000000e+0 1.00000000
vn 0.0000000e+0 0.0000000e+0 1.00000000
vn 0.0000000e+0 0.0000000e+0 1.00000000
vn 0.0000000e+0 0.0000000e+0 1.00000000
vn 0.0000000e+0 0.0000000e+0 1.00000000
vn 0.0000000e+0 0.0000000e+0 1.00000000
vn 0.0000000e+0 0.0000000e+0 1.00000000
vn 0.0000000e+0 0.0000000e+0 1.00000000
vn 0.0000000e+0 0.0000000e+0 1.00000000
vn 0.0000000e+0 0.0000000e+0 1.00000000
vn 0.0000000e+0 0.0000000e+0 1.00000000
vn 0.0000000e+0 0.0000000e+0 1.00000000
vn 0.0000000e+0 0.0000000e+0 1.00000000
vn 0.0000000e+0 0.0000000e+0 1.00000000
vn 0.0000000e+0 0.0000000e+0 1.00000000
vn 0.0000000e+0 0.0000000e+0 1.00000000
vn 0.0000000e+0 0.0000000e+0 1.00000000
vn 0.0000000e+0 0.0000000e+0 1.00000000
vn 0.0000000e+0 0.0000000e+0 1.00000000
vn 0.0000000e+0 0.0000000e+0 1.00000000
vn 0.0000000e+0 0.0000000e+0 1.00000000
vn 0.0000000e+0 0.0000000e+0 1.00000000
vn 0.0000000e+0 0.0000000e+0 1.00000000
vn 0.0000000e+0 0.0000000e+0 1.00000000
vn 0.0000000e+0 0.0000000e+0 1.00000000
vn 0.0000000e+0 0.0000000e+0 1.00000000
vn 0.0000000e+0 0.0000000e+0 1.00000000
vn 0.0000000e+0 0.0000000e+0 1.00000000
vn 0.0000000e+0 0.0000000e+0 1.00000000
vn 0.0000000e+0 0.0000000e+0 1.00000000
vn 0.0000000e+0 0.0000000e+0 1.00000000
vn 0.0000000e+0 0.0000000e+0 1.00000000
vn 0.0000000e+0 0.0000000e+0 1.00000000
vn 0.0000000e+0 0.0000000e+0 1.00000000
vn 0.0000000e+0 0.0000000e+0 1.00000000
vn 0.0000000e+0 0.0000000e+0 1.00000000
vn 0.0000000e+0 0.0000000e+0 1.00000000
vn 0.0000000e+0 0.0000000e+0 1.00000000
vn 0.0000000e+0 0.0000000e+0 1.00000000
vn 0.0000000e+0 0.0000000e+0 1.00000000
vn 0.0000000e+0 0.0000000e+0 1.00000000
vn 0.0000000e+0 0.0000000e+0 1.00000000
vn 0.0000000e+0 0.0000000e+0 1.00000000
vn 0.0000000e+0 0.0000000e+0 1.00000000
vn 0.0000000e+0 0.0000000e+0 1.00000000
vn 0.0000000e+0 0.0000000e+0 1.00000000
vn 0.0000000e+0 0.0000000e+0 1.00000000
vn 0.0000000e+0 0.0000000e+0 1.00000000
vn 0.0000000e+0 0.0000000e+0 1.00000000
vn 0.0000000e+0 0.0000000e+0 1.00000000
vn 0.0000000e+0 0.0000000e+0 1.00000000
vn 0.0000000e+0 0.0000000e+0 1.00000000
vn 0.0000000e+0 0.0000000e+0 1.00000000
vn 0.0000000e+0 0.0000000e+0 1.00000000
vn 0.0000000e+0 0.0000000e+0 1.00000000
vn 0.0000000e+0 0.0000000e+0 1.00000000
vn 0.0000000e+0 0.0000000e+0 1.00000000
vn 0.0000000e+0 0.0000000e+0 1.00000000
vn 0.0000000e+0 0.0000000e+0 1.00000000
vn 0.0000000e+0 0.0000000e+0 1.00000000
vn 0.0000000e+0 0.0000000e+0 1.00000000
vn 0.0000000e+0 0.0000000e+0 1.00000000
vn 0.0000000e+0 0.0000000e+0 1.00000000
vn 0.0000000e+0 0.0000000e+0 1.00000000
vn 0.0000000e+0 0.0000000e+0 1.00000000
vn 0.0000000e+0 0.0000000e+0 1.00000000
vn 0.0000000e+0 0.0000000e+0 1.00000000
vn 0.0000000e+0 0.0000000e+0 1.00000000
vn 0.0000000e+0 0.0000000e+0 1.00000000
vn 0.0000000e+0 0.0000000e+0 1.00000000
vn 0.0000000e+0 0.0000000e+0 1.00000000
vn 0.0000000e+0 0.0000000e+0 1.00000000
vn 0.0000000e+0 0.0000000e+0 1.00000000
vn 0.0000000e+0 0.0000000e+0 1.00000000
vn 0.0000000e+0 0.0000000e+0 1.00000000
vn 0.0000000e+0 0.0000000e+0 1.00000000
vn 0.0000000e+0 0.0000000e+0 1.00000000
vn 0.0000000e+0 0.0000000e+0 1.00000000
vn 0.0000000e+0 0.0000000e+0 1.00000000
vn 0.0000000e+0 0.0000000e+0 1.00000000
vn 0.0000000e+0 0.0000000e+0 1.00000000
vn 0.0000000e+0 0.0000000e+0 1.00000000
vn 0.0000000e+0 0.0000000e+0 1.00000000
vn 0.0000000e+0 0.0000000e+0 1.00000000
vn 0.0000000e+0 0.0000000e+0 1.00000000
vn 0.0000000e+0 0.0000000e+0 1.00000000
vn 0.0000000e+0 0.0000000e+0 1.00000000
vn 0.0000000e+0 0.0000000e+0 1.00000000
vn 0.0000000e+0 0.0000000e+0 1.00000000
vn 0.0000000e+0 0.0000000e+0 1.00000000
vn 0.0000000e+0 0.0000000e+0 1.00000000
vn 0.0000000e+0 0.0000000e+0 1.00000000
vn 0.0000000e+0 0.0000000e+0 1.00000000
vn 0.0000000e+0 0.0000000e+0 1.00000000
vn 0.0000000e+0 0.0000000e+0 1.00000000
vn 0.0000000e+0 0.0000000e+0 1.00000000
vn 0.0000000e+0 0.0000000e+0 1.00000000
vn 0.0000000e+0 0.0000000e+0 1.00000000
vn 0.0000000e+0 0.0000000e+0 1.00000000
vn 0.0000000e+0 0.0000000e+0 1.00000000
vn 0.0000000e+0 0.0000000e+0 1.00000000
vn 0.0000000e+0 0.0000000e+0 1.00000000
vn 0.0000000e+0 0.0000000e+0 1.00000000
vn 0.0000000e+0 0.0000000e+0 1.00000000
vn 0.0000000e+0 0.0000000e+0 1.00000000
vn 0.0000000e+0 0.0000000e+0 1.00000000
vn 0.0000000e+0 0.0000000e+0 1.00000000
vn 0.0000000e+0 0.0000000e+0 1.00000000
vn 0.0000000e+0 0.0000000e+0 1.00000000
vn 0.0000000e+0 0.0000000e+0 1.00000000
vn 0.0000000e+0 0.0000000e+0 1.00000000
vn 0.0000000e+0 0.0000000e+0 1.00000000
vn 0.0000000e+0 0.0000000e+0 1.00000000
vn 0.0000000e+0 0.0000000e+0 1.00000000
vn 0.0000000e+0 0.0000000e+0 1.00000000
vn 0.0000000e+0 0.0000000e+0 1.00000000
vn 0.0000000e+0 0.0000000e+0 1.00000000
vn 0.0000000e+0 0.0000000e+0 1.00000000
vn 0.0000000e+0 0.0000000e+0 1.00000000
vn 0.0000000e+0 0.0000000e+0 1.00000000
vn 0.0000000e+0 0.0000000e+0 1.00000000
vn 0.0000000e+0 0.0000000e+0 1.00000000
vn 0.0000000e+0 0.0000000e+0 1.00000000
vn 0.0000000e+0 0.0000000e+0 1.00000000
vn 0.0000000e+0 0.0000000e+0 1.00000000
vn 0.0000000e+0 0.0000000e+0 1.00000000
vn 0.0000000e+0 0.0000000e+0 1.00000000
vn 0.0000000e+0 0.0000000e+0 1.00000000
vn 0.0000000e+0 0.0000000e+0 1.00000000
vn 0.0000000e+0 0.0000000e+0 1.00000000
vn 0.0000000e+0 0.0000000e+0 1.00000000
vn 0.0000000e+0 0.0000000e+0 1.00000000
vn 0.0000000e+0 0.0000000e+0 1.00000000
vn 0.0000000e+0 0.0000000e+0 1.00000000
vn 0.0000000e+0 0.0000000e+0 1.00000000
vn 0.0000000e+0 0.0000000e+0 1.00000000
vn 0.0000000e+0 0.0000000e+0 1.00000000
vn 0.0000000e+0 0.0000000e+0 1.00000000
vn 0.0000000e+0 0.0000000e+0 1.00000000
vn 0.0000000e+0 0.0000000e+0 1.00000000
vn 0.0000000e+0 0.0000000e+0 1.00000000
vn 0.0000000e+0 0.0000000e+0 1.00000000
vn 0.0000000e+0 0.0000000e+0 1.00000000
vn 0.0000000e+0 0.0000000e+0 1.00000000
vn 0.0000000e+0 0.0000000e+0 1.00000000
vn 0.0000000e+0 0.0000000e+0 1.00000000
vn 0.0000000e+0 0.0000000e+0 1.00000000
vn 0.0000000e+0 0.0000000e+0 1.00000000
vn 0.0000000e+0 0.0000000e+0 1.00000000
vn 0.0000000e+0 0.0000000e+0 1.00000000
vn 0.0000000e+0 0.0000000e+0 1.00000000
vn 0.0000000e+0 0.0000000e+0 1.00000000
vn 0.0000000e+0 0.0000000e+0 1.00000000
vn 0.0000000e+0 0.0000000e+0 1.00000000
vn 0.0000000e+0 0.0000000e+0 1.00000000
vn 0.0000000e+0 0.0000000e+0 1.00000000
vn 0.0000000e+0 0.0000000e+0 1.00000000
vn 0.0000000e+0 0.0000000e+0 1.00000000
vn 0.0000000e+0 0.0000000e+0 1.00000000
vn 0.0000000e+0 0.0000000e+0 1.00000000
vn 0.0000000e+0 0.0000000e+0 1.00000000
vn 0.0000000e+0 0.0000000e+0 1.00000000
vn 0.0000000e+0 0.0000000e+0 1.00000000
vn 0.0000000e+0 0.0000000e+0 1.00000000
vn 0.0000000e+0 0.0000000e+0 1.00000000
vn 0.0000000e+0 0.0000000e+0 1.00000000
vn 0.0000000e+0 0.0000000e+0 1.00000000
vn 0.0000000e+0 0.0000000e+0 1.00000000
vn 0.0000000e+0 0.0000000e+0 1.00000000
vn 0.0000000e+0 0.0000000e+0 1.00000000
vn 0.0000000e+0 0.0000000e+0 1.00000000
vn 0.0000000e+0 0.0000000e+0 1.00000000
vn 0.0000000e+0 0.0000000e+0 1.00000000
vn 0.0000000e+0 0.0000000e+0 1.00000000
vn 0.0000000e+0 0.0000000e+0 1.00000000
vn 0.0000000e+0 0.0000000e+0 1.00000000
vn 0.0000000e+0 0.0000000e+0 1.00000000
vn 0.0000000e+0 0.0000000e+0 1.00000000
vn 0.0000000e+0 0.0000000e+0 -1.00000000
vn 0.0000000e+0 0.0000000e+0 -1.00000000
vn 0.0000000e+0 0.0000000e+0 -1.00000000
vn 0.0000000e+0 0.0000000e+0 -1.00000000
vn 0.0000000e+0 0.0000000e+0 -1.00000000
vn 0.0000000e+0 0.0000000e+0 -1.00000000
vn 0.0000000e+0 0.0000000e+0 -1.00000000
vn 0.0000000e+0 0.0000000e+0 -1.00000000
vn 0.0000000e+0 0.0000000e+0 -1.00000000
vn 0.0000000e+0 0.0000000e+0 -1.00000000
vn 0.0000000e+0 0.0000000e+0 -1.00000000
vn 0.0000000e+0 0.0000000e+0 -1.00000000
vn 0.0000000e+0 0.0000000e+0 -1.00000000
vn 0.0000000e+0 0.0000000e+0 -1.00000000
vn 0.0000000e+0 0.0000000e+0 -1.00000000
vn 0.0000000e+0 0.0000000e+0 -1.00000000
vn 0.0000000e+0 0.0000000e+0 -1.00000000
vn 0.0000000e+0 0.0000000e+0 -1.00000000
vn 0.0000000e+0 0.0000000e+0 -1.00000000
vn 0.0000000e+0 0.0000000e+0 -1.00000000
vn 0.0000000e+0 0.0000000e+0 -1.00000000
vn 0.0000000e+0 0.0000000e+0 -1.00000000
vn 0.0000000e+0 0.0000000e+0 -1.00000000
vn 0.0000000e+0 0.0000000e+0 -1.00000000
vn 0.0000000e+0 0.0000000e+0 -1.00000000
vn 0.0000000e+0 0.0000000e+0 -1.00000000
vn 0.0000000e+0 0.0000000e+0 -1.00000000
vn 0.0000000e+0 0.0000000e+0 -1.00000000
vn 0.0000000e+0 0.0000000e+0 -1.00000000
vn 0.0000000e+0 0.0000000e+0 -1.00000000
vn 0.0000000e+0 0.0000000e+0 -1.00000000
vn 0.0000000e+0 0.0000000e+0 -1.00000000
vn 0.0000000e+0 0.0000000e+0 -1.00000000
vn 0.0000000e+0 0.0000000e+0 -1.00000000
vn 0.0000000e+0 0.0000000e+0 -1.00000000
vn 0.0000000e+0 0.0000000e+0 -1.00000000
vn 0.0000000e+0 0.0000000e+0 -1.00000000
vn 0.0000000e+0 0.0000000e+0 -1.00000000
vn 0.0000000e+0 0.0000000e+0 -1.00000000
vn 0.0000000e+0 0.0000000e+0 -1.00000000
vn 0.0000000e+0 0.0000000e+0 -1.00000000
vn 0.0000000e+0 0.0000000e+0 -1.00000000
vn 0.0000000e+0 0.0000000e+0 -1.00000000
vn 0.0000000e+0 0.0000000e+0 -1.00000000
vn 0.0000000e+0 0.0000000e+0 -1.00000000
vn 0.0000000e+0 0.0000000e+0 -1.00000000
vn 0.0000000e+0 0.0000000e+0 -1.00000000
vn 0.0000000e+0 0.0000000e+0 -1.00000000
vn 0.0000000e+0 0.0000000e+0 -1.00000000
vn 0.0000000e+0 0.0000000e+0 -1.00000000
vn 0.0000000e+0 0.0000000e+0 -1.00000000
vn 0.0000000e+0 0.0000000e+0 -1.00000000
vn 0.0000000e+0 0.0000000e+0 -1.00000000
vn 0.0000000e+0 0.0000000e+0 -1.00000000
vn 0.0000000e+0 0.0000000e+0 -1.00000000
vn 0.0000000e+0 0.0000000e+0 -1.00000000
vn 0.0000000e+0 0.0000000e+0 -1.00000000
vn 0.0000000e+0 0.0000000e+0 -1.00000000
vn 0.0000000e+0 0.0000000e+0 -1.00000000
vn 0.0000000e+0 0.0000000e+0 -1.00000000
vn 0.0000000e+0 0.0000000e+0 -1.00000000
vn 0.0000000e+0 0.0000000e+0 -1.00000000
vn 0.0000000e+0 0.0000000e+0 -1.00000000
vn 0.0000000e+0 0.0000000e+0 -1.00000000
vn 0.0000000e+0 0.0000000e+0 -1.00000000
vn 0.0000000e+0 0.0000000e+0 -1.00000000
vn 0.0000000e+0 0.0000000e+0 -1.00000000
vn 0.0000000e+0 0.0000000e+0 -1.00000000
vn 0.0000000e+0 0.0000000e+0 -1.00000000
vn 0.0000000e+0 0.0000000e+0 -1.00000000
vn 0.0000000e+0 0.0000000e+0 -1.00000000
vn 0.0000000e+0 0.0000000e+0 -1.00000000
vn 0.0000000e+0 0.0000000e+0 -1.00000000
vn 0.0000000e+0 0.0000000e+0 -1.00000000
vn 0.0000000e+0 0.0000000e+0 -1.00000000
vn 0.0000000e+0 0.0000000e+0 -1.00000000
vn 0.0000000e+0 0.0000000e+0 -1.00000000
vn 0.0000000e+0 0.0000000e+0 -1.00000000
vn 0.0000000e+0 0.0000000e+0 -1.00000000
vn 0.0000000e+0 0.0000000e+0 -1.00000000
vn 0.0000000e+0 0.0000000e+0 -1.00000000
vn 0.0000000e+0 0.0000000e+0 -1.00000000
vn 0.0000000e+0 0.0000000e+0 -1.00000000
vn 0.0000000e+0 0.0000000e+0 -1.00000000
vn 0.0000000e+0 0.0000000e+0 -1.00000000
vn 0.0000000e+0 0.0000000e+0 -1.00000000
vn 0.0000000e+0 0.0000000e+0 -1.00000000
vn 0.0000000e+0 0.0000000e+0 -1.00000000
vn 0.0000000e+0 0.0000000e+0 -1.00000000
vn 0.0000000e+0 0.0000000e+0 -1.00000000
vn 0.0000000e+0 0.0000000e+0 -1.00000000
vn 0.0000000e+0 0.0000000e+0 -1.00000000
vn 0.0000000e+0 0.0000000e+0 -1.00000000
vn 0.0000000e+0 0.0000000e+0 -1.00000000
vn 0.0000000e+0 0.0000000e+0 -1.00000000
vn 0.0000000e+0 0.0000000e+0 -1.00000000
vn 0.0000000e+0 0.0000000e+0 -1.00000000
vn 0.0000000e+0 0.0000000e+0 -1.00000000
vn 0.0000000e+0 0.0000000e+0 -1.00000000
vn 0.0000000e+0 0.0000000e+0 -1.00000000
vn 0.0000000e+0 0.0000000e+0 -1.00000000
vn 0.0000000e+0 0.0000000e+0 -1.00000000
vn 0.0000000e+0 0.0000000e+0 -1.00000000
vn 0.0000000e+0 0.0000000e+0 -1.00000000
vn 0.0000000e+0 0.0000000e+0 -1.00000000
vn 0.0000000e+0 0.0000000e+0 -1.00000000
vn 0.0000000e+0 0.0000000e+0 -1.00000000
vn 0.0000000e+0 0.0000000e+0 -1.00000000
vn 0.0000000e+0 0.0000000e+0 -1.00000000
vn 0.0000000e+0 0.0000000e+0 -1.00000000
vn 0.0000000e+0 0.0000000e+0 -1.00000000
vn 0.0000000e+0 0.0000000e+0 -1.00000000
vn 0.0000000e+0 0.0000000e+0 -1.00000000
vn 0.0000000e+0 0.0000000e+0 -1.00000000
vn 0.0000000e+0 0.0000000e+0 -1.00000000
vn 0.0000000e+0 0.0000000e+0 -1.00000000
vn 0.0000000e+0 0.0000000e+0 -1.00000000
vn 0.0000000e+0 0.0000000e+0 -1.00000000
vn 0.0000000e+0 0.0000000e+0 -1.00000000
vn 0.0000000e+0 0.0000000e+0 -1.00000000
vn 0.0000000e+0 0.0000000e+0 -1.00000000
vn 0.0000000e+0 0.0000000e+0 -1.00000000
vn 0.0000000e+0 0.0000000e+0 -1.00000000
vn 0.0000000e+0 0.0000000e+0 -1.00000000
vn 0.0000000e+0 0.0000000e+0 -1.00000000
vn 0.0000000e+0 0.0000000e+0 -1.00000000
vn 0.0000000e+0 0.0000000e+0 -1.00000000
vn 0.0000000e+0 0.0000000e+0 -1.00000000
vn 0.0000000e+0 0.0000000e+0 -1.00000000
vn 0.0000000e+0 0.0000000e+0 -1.00000000
vn 0.0000000e+0 0.0000000e+0 -1.00000000
vn 0.0000000e+0 0.0000000e+0 -1.00000000
vn 0.0000000e+0 0.0000000e+0 -1.00000000
vn 0.0000000e+0 0.0000000e+0 -1.00000000
vn 0.0000000e+0 0.0000000e+0 -1.00000000
vn 0.0000000e+0 0.0000000e+0 -1.00000000
vn 0.0000000e+0 0.0000000e+0 -1.00000000
vn 0.0000000e+0 0.0000000e+0 -1.00000000
vn 0.0000000e+0 0.0000000e+0 -1.00000000
vn 0.0000000e+0 0.0000000e+0 -1.00000000
vn 0.0000000e+0 0.0000000e+0 -1.00000000
vn 0.0000000e+0 0.0000000e+0 -1.00000000
vn 0.0000000e+0 0.0000000e+0 -1.00000000
vn 0.0000000e+0 0.0000000e+0 -1.00000000
vn 0.0000000e+0 0.0000000e+0 -1.00000000
vn 0.0000000e+0 0.0000000e+0 -1.00000000
vn 0.0000000e+0 0.0000000e+0 -1.00000000
vn 0.0000000e+0 0.0000000e+0 -1.00000000
vn 0.0000000e+0 0.0000000e+0 -1.00000000
vn 0.0000000e+0 0.0000000e+0 -1.00000000
vn 0.0000000e+0 0.0000000e+0 -1.00000000
vn 0.0000000e+0 0.0000000e+0 -1.00000000
vn 0.0000000e+0 0.0000000e+0 -1.00000000
vn 0.0000000e+0 0.0000000e+0 -1.00000000
vn 0.0000000e+0 0.0000000e+0 -1.00000000
vn 0.0000000e+0 0.0000000e+0 -1.00000000
vn 0.0000000e+0 0.0000000e+0 -1.00000000
vn 0.0000000e+0 0.0000000e+0 -1.00000000
vn 0.0000000e+0 0.0000000e+0 -1.00000000
vn 0.0000000e+0 0.0000000e+0 -1.00000000
vn 0.0000000e+0 0.0000000e+0 -1.00000000
vn 0.0000000e+0 0.0000000e+0 -1.00000000
vn 0.0000000e+0 0.0000000e+0 -1.00000000
vn 0.0000000e+0 0.0000000e+0 -1.00000000
vn 0.0000000e+0 0.0000000e+0 -1.00000000
vn 0.0000000e+0 0.0000000e+0 -1.00000000
vn 0.0000000e+0 0.0000000e+0 -1.00000000
vn 0.0000000e+0 0.0000000e+0 -1.00000000
vn 0.0000000e+0 0.0000000e+0 -1.00000000
vn 0.0000000e+0 0.0000000e+0 -1.00000000
vn 0.0000000e+0 0.0000000e+0 -1.00000000
vn 0.0000000e+0 0.0000000e+0 -1.00000000
vn 0.0000000e+0 0.0000000e+0 -1.00000000
vn 0.0000000e+0 0.0000000e+0 -1.00000000
vn 0.0000000e+0 0.0000000e+0 -1.00000000
vn 0.0000000e+0 0.0000000e+0 -1.00000000
vn 0.0000000e+0 0.0000000e+0 -1.00000000
vn 0.0000000e+0 0.0000000e+0 -1.00000000
vn 0.0000000e+0 0.0000000e+0 -1.00000000
vn 0.0000000e+0 0.0000000e+0 -1.00000000
vn 0.0000000e+0 0.0000000e+0 -1.00000000
vn 0.0000000e+0 0.0000000e+0 -1.00000000
vn 0.0000000e+0 0.0000000e+0 -1.00000000
vn 0.0000000e+0 0.0000000e+0 -1.00000000
vn 0.0000000e+0 0.0000000e+0 -1.00000000
vn 0.0000000e+0 0.0000000e+0 -1.00000000
vn 0.0000000e+0 0.0000000e+0 -1.00000000
vn 0.0000000e+0 0.0000000e+0 -1.00000000
vn 0.0000000e+0 0.0000000e+0 -1.00000000
vn 0.0000000e+0 0.0000000e+0 -1.00000000
vn 0.0000000e+0 0.0000000e+0 -1.00000000
vn 0.0000000e+0 0.0000000e+0 -1.00000000
vn 0.0000000e+0 0.0000000e+0 -1.00000000
vn 0.0000000e+0 0.0000000e+0 -1.00000000
vn 0.0000000e+0 0.0000000e+0 -1.00000000
vn 0.0000000e+0 0.0000000e+0 -1.00000000
vn 0.0000000e+0 0.0000000e+0 -1.00000000
vn 0.0000000e+0 0.0000000e+0 -1.00000000
vn 0.0000000e+0 0.0000000e+0 -1.00000000
vn 0.0000000e+0 0.0000000e+0 -1.00000000
vn 0.0000000e+0 0.0000000e+0 -1.00000000
vn 0.0000000e+0 0.0000000e+0 -1.00000000
vn 0.0000000e+0 0.0000000e+0 -1.00000000
vn 0.0000000e+0 0.0000000e+0 -1.00000000
vn 0.0000000e+0 0.0000000e+0 -1.00000000
vn 0.0000000e+0 0.0000000e+0 -1.00000000
vn 0.0000000e+0 0.0000000e+0 -1.00000000
vn 0.0000000e+0 0.0000000e+0 -1.00000000
vn 0.0000000e+0 0.0000000e+0 -1.00000000
vn 0.0000000e+0 0.0000000e+0 -1.00000000
vn 0.0000000e+0 0.0000000e+0 -1.00000000
vn 0.0000000e+0 0.0000000e+0 -1.00000000
vn 0.0000000e+0 0.0000000e+0 -1.00000000
vn 0.0000000e+0 0.0000000e+0 -1.00000000
vn 0.0000000e+0 0.0000000e+0 -1.00000000
vn 0.0000000e+0 0.0000000e+0 -1.00000000
vn 0.0000000e+0 0.0000000e+0 -1.00000000
vn 0.0000000e+0 0.0000000e+0 -1.00000000
vn 0.0000000e+0 0.0000000e+0 -1.00000000
vn 0.0000000e+0 0.0000000e+0 -1.00000000
vn 0.0000000e+0 0.0000000e+0 -1.00000000
vn 0.0000000e+0 0.0000000e+0 -1.00000000
vn 0.0000000e+0 0.0000000e+0 -1.00000000
vn 0.0000000e+0 0.0000000e+0 -1.00000000
vn 0.0000000e+0 0.0000000e+0 -1.00000000
vn 0.0000000e+0 0.0000000e+0 -1.00000000
vn 0.0000000e+0 0.0000000e+0 -1.00000000
vn 0.0000000e+0 0.0000000e+0 -1.00000000
vn 0.0000000e+0 0.0000000e+0 -1.00000000
vn 0.0000000e+0 0.0000000e+0 -1.00000000
vn 0.0000000e+0 0.0000000e+0 -1.00000000
vn 0.0000000e+0 0.0000000e+0 -1.00000000
vn 0.0000000e+0 0.0000000e+0 -1.00000000
vn 0.0000000e+0 0.0000000e+0 -1.00000000
vn 0.0000000e+0 0.0000000e+0 -1.00000000
vn 0.0000000e+0 0.0000000e+0 -1.00000000
vn 0.0000000e+0 0.0000000e+0 -1.00000000
vn 0.0000000e+0 0.0000000e+0 -1.00000000
vn 0.0000000e+0 0.0000000e+0 -1.00000000
vn 0.0000000e+0 0.0000000e+0 -1.00000000
vn 0.0000000e+0 0.0000000e+0 -1.00000000
vn 0.0000000e+0 0.0000000e+0 -1.00000000
vn 0.0000000e+0 0.0000000e+0 -1.00000000
vn 0.0000000e+0 0.0000000e+0 -1.00000000
vn 0.0000000e+0 0.0000000e+0 -1.00000000
vn 0.0000000e+0 0.0000000e+0 -1.00000000
vn 0.0000000e+0 0.0000000e+0 -1.00000000
vn 0.0000000e+0 0.0000000e+0 -1.00000000
vn 0.0000000e+0 0.0000000e+0 -1.00000000
vn 0.0000000e+0 0.0000000e+0 -1.00000000
vn 0.0000000e+0 0.0000000e+0 -1.00000000
vn 0.0000000e+0 0.0000000e+0 -1.00000000
vn 0.0000000e+0 0.0000000e+0 -1.00000000
vn 0.0000000e+0 0.0000000e+0 -1.00000000
vn 0.0000000e+0 0.0000000e+0 -1.00000000
vn 0.0000000e+0 0.0000000e+0 -1.00000000
vn 0.0000000e+0 0.0000000e+0 -1.00000000
vn 0.0000000e+0 0.0000000e+0 -1.00000000
vn 0.0000000e+0 0.0000000e+0 -1.00000000
vn 0.0000000e+0 0.0000000e+0 -1.00000000
vn 0.0000000e+0 0.0000000e+0 -1.00000000
vn 0.0000000e+0 0.0000000e+0 -1.00000000
vn 0.0000000e+0 0.0000000e+0 -1.00000000
vn 0.0000000e+0 0.0000000e+0 -1.00000000
vn 0.0000000e+0 0.0000000e+0 -1.00000000
vn 0.0000000e+0 0.0000000e+0 -1.00000000
vn 0.0000000e+0 0.0000000e+0 -1.00000000
vn 0.0000000e+0 0.0000000e+0 -1.00000000
vn 0.0000000e+0 0.0000000e+0 -1.00000000
vn 0.0000000e+0 0.0000000e+0 -1.00000000
vn 0.0000000e+0 0.0000000e+0 -1.00000000
vn 0.0000000e+0 0.0000000e+0 -1.00000000
vn 0.0000000e+0 0.0000000e+0 -1.00000000
vn 0.0000000e+0 0.0000000e+0 -1.00000000
vn 0.0000000e+0 0.0000000e+0 -1.00000000
vn 0.0000000e+0 0.0000000e+0 -1.00000000
vn 0.0000000e+0 0.0000000e+0 -1.00000000
vn 0.0000000e+0 0.0000000e+0 -1.00000000
vn 0.0000000e+0 0.0000000e+0 -1.00000000
vn 0.0000000e+0 0.0000000e+0 -1.00000000
vn 0.0000000e+0 0.0000000e+0 -1.00000000
vn 0.0000000e+0 0.0000000e+0 -1.00000000
vn 0.0000000e+0 0.0000000e+0 -1.00000000
vn 0.0000000e+0 0.0000000e+0 -1.00000000
vn 0.0000000e+0 0.0000000e+0 -1.00000000
vn 0.0000000e+0 0.0000000e+0 -1.00000000
vn 0.0000000e+0 0.0000000e+0 -1.00000000
vn 0.0000000e+0 0.0000000e+0 -1.00000000
vn 0.0000000e+0 0.0000000e+0 -1.00000000
vn 0.0000000e+0 0.0000000e+0 -1.00000000
vn 0.0000000e+0 0.0000000e+0 -1.00000000
vn 0.0000000e+0 0.0000000e+0 -1.00000000
vn 0.0000000e+0 0.0000000e+0 -1.00000000
vn 0.0000000e+0 0.0000000e+0 -1.00000000
vn 0.0000000e+0 0.0000000e+0 -1.00000000
vn 0.0000000e+0 0.0000000e+0 -1.00000000
vn 0.0000000e+0 0.0000000e+0 -1.00000000
vn 0.0000000e+0 0.0000000e+0 -1.00000000
vn 0.0000000e+0 0.0000000e+0 -1.00000000
vn 0.0000000e+0 0.0000000e+0 -1.00000000
vn 0.0000000e+0 0.0000000e+0 -1.00000000
vn 0.0000000e+0 0.0000000e+0 -1.00000000
vn 0.0000000e+0 0.0000000e+0 -1.00000000
vn 0.0000000e+0 0.0000000e+0 -1.00000000
vn 0.0000000e+0 0.0000000e+0 -1.00000000
vn 0.0000000e+0 0.0000000e+0 -1.00000000
vn 0.0000000e+0 0.0000000e+0 -1.00000000
vn 0.0000000e+0 0.0000000e+0 -1.00000000
vn 0.0000000e+0 0.0000000e+0 -1.00000000
vn 0.0000000e+0 0.0000000e+0 -1.00000000
vn 0.0000000e+0 0.0000000e+0 -1.00000000
vn 0.0000000e+0 0.0000000e+0 -1.00000000
vn 0.0000000e+0 0.0000000e+0 -1.00000000
vn 0.0000000e+0 0.0000000e+0 -1.00000000
vn 0.0000000e+0 0.0000000e+0 -1.00000000
vn 0.0000000e+0 0.0000000e+0 -1.00000000
vn 0.0000000e+0 0.0000000e+0 -1.00000000
vn 0.0000000e+0 0.0000000e+0 -1.00000000
vn 0.0000000e+0 0.0000000e+0 -1.00000000
vn 0.0000000e+0 0.0000000e+0 -1.00000000
vn 0.0000000e+0 0.0000000e+0 -1.00000000
vn 0.0000000e+0 0.0000000e+0 -1.00000000
vn 0.0000000e+0 0.0000000e+0 -1.00000000
vn 0.0000000e+0 0.0000000e+0 -1.00000000
vn 0.0000000e+0 0.0000000e+0 -1.00000000
vn 0.0000000e+0 0.0000000e+0 -1.00000000
vn 0.0000000e+0 0.0000000e+0 -1.00000000
vn 0.0000000e+0 0.0000000e+0 -1.00000000
vn 0.0000000e+0 0.0000000e+0 -1.00000000
vn 0.0000000e+0 0.0000000e+0 -1.00000000
vn 0.0000000e+0 0.0000000e+0 -1.00000000
vn 0.0000000e+0 0.0000000e+0 -1.00000000
vn 0.0000000e+0 0.0000000e+0 -1.00000000
vn 0.0000000e+0 0.0000000e+0 -1.00000000
vn 0.0000000e+0 0.0000000e+0 -1.00000000
vn 0.0000000e+0 0.0000000e+0 -1.00000000
vn 0.0000000e+0 0.0000000e+0 -1.00000000
vn 0.0000000e+0 0.0000000e+0 -1.00000000
vn 0.0000000e+0 0.0000000e+0 -1.00000000
vn 0.0000000e+0 0.0000000e+0 -1.00000000
vn 0.0000000e+0 0.0000000e+0 -1.00000000
vn 0.0000000e+0 0.0000000e+0 -1.00000000
vn 0.0000000e+0 0.0000000e+0 -1.00000000
vn 0.0000000e+0 0.0000000e+0 -1.00000000
vn 0.0000000e+0 0.0000000e+0 -1.00000000
vn 0.0000000e+0 0.0000000e+0 -1.00000000
vn 0.0000000e+0 0.0000000e+0 -1.00000000
vn 0.0000000e+0 0.0000000e+0 -1.00000000
vn 0.0000000e+0 0.0000000e+0 -1.00000000
vn 0.0000000e+0 0.0000000e+0 -1.00000000
vn 0.0000000e+0 0.0000000e+0 -1.00000000
vn 0.0000000e+0 0.0000000e+0 -1.00000000
vn 0.0000000e+0 0.0000000e+0 -1.00000000
vn 0.0000000e+0 0.0000000e+0 -1.00000000
vn 0.0000000e+0 0.0000000e+0 -1.00000000
vn 0.0000000e+0 0.0000000e+0 -1.00000000
vn 0.0000000e+0 0.0000000e+0 -1.00000000
vn 0.0000000e+0 0.0000000e+0 -1.00000000
vn 0.0000000e+0 0.0000000e+0 -1.00000000
vn 0.0000000e+0 0.0000000e+0 -1.00000000
vn 0.0000000e+0 0.0000000e+0 -1.00000000
vn 0.0000000e+0 0.0000000e+0 -1.00000000
vn 0.0000000e+0 0.0000000e+0 -1.00000000
vn 0.0000000e+0 0.0000000e+0 -1.00000000
vn 0.0000000e+0 0.0000000e+0 -1.00000000
vn 0.0000000e+0 0.0000000e+0 -1.00000000
vn 0.0000000e+0 0.0000000e+0 -1.00000000
vn 0.0000000e+0 0.0000000e+0 -1.00000000
vn 0.0000000e+0 0.0000000e+0 -1.00000000
vn 0.0000000e+0 0.0000000e+0 -1.00000000
vn 0.0000000e+0 0.0000000e+0 -1.00000000
vn 0.0000000e+0 0.0000000e+0 -1.00000000
vn 0.0000000e+0 0.0000000e+0 -1.00000000
vn 0.0000000e+0 0.0000000e+0 -1.00000000
vn 0.0000000e+0 0.0000000e+0 -1.00000000
vn 0.0000000e+0 0.0000000e+0 -1.00000000
vn 0.0000000e+0 0.0000000e+0 -1.00000000
vn 0.0000000e+0 0.0000000e+0 -1.00000000
vn 0.0000000e+0 0.0000000e+0 -1.00000000
vn 0.0000000e+0 0.0000000e+0 -1.00000000
vn 0.0000000e+0 0.0000000e+0 -1.00000000
vn 0.0000000e+0 0.0000000e+0 -1.00000000
vn 0.0000000e+0 0.0000000e+0 -1.00000000
vn 0.0000000e+0 0.0000000e+0 -1.00000000
vn 0.0000000e+0 0.0000000e+0 -1.00000000
vn 0.0000000e+0 0.0000000e+0 -1.00000000
vn 0.0000000e+0 0.0000000e+0 -1.00000000
vn 0.0000000e+0 0.0000000e+0 -1.00000000
vn 0.0000000e+0 0.0000000e+0 -1.00000000
vn 0.0000000e+0 0.0000000e+0 -1.00000000
vn 0.0000000e+0 0.0000000e+0 -1.00000000
vn 0.0000000e+0 0.0000000e+0 -1.00000000
vn 0.0000000e+0 0.0000000e+0 -1.00000000
vn 0.0000000e+0 0.0000000e+0 -1.00000000
vn 0.0000000e+0 0.0000000e+0 -1.00000000
vn 0.0000000e+0 0.0000000e+0 -1.00000000
vn 0.0000000e+0 0.0000000e+0 -1.00000000
vn 0.0000000e+0 0.0000000e+0 -1.00000000
vn 0.0000000e+0 0.0000000e+0 -1.00000000
vn 0.0000000e+0 0.0000000e+0 -1.00000000
vn 0.0000000e+0 0.0000000e+0 -1.00000000
vn 0.0000000e+0 0.0000000e+0 -1.00000000
vn 0.0000000e+0 0.0000000e+0 -1.00000000
vn 0.0000000e+0 0.0000000e+0 -1.00000000
vn 0.0000000e+0 0.0000000e+0 -1.00000000
vn 0.0000000e+0 0.0000000e+0 -1.00000000
vn 0.0000000e+0 0.0000000e+0 -1.00000000
vn 0.0000000e+0 0.0000000e+0 -1.00000000
vn 0.0000000e+0 0.0000000e+0 -1.00000000
vn 0.0000000e+0 0.0000000e+0 -1.00000000
vn 0.0000000e+0 0.0000000e+0 -1.00000000
vn 0.0000000e+0 0.0000000e+0 -1.00000000
vn 0.0000000e+0 0.0000000e+0 -1.00000000
vn 0.0000000e+0 0.0000000e+0 -1.00000000
vn 0.0000000e+0 0.0000000e+0 -1.00000000
vn 0.0000000e+0 0.0000000e+0 -1.00000000
vn 0.0000000e+0 0.0000000e+0 -1.00000000
vn 0.0000000e+0 0.0000000e+0 -1.00000000
vn 0.0000000e+0 0.0000000e+0 -1.00000000
vn 0.0000000e+0 0.0000000e+0 -1.00000000
vn 0.0000000e+0 0.0000000e+0 -1.00000000
vn 0.0000000e+0 0.0000000e+0 -1.00000000
vn 0.0000000e+0 0.0000000e+0 -1.00000000
vn 0.0000000e+0 0.0000000e+0 -1.00000000
vn 0.0000000e+0 0.0000000e+0 -1.00000000
vn 0.0000000e+0 0.0000000e+0 -1.00000000
vn 0.0000000e+0 0.0000000e+0 -1.00000000
vn 0.0000000e+0 0.0000000e+0 -1.00000000
vn 0.0000000e+0 0.0000000e+0 -1.00000000
vn 0.0000000e+0 0.0000000e+0 -1.00000000
vn 0.0000000e+0 0.0000000e+0 -1.00000000
vn 0.0000000e+0 0.0000000e+0 -1.00000000
vn 0.0000000e+0 0.0000000e+0 -1.00000000
vn 0.0000000e+0 0.0000000e+0 -1.00000000
vn 0.0000000e+0 0.0000000e+0 -1.00000000
vn 0.0000000e+0 0.0000000e+0 -1.00000000
vn 0.0000000e+0 0.0000000e+0 -1.00000000
vn 0.0000000e+0 0.0000000e+0 -1.00000000
vn 0.0000000e+0 0.0000000e+0 -1.00000000
vn 0.0000000e+0 0.0000000e+0 -1.00000000
vn 0.0000000e+0 0.0000000e+0 -1.00000000
vn 0.0000000e+0 0.0000000e+0 -1.00000000
vn 0.0000000e+0 0.0000000e+0 -1.00000000
vn 0.0000000e+0 0.0000000e+0 -1.00000000
vn 0.0000000e+0 0.0000000e+0 -1.00000000
vn 0.0000000e+0 0.0000000e+0 -1.00000000
vn 0.0000000e+0 0.0000000e+0 -1.00000000
vn 0.0000000e+0 0.0000000e+0 -1.00000000
vn 0.0000000e+0 0.0000000e+0 -1.00000000
vn 0.0000000e+0 0.0000000e+0 -1.00000000
vn 0.0000000e+0 0.0000000e+0 -1.00000000
vn 0.0000000e+0 0.0000000e+0 -1.00000000
vn 0.0000000e+0 0.0000000e+0 -1.00000000
vn 0.0000000e+0 0.0000000e+0 -1.00000000
vn 0.0000000e+0 0.0000000e+0 -1.00000000
vn 0.0000000e+0 0.0000000e+0 -1.00000000
vn 0.0000000e+0 0.0000000e+0 -1.00000000
vn 0.0000000e+0 0.0000000e+0 -1.00000000
vn 0.0000000e+0 0.0000000e+0 -1.00000000
vn 0.0000000e+0 0.0000000e+0 -1.00000000
vn 0.0000000e+0 0.0000000e+0 -1.00000000
vn 0.0000000e+0 0.0000000e+0 -1.00000000
vn 0.0000000e+0 0.0000000e+0 -1.00000000
vn 0.0000000e+0 0.0000000e+0 -1.00000000
vn 0.0000000e+0 0.0000000e+0 -1.00000000
vn 0.0000000e+0 0.0000000e+0 -1.00000000
vn 0.0000000e+0 0.0000000e+0 -1.00000000
vn 0.0000000e+0 0.0000000e+0 -1.00000000
vn 0.0000000e+0 0.0000000e+0 -1.00000000
vn 0.0000000e+0 0.0000000e+0 -1.00000000
vn 0.0000000e+0 0.0000000e+0 -1.00000000
vn 0.0000000e+0 0.0000000e+0 -1.00000000
vn 0.0000000e+0 0.0000000e+0 -1.00000000
vn 0.0000000e+0 0.0000000e+0 -1.00000000
vn 0.0000000e+0 0.0000000e+0 -1.00000000
vn 0.0000000e+0 0.0000000e+0 -1.00000000
vn 0.0000000e+0 0.0000000e+0 -1.00000000
vn 0.0000000e+0 0.0000000e+0 -1.00000000
vn 0.0000000e+0 0.0000000e+0 -1.00000000
vn 0.0000000e+0 0.0000000e+0 -1.00000000
vn 0.0000000e+0 0.0000000e+0 -1.00000000
vn 0.0000000e+0 0.0000000e+0 -1.00000000
vn 0.0000000e+0 0.0000000e+0 -1.00000000
vn 0.0000000e+0 0.0000000e+0 -1.00000000
vn 0.0000000e+0 0.0000000e+0 -1.00000000
vn 0.0000000e+0 0.0000000e+0 -1.00000000
vn 0.0000000e+0 0.0000000e+0 -1.00000000
vn 0.0000000e+0 0.0000000e+0 -1.00000000
vn 0.0000000e+0 0.0000000e+0 -1.00000000
vn 0.0000000e+0 0.0000000e+0 -1.00000000
vn 0.0000000e+0 0.0000000e+0 -1.00000000
vn 0.0000000e+0 0.0000000e+0 -1.00000000
vn 0.0000000e+0 0.0000000e+0 -1.00000000
vn 0.0000000e+0 0.0000000e+0 -1.00000000
vn 0.0000000e+0 0.0000000e+0 -1.00000000
vn 0.0000000e+0 0.0000000e+0 -1.00000000
vn 0.0000000e+0 0.0000000e+0 -1.00000000
vn 0.0000000e+0 0.0000000e+0 -1.00000000
vn 0.0000000e+0 0.0000000e+0 -1.00000000
vn 0.0000000e+0 0.0000000e+0 -1.00000000
vn 0.0000000e+0 0.0000000e+0 -1.00000000
vn 0.0000000e+0 0.0000000e+0 -1.00000000
vn 0.0000000e+0 0.0000000e+0 -1.00000000
vn 0.0000000e+0 0.0000000e+0 -1.00000000
vn 0.0000000e+0 0.0000000e+0 -1.00000000
vn 0.0000000e+0 0.0000000e+0 -1.00000000
vn 0.0000000e+0 0.0000000e+0 -1.00000000
vn 0.0000000e+0 0.0000000e+0 -1.00000000
vn 0.0000000e+0 0.0000000e+0 -1.00000000
vn 0.0000000e+0 0.0000000e+0 -1.00000000
vn 0.0000000e+0 0.0000000e+0 -1.00000000
vn 0.0000000e+0 0.0000000e+0 -1.00000000
vn 0.0000000e+0 0.0000000e+0 -1.00000000
vn 0.0000000e+0 0.0000000e+0 -1.00000000
vn 0.0000000e+0 0.0000000e+0 -1.00000000
vn 0.0000000e+0 0.0000000e+0 -1.00000000
vn 0.0000000e+0 0.0000000e+0 -1.00000000
vn 0.0000000e+0 0.0000000e+0 -1.00000000
vn 0.0000000e+0 0.0000000e+0 -1.00000000
vn 0.0000000e+0 0.0000000e+0 -1.00000000
vn 0.0000000e+0 0.0000000e+0 -1.00000000
vn 0.0000000e+0 0.0000000e+0 -1.00000000
vn 0.0000000e+0 0.0000000e+0 -1.00000000
vn 0.0000000e+0 0.0000000e+0 -1.00000000
vn 0.0000000e+0 0.0000000e+0 -1.00000000
vn 0.0000000e+0 0.0000000e+0 -1.00000000
vn 0.0000000e+0 0.0000000e+0 -1.00000000
vn 0.0000000e+0 0.0000000e+0 -1.00000000
vn 0.0000000e+0 0.0000000e+0 -1.00000000
vn 0.0000000e+0 0.0000000e+0 -1.00000000
vn 0.0000000e+0 0.0000000e+0 -1.00000000
vn 0.0000000e+0 0.0000000e+0 -1.00000000
vn 0.0000000e+0 0.0000000e+0 -1.00000000
vn 0.0000000e+0 0.0000000e+0 -1.00000000
vn 0.0000000e+0 0.0000000e+0 -1.00000000
vn 0.0000000e+0 0.0000000e+0 -1.00000000
vn 0.0000000e+0 0.0000000e+0 -1.00000000
vn 0.0000000e+0 0.0000000e+0 -1.00000000
vn 0.0000000e+0 0.0000000e+0 -1.00000000
vn 0.0000000e+0 0.0000000e+0 -1.00000000
vn 0.0000000e+0 0.0000000e+0 -1.00000000
vn 0.0000000e+0 0.0000000e+0 -1.00000000
vn 0.0000000e+0 0.0000000e+0 -1.00000000
vn 0.0000000e+0 0.0000000e+0 -1.00000000
vn 0.0000000e+0 0.0000000e+0 -1.00000000
vn 0.0000000e+0 0.0000000e+0 -1.00000000
vn 0.0000000e+0 0.0000000e+0 -1.00000000
vn 0.0000000e+0 0.0000000e+0 -1.00000000
vn 0.0000000e+0 0.0000000e+0 -1.00000000
vn 0.0000000e+0 0.0000000e+0 -1.00000000
vn 0.0000000e+0 0.0000000e+0 -1.00000000
vn 0.0000000e+0 0.0000000e+0 -1.00000000
vn 0.0000000e+0 0.0000000e+0 -1.00000000
vn 0.0000000e+0 0.0000000e+0 -1.00000000
vn 0.0000000e+0 0.0000000e+0 -1.00000000
vn 0.0000000e+0 0.0000000e+0 -1.00000000
vn 0.0000000e+0 0.0000000e+0 -1.00000000
vn 0.0000000e+0 0.0000000e+0 -1.00000000
vn 0.0000000e+0 0.0000000e+0 -1.00000000
vn 0.0000000e+0 0.0000000e+0 -1.00000000
vn 0.0000000e+0 0.0000000e+0 -1.00000000
vn 0.0000000e+0 0.0000000e+0 -1.00000000
vn 0.0000000e+0 0.0000000e+0 -1.00000000
vn 0.0000000e+0 0.0000000e+0 -1.00000000
vn 0.0000000e+0 0.0000000e+0 -1.00000000
vn 0.0000000e+0 0.0000000e+0 -1.00000000
vn 0.0000000e+0 0.0000000e+0 -1.00000000
vn 0.0000000e+0 0.0000000e+0 -1.00000000
vn 0.0000000e+0 0.0000000e+0 -1.00000000
vn 0.0000000e+0 0.0000000e+0 -1.00000000
vn 0.0000000e+0 0.0000000e+0 -1.00000000
vn 0.0000000e+0 0.0000000e+0 -1.00000000
vn 0.0000000e+0 0.0000000e+0 -1.00000000
vn 0.0000000e+0 0.0000000e+0 -1.00000000
vn 0.0000000e+0 0.0000000e+0 -1.00000000
vn 0.0000000e+0 0.0000000e+0 -1.00000000
vn 0.0000000e+0 0.0000000e+0 -1.00000000
vn 0.0000000e+0 0.0000000e+0 -1.00000000
vn 0.0000000e+0 0.0000000e+0 -1.00000000
vn 0.0000000e+0 0.0000000e+0 -1.00000000
vn 0.0000000e+0 0.0000000e+0 -1.00000000
vn 0.0000000e+0 0.0000000e+0 -1.00000000
vn 0.0000000e+0 0.0000000e+0 -1.00000000
vn 0.0000000e+0 0.0000000e+0 -1.00000000
vn 0.0000000e+0 0.0000000e+0 -1.00000000
vn 0.0000000e+0 0.0000000e+0 -1.00000000
vn 0.0000000e+0 0.0000000e+0 -1.00000000
vn 0.0000000e+0 0.0000000e+0 -1.00000000
vn 0.0000000e+0 0.0000000e+0 -1.00000000
vn 0.0000000e+0 0.0000000e+0 -1.00000000
vn 0.0000000e+0 0.0000000e+0 -1.00000000
vn 0.0000000e+0 0.0000000e+0 -1.00000000
vn 0.0000000e+0 0.0000000e+0 -1.00000000
vn 0.0000000e+0 0.0000000e+0 -1.00000000
vn 0.0000000e+0 0.0000000e+0 -1.00000000
vn 0.0000000e+0 0.0000000e+0 -1.00000000
vn 0.0000000e+0 0.0000000e+0 -1.00000000
vn 0.0000000e+0 0.0000000e+0 -1.00000000
vn 0.0000000e+0 0.0000000e+0 -1.00000000
vn 0.0000000e+0 0.0000000e+0 -1.00000000
vn 0.0000000e+0 0.0000000e+0 -1.00000000
vn 0.0000000e+0 0.0000000e+0 -1.00000000
vn 0.0000000e+0 0.0000000e+0 -1.00000000
vn 0.0000000e+0 0.0000000e+0 -1.00000000
vn 0.0000000e+0 0.0000000e+0 -1.00000000
vn 0.0000000e+0 0.0000000e+0 -1.00000000
vn 0.0000000e+0 0.0000000e+0 -1.00000000
vn 0.0000000e+0 0.0000000e+0 -1.00000000
vn 0.0000000e+0 0.0000000e+0 -1.00000000
vn 0.0000000e+0 0.0000000e+0 -1.00000000
vn 0.0000000e+0 0.0000000e+0 -1.00000000
vn 0.0000000e+0 0.0000000e+0 -1.00000000
vn 0.0000000e+0 0.0000000e+0 -1.00000000
vn 0.0000000e+0 0.0000000e+0 -1.00000000
vn 0.0000000e+0 0.0000000e+0 -1.00000000
vn 0.0000000e+0 0.0000000e+0 -1.00000000
vn 0.0000000e+0 0.0000000e+0 -1.00000000
vn 0.0000000e+0 0.0000000e+0 -1.00000000
vn 0.0000000e+0 0.0000000e+0 -1.00000000
vn 0.0000000e+0 0.0000000e+0 -1.00000000
vn 0.0000000e+0 0.0000000e+0 -1.00000000
vn 0.0000000e+0 0.0000000e+0 -1.00000000
vn 0.0000000e+0 0.0000000e+0 -1.00000000
vn 0.0000000e+0 0.0000000e+0 -1.00000000
vn 0.0000000e+0 0.0000000e+0 -1.00000000
vn 0.0000000e+0 0.0000000e+0 -1.00000000
vn 0.0000000e+0 0.0000000e+0 -1.00000000
vn 0.0000000e+0 0.0000000e+0 -1.00000000
vn 0.0000000e+0 0.0000000e+0 -1.00000000
vn 0.0000000e+0 0.0000000e+0 -1.00000000
vn 0.0000000e+0 0.0000000e+0 -1.00000000
vn 0.0000000e+0 0.0000000e+0 -1.00000000
vn 0.0000000e+0 0.0000000e+0 -1.00000000
vn 0.0000000e+0 0.0000000e+0 -1.00000000
vn 0.0000000e+0 0.0000000e+0 -1.00000000
vn 0.0000000e+0 0.0000000e+0 -1.00000000
vn 0.0000000e+0 0.0000000e+0 -1.00000000
vn 0.0000000e+0 0.0000000e+0 -1.00000000
vn 0.0000000e+0 0.0000000e+0 -1.00000000
vn 0.0000000e+0 0.0000000e+0 -1.00000000
vn 0.0000000e+0 0.0000000e+0 -1.00000000
vn 0.0000000e+0 0.0000000e+0 -1.00000000
vn 0.0000000e+0 0.0000000e+0 -1.00000000
vn 0.0000000e+0 0.0000000e+0 -1.00000000
vn 0.0000000e+0 0.0000000e+0 -1.00000000
vn 0.0000000e+0 0.0000000e+0 -1.00000000
vn 0.0000000e+0 0.0000000e+0 -1.00000000
vn 0.0000000e+0 0.0000000e+0 -1.00000000
vn 0.0000000e+0 0.0000000e+0 -1.00000000
vn 0.0000000e+0 0.0000000e+0 -1.00000000
vn 0.0000000e+0 0.0000000e+0 -1.00000000
vn 0.0000000e+0 0.0000000e+0 -1.00000000
vn 0.0000000e+0 0.0000000e+0 -1.00000000
vn 0.0000000e+0 0.0000000e+0 -1.00000000
vn 0.0000000e+0 0.0000000e+0 -1.00000000
vn 0.0000000e+0 0.0000000e+0 -1.00000000
vn 0.0000000e+0 0.0000000e+0 -1.00000000
vn 0.0000000e+0 0.0000000e+0 -1.00000000
vn 0.0000000e+0 0.0000000e+0 -1.00000000
vn 0.0000000e+0 0.0000000e+0 -1.00000000
vn 0.0000000e+0 0.0000000e+0 -1.00000000
vn 0.0000000e+0 0.0000000e+0 -1.00000000
vn 0.0000000e+0 0.0000000e+0 -1.00000000
vn 0.0000000e+0 0.0000000e+0 -1.00000000
vn 0.0000000e+0 0.0000000e+0 -1.00000000
vn 0.0000000e+0 0.0000000e+0 -1.00000000
vn 0.0000000e+0 0.0000000e+0 -1.00000000
vn 0.0000000e+0 0.0000000e+0 -1.00000000
vn 0.0000000e+0 0.0000000e+0 -1.00000000
vn 0.0000000e+0 0.0000000e+0 -1.00000000
vn 0.0000000e+0 0.0000000e+0 -1.00000000
vn 0.0000000e+0 0.0000000e+0 -1.00000000
vn 0.0000000e+0 0.0000000e+0 -1.00000000
vn 0.0000000e+0 0.0000000e+0 -1.00000000
vn 0.0000000e+0 0.0000000e+0 -1.00000000
vn 0.0000000e+0 0.0000000e+0 -1.00000000
vn 0.0000000e+0 0.0000000e+0 -1.00000000
vn 0.0000000e+0 0.0000000e+0 -1.00000000
vn 0.0000000e+0 0.0000000e+0 -1.00000000
vn 0.0000000e+0 0.0000000e+0 -1.00000000
vn 0.0000000e+0 0.0000000e+0 -1.00000000
vn 0.0000000e+0 0.0000000e+0 -1.00000000
vn 0.0000000e+0 0.0000000e+0 -1.00000000
vn 0.0000000e+0 0.0000000e+0 -1.00000000
vn 0.0000000e+0 0.0000000e+0 -1.00000000
vn 0.0000000e+0 0.0000000e+0 -1.00000000
vn 0.0000000e+0 0.0000000e+0 -1.00000000
vn 0.0000000e+0 0.0000000e+0 -1.00000000
vn 0.0000000e+0 0.0000000e+0 -1.00000000
vn 0.0000000e+0 0.0000000e+0 -1.00000000
vn 0.0000000e+0 0.0000000e+0 -1.00000000
vn 0.0000000e+0 0.0000000e+0 -1.00000000
vn 0.0000000e+0 0.0000000e+0 -1.00000000
vn 0.0000000e+0 0.0000000e+0 -1.00000000
vn 0.0000000e+0 0.0000000e+0 -1.00000000
vn 0.0000000e+0 0.0000000e+0 -1.00000000
vn 0.0000000e+0 0.0000000e+0 -1.00000000
vn 0.0000000e+0 0.0000000e+0 -1.00000000
vn 0.0000000e+0 0.0000000e+0 -1.00000000
vn 0.0000000e+0 0.0000000e+0 -1.00000000
vn 0.0000000e+0 0.0000000e+0 -1.00000000
vn 0.0000000e+0 0.0000000e+0 -1.00000000
vn 0.0000000e+0 0.0000000e+0 -1.00000000
vn 0.0000000e+0 0.0000000e+0 -1.00000000
vn 0.0000000e+0 0.0000000e+0 -1.00000000
vn 0.0000000e+0 0.0000000e+0 -1.00000000
vn 0.0000000e+0 0.0000000e+0 -1.00000000
vn 0.0000000e+0 0.0000000e+0 -1.00000000
vn 0.0000000e+0 0.0000000e+0 -1.00000000
vn 0.0000000e+0 0.0000000e+0 -1.00000000
vn 0.0000000e+0 0.0000000e+0 -1.00000000
vn 0.0000000e+0 0.0000000e+0 -1.00000000
vn 0.0000000e+0 0.0000000e+0 -1.00000000
vn 0.0000000e+0 0.0000000e+0 -1.00000000
vn 0.0000000e+0 0.0000000e+0 -1.00000000
vn 0.0000000e+0 0.0000000e+0 -1.00000000
vn 0.0000000e+0 0.0000000e+0 -1.00000000
vn 0.0000000e+0 0.0000000e+0 -1.00000000
vn 0.0000000e+0 0.0000000e+0 -1.00000000
vn 0.0000000e+0 0.0000000e+0 -1.00000000
vn 0.0000000e+0 0.0000000e+0 -1.00000000
vn 0.0000000e+0 0.0000000e+0 -1.00000000
vn 0.0000000e+0 0.0000000e+0 -1.00000000
vn 0.0000000e+0 0.0000000e+0 -1.00000000
vn 0.0000000e+0 0.0000000e+0 -1.00000000
vn 0.0000000e+0 0.0000000e+0 -1.00000000
vn 0.0000000e+0 0.0000000e+0 -1.00000000
vn 0.0000000e+0 0.0000000e+0 -1.00000000
vn 0.0000000e+0 0.0000000e+0 -1.00000000
vn 0.0000000e+0 0.0000000e+0 -1.00000000
vn 0.0000000e+0 0.0000000e+0 -1.00000000
vn 0.0000000e+0 0.0000000e+0 -1.00000000
vn 0.0000000e+0 0.0000000e+0 -1.00000000
vn 0.0000000e+0 0.0000000e+0 -1.00000000
vn 0.0000000e+0 0.0000000e+0 -1.00000000
vn 0.0000000e+0 0.0000000e+0 -1.00000000
vn 0.0000000e+0 0.0000000e+0 -1.00000000
vn 0.0000000e+0 0.0000000e+0 -1.00000000
vn 0.0000000e+0 0.0000000e+0 -1.00000000
vn 0.0000000e+0 0.0000000e+0 -1.00000000
vn 0.0000000e+0 0.0000000e+0 -1.00000000
vn 0.0000000e+0 0.0000000e+0 -1.00000000
vn 0.0000000e+0 0.0000000e+0 -1.00000000
vn 0.0000000e+0 0.0000000e+0 -1.00000000
vn 0.0000000e+0 0.0000000e+0 -1.00000000
vn 0.0000000e+0 0.0000000e+0 -1.00000000
vn 0.0000000e+0 0.0000000e+0 -1.00000000
vn 0.0000000e+0 0.0000000e+0 -1.00000000
vn 0.0000000e+0 0.0000000e+0 -1.00000000
vn 0.0000000e+0 0.0000000e+0 -1.00000000
vn 0.0000000e+0 0.0000000e+0 -1.00000000
vn 0.0000000e+0 0.0000000e+0 -1.00000000
vn 0.0000000e+0 0.0000000e+0 -1.00000000
vn 0.0000000e+0 0.0000000e+0 -1.00000000
vn 0.0000000e+0 0.0000000e+0 -1.00000000
vn 0.0000000e+0 0.0000000e+0 -1.00000000
vn 0.0000000e+0 0.0000000e+0 -1.00000000
vn 0.0000000e+0 0.0000000e+0 -1.00000000
vn 0.0000000e+0 0.0000000e+0 -1.00000000
vn 0.0000000e+0 0.0000000e+0 -1.00000000
vn 0.0000000e+0 0.0000000e+0 -1.00000000
vn 0.0000000e+0 0.0000000e+0 -1.00000000
vn 0.0000000e+0 0.0000000e+0 -1.00000000
vn 0.0000000e+0 0.0000000e+0 -1.00000000
vn 0.0000000e+0 0.0000000e+0 -1.00000000
vn 0.0000000e+0 0.0000000e+0 -1.00000000
vn 0.0000000e+0 0.0000000e+0 -1.00000000
vn 0.0000000e+0 0.0000000e+0 -1.00000000
vn 0.0000000e+0 0.0000000e+0 -1.00000000
vn 0.0000000e+0 0.0000000e+0 -1.00000000
vn 0.0000000e+0 0.0000000e+0 -1.00000000
vn 0.0000000e+0 0.0000000e+0 -1.00000000
vn 0.0000000e+0 0.0000000e+0 -1.00000000
vn 0.0000000e+0 0.0000000e+0 -1.00000000
vn 0.0000000e+0 0.0000000e+0 -1.00000000
vn 0.0000000e+0 0.0000000e+0 -1.00000000
vn 0.0000000e+0 0.0000000e+0 -1.00000000
vn 0.0000000e+0 0.0000000e+0 -1.00000000
vn 0.0000000e+0 0.0000000e+0 -1.00000000
vn 0.0000000e+0 0.0000000e+0 -1.00000000
vn 0.0000000e+0 0.0000000e+0 -1.00000000
vn 0.0000000e+0 0.0000000e+0 -1.00000000
vn 0.0000000e+0 0.0000000e+0 -1.00000000
vn 0.0000000e+0 0.0000000e+0 -1.00000000
vn 0.0000000e+0 0.0000000e+0 -1.00000000
vn 0.0000000e+0 0.0000000e+0 -1.00000000
vn 0.0000000e+0 0.0000000e+0 -1.00000000
vn 0.0000000e+0 0.0000000e+0 -1.00000000
vn 0.0000000e+0 0.0000000e+0 -1.00000000
vn 0.0000000e+0 0.0000000e+0 -1.00000000
vn 0.0000000e+0 0.0000000e+0 -1.00000000
vn 0.0000000e+0 0.0000000e+0 -1.00000000
vn 0.0000000e+0 0.0000000e+0 -1.00000000
vn 0.0000000e+0 0.0000000e+0 -1.00000000
vn 0.0000000e+0 0.0000000e+0 -1.00000000
vn 0.0000000e+0 0.0000000e+0 -1.00000000
vn 0.0000000e+0 0.0000000e+0 -1.00000000
vn 0.0000000e+0 0.0000000e+0 -1.00000000
vn 0.0000000e+0 0.0000000e+0 -1.00000000
vn 0.0000000e+0 0.0000000e+0 -1.00000000
vn 0.0000000e+0 0.0000000e+0 -1.00000000
vn 0.0000000e+0 0.0000000e+0 -1.00000000
vn 0.0000000e+0 0.0000000e+0 -1.00000000
vn 0.0000000e+0 0.0000000e+0 -1.00000000
vn 0.0000000e+0 0.0000000e+0 -1.00000000
vn 0.0000000e+0 0.0000000e+0 -1.00000000
vn 0.0000000e+0 0.0000000e+0 -1.00000000
vn 0.0000000e+0 0.0000000e+0 -1.00000000
vn 0.0000000e+0 0.0000000e+0 -1.00000000
vn 0.0000000e+0 0.0000000e+0 -1.00000000
vn 0.0000000e+0 0.0000000e+0 -1.00000000
vn 0.0000000e+0 0.0000000e+0 -1.00000000
vn 0.0000000e+0 0.0000000e+0 -1.00000000
vn 0.0000000e+0 0.0000000e+0 -1.00000000
vn 0.0000000e+0 0.0000000e+0 -1.00000000
vn 0.0000000e+0 0.0000000e+0 -1.00000000
vn 0.0000000e+0 0.0000000e+0 -1.00000000
vn 0.0000000e+0 0.0000000e+0 -1.00000000
vn 0.0000000e+0 0.0000000e+0 -1.00000000
vn 0.0000000e+0 0.0000000e+0 -1.00000000
vn 0.0000000e+0 0.0000000e+0 -1.00000000
vn 0.0000000e+0 0.0000000e+0 -1.00000000
vn 0.0000000e+0 0.0000000e+0 -1.00000000
vn 0.0000000e+0 0.0000000e+0 -1.00000000
vn 0.0000000e+0 0.0000000e+0 -1.00000000
vn 0.0000000e+0 0.0000000e+0 -1.00000000
vn 0.0000000e+0 0.0000000e+0 -1.00000000
vn 0.0000000e+0 0.0000000e+0 -1.00000000
vn 0.0000000e+0 0.0000000e+0 -1.00000000
vn 0.0000000e+0 0.0000000e+0 -1.00000000
vn 0.0000000e+0 0.0000000e+0 -1.00000000
vn 0.0000000e+0 0.0000000e+0 -1.00000000
vn 1.00000000 0.0000000e+0 0.0000000e+0
vn 1.00000000 0.0000000e+0 0.0000000e+0
vn 1.00000000 0.0000000e+0 0.0000000e+0
vn 1.00000000 0.0000000e+0 0.0000000e+0
vn 1.00000000 0.0000000e+0 0.0000000e+0
vn 1.00000000 0.0000000e+0 0.0000000e+0
vn 1.00000000 0.0000000e+0 0.0000000e+0
vn 1.00000000 0.0000000e+0 0.0000000e+0
vn 1.00000000 0.0000000e+0 0.0000000e+0
vn 1.00000000 0.0000000e+0 0.0000000e+0
vn 1.00000000 0.0000000e+0 0.0000000e+0
vn 1.00000000 0.0000000e+0 0.0000000e+0
vn 1.00000000 0.0000000e+0 0.0000000e+0
vn 1.00000000 0.0000000e+0 0.0000000e+0
vn 1.00000000 0.0000000e+0 0.0000000e+0
vn 1.00000000 0.0000000e+0 0.0000000e+0
vn 1.00000000 0.0000000e+0 0.0000000e+0
vn 1.00000000 0.0000000e+0 0.0000000e+0
vn 1.00000000 0.0000000e+0 0.0000000e+0
vn 1.00000000 0.0000000e+0 0.0000000e+0
vn 1.00000000 0.0000000e+0 0.0000000e+0
vn 1.00000000 0.0000000e+0 0.0000000e+0
vn 1.00000000 0.0000000e+0 0.0000000e+0
vn 1.00000000 0.0000000e+0 0.0000000e+0
vn 1.00000000 0.0000000e+0 0.0000000e+0
vn 1.00000000 0.0000000e+0 0.0000000e+0
vn 1.00000000 0.0000000e+0 0.0000000e+0
vn 1.00000000 0.0000000e+0 0.0000000e+0
vn 1.00000000 0.0000000e+0 0.0000000e+0
vn 1.00000000 0.0000000e+0 0.0000000e+0
vn 1.00000000 0.0000000e+0 0.0000000e+0
vn 1.00000000 0.0000000e+0 0.0000000e+0
vn 1.00000000 0.0000000e+0 0.0000000e+0
vn 1.00000000 0.0000000e+0 0.0000000e+0
vn 1.00000000 0.0000000e+0 0.0000000e+0
vn 1.00000000 0.0000000e+0 0.0000000e+0
vn 1.00000000 0.0000000e+0 0.0000000e+0
vn 1.00000000 0.0000000e+0 0.0000000e+0
vn 1.00000000 0.0000000e+0 0.0000000e+0
vn 1.00000000 0.0000000e+0 0.0000000e+0
vn 1.00000000 0.0000000e+0 0.0000000e+0
vn 1.00000000 0.0000000e+0 0.0000000e+0
vn 1.00000000 0.0000000e+0 0.0000000e+0
vn 1.00000000 0.0000000e+0 0.0000000e+0
vn 1.00000000 0.0000000e+0 0.0000000e+0
vn 1.00000000 0.0000000e+0 0.0000000e+0
vn 1.00000000 0.0000000e+0 0.0000000e+0
vn 1.00000000 0.0000000e+0 0.0000000e+0
vn 1.00000000 0.0000000e+0 0.0000000e+0
vn 1.00000000 0.0000000e+0 0.0000000e+0
vn 1.00000000 0.0000000e+0 0.0000000e+0
vn 1.00000000 0.0000000e+0 0.0000000e+0
vn 1.00000000 0.0000000e+0 0.0000000e+0
vn 1.00000000 0.0000000e+0 0.0000000e+0
vn 1.00000000 0.0000000e+0 0.0000000e+0
vn 1.00000000 0.0000000e+0 0.0000000e+0
vn 1.00000000 0.0000000e+0 0.0000000e+0
vn 1.00000000 0.0000000e+0 0.0000000e+0
vn 1.00000000 0.0000000e+0 0.0000000e+0
vn 1.00000000 0.0000000e+0 0.0000000e+0
vn 1.00000000 0.0000000e+0 0.0000000e+0
vn 1.00000000 0.0000000e+0 0.0000000e+0
vn 1.00000000 0.0000000e+0 0.0000000e+0
vn 1.00000000 0.0000000e+0 0.0000000e+0
vn 1.00000000 0.0000000e+0 0.0000000e+0
vn 1.00000000 0.0000000e+0 0.0000000e+0
vn 1.00000000 0.0000000e+0 0.0000000e+0
vn 1.00000000 0.0000000e+0 0.0000000e+0
vn 1.00000000 0.0000000e+0 0.0000000e+0
vn 1.00000000 0.0000000e+0 0.0000000e+0
vn 1.00000000 0.0000000e+0 0.0000000e+0
vn 1.00000000 0.0000000e+0 0.0000000e+0
vn 1.00000000 0.0000000e+0 0.0000000e+0
vn 1.00000000 0.0000000e+0 0.0000000e+0
vn 1.00000000 0.0000000e+0 0.0000000e+0
vn 1.00000000 0.0000000e+0 0.0000000e+0
vn 1.00000000 0.0000000e+0 0.0000000e+0
vn 1.00000000 0.0000000e+0 0.0000000e+0
vn 1.00000000 0.0000000e+0 0.0000000e+0
vn 1.00000000 0.0000000e+0 0.0000000e+0
vn 1.00000000 0.0000000e+0 0.0000000e+0
vn 1.00000000 0.0000000e+0 0.0000000e+0
vn 1.00000000 0.0000000e+0 0.0000000e+0
vn 1.00000000 0.0000000e+0 0.0000000e+0
vn 1.00000000 0.0000000e+0 0.0000000e+0
vn 1.00000000 0.0000000e+0 0.0000000e+0
vn 1.00000000 0.0000000e+0 0.0000000e+0
vn 1.00000000 0.0000000e+0 0.0000000e+0
vn 1.00000000 0.0000000e+0 0.0000000e+0
vn 1.00000000 0.0000000e+0 0.0000000e+0
vn 1.00000000 0.0000000e+0 0.0000000e+0
vn 1.00000000 0.0000000e+0 0.0000000e+0
vn 1.00000000 0.0000000e+0 0.0000000e+0
vn 1.00000000 0.0000000e+0 0.0000000e+0
vn 1.00000000 0.0000000e+0 0.0000000e+0
vn 1.00000000 0.0000000e+0 0.0000000e+0
vn 1.00000000 0.0000000e+0 0.0000000e+0
vn 1.00000000 0.0000000e+0 0.0000000e+0
vn 1.00000000 0.0000000e+0 0.0000000e+0
vn 1.00000000 0.0000000e+0 0.0000000e+0
vn 1.00000000 0.0000000e+0 0.0000000e+0
vn 1.00000000 0.0000000e+0 0.0000000e+0
vn 1.00000000 0.0000000e+0 0.0000000e+0
vn 1.00000000 0.0000000e+0 0.0000000e+0
vn 1.00000000 0.0000000e+0 0.0000000e+0
vn 1.00000000 0.0000000e+0 0.0000000e+0
vn 1.00000000 0.0000000e+0 0.0000000e+0
vn 1.00000000 0.0000000e+0 0.0000000e+0
vn 1.00000000 0.0000000e+0 0.0000000e+0
vn 1.00000000 0.0000000e+0 0.0000000e+0
vn 1.00000000 0.0000000e+0 0.0000000e+0
vn 1.00000000 0.0000000e+0 0.0000000e+0
vn 1.00000000 0.0000000e+0 0.0000000e+0
vn 1.00000000 0.0000000e+0 0.0000000e+0
vn 1.00000000 0.0000000e+0 0.0000000e+0
vn 1.00000000 0.0000000e+0 0.0000000e+0
vn 1.00000000 0.0000000e+0 0.0000000e+0
vn 1.00000000 0.0000000e+0 0.0000000e+0
vn 1.00000000 0.0000000e+0 0.0000000e+0
vn 1.00000000 0.0000000e+0 0.0000000e+0
vn 1.00000000 0.0000000e+0 0.0000000e+0
vn 1.00000000 0.0000000e+0 0.0000000e+0
vn 1.00000000 0.0000000e+0 0.0000000e+0
vn 1.00000000 0.0000000e+0 0.0000000e+0
vn 1.00000000 0.0000000e+0 0.0000000e+0
vn 1.00000000 0.0000000e+0 0.0000000e+0
vn 1.00000000 0.0000000e+0 0.0000000e+0
vn 1.00000000 0.0000000e+0 0.0000000e+0
vn 1.00000000 0.0000000e+0 0.0000000e+0
vn 1.00000000 0.0000000e+0 0.0000000e+0
vn 1.00000000 0.0000000e+0 0.0000000e+0
vn 1.00000000 0.0000000e+0 0.0000000e+0
vn 1.00000000 0.0000000e+0 0.0000000e+0
vn 1.00000000 0.0000000e+0 0.0000000e+0
vn 1.00000000 0.0000000e+0 0.0000000e+0
vn 1.00000000 0.0000000e+0 0.0000000e+0
vn 1.00000000 0.0000000e+0 0.0000000e+0
vn 1.00000000 0.0000000e+0 0.0000000e+0
vn 1.00000000 0.0000000e+0 0.0000000e+0
vn 1.00000000 0.0000000e+0 0.0000000e+0
vn 1.00000000 0.0000000e+0 0.0000000e+0
vn 1.00000000 0.0000000e+0 0.0000000e+0
vn 1.00000000 0.0000000e+0 0.0000000e+0
vn 1.00000000 0.0000000e+0 0.0000000e+0
vn 1.00000000 0.0000000e+0 0.0000000e+0
vn 1.00000000 0.0000000e+0 0.0000000e+0
vn 1.00000000 0.0000000e+0 0.0000000e+0
vn 1.00000000 0.0000000e+0 0.0000000e+0
vn 1.00000000 0.0000000e+0 0.0000000e+0
vn 1.00000000 0.0000000e+0 0.0000000e+0
vn 1.00000000 0.0000000e+0 0.0000000e+0
vn 1.00000000 0.0000000e+0 0.0000000e+0
vn 1.00000000 0.0000000e+0 0.0000000e+0
vn 1.00000000 0.0000000e+0 0.0000000e+0
vn 1.00000000 0.0000000e+0 0.0000000e+0
vn 1.00000000 0.0000000e+0 0.0000000e+0
vn 1.00000000 0.0000000e+0 0.0000000e+0
vn 1.00000000 0.0000000e+0 0.0000000e+0
vn 1.00000000 0.0000000e+0 0.0000000e+0
vn 1.00000000 0.0000000e+0 0.0000000e+0
vn 1.00000000 0.0000000e+0 0.0000000e+0
vn 1.00000000 0.0000000e+0 0.0000000e+0
vn 1.00000000 0.0000000e+0 0.0000000e+0
vn 1.00000000 0.0000000e+0 0.0000000e+0
vn 1.00000000 0.0000000e+0 0.0000000e+0
vn 1.00000000 0.0000000e+0 0.0000000e+0
vn 1.00000000 0.0000000e+0 0.0000000e+0
vn 1.00000000 0.0000000e+0 0.0000000e+0
vn 1.00000000 0.0000000e+0 0.0000000e+0
vn 1.00000000 0.0000000e+0 0.0000000e+0
vn 1.00000000 0.0000000e+0 0.0000000e+0
vn 1.00000000 0.0000000e+0 0.0000000e+0
vn 1.00000000 0.0000000e+0 0.0000000e+0
vn 1.00000000 0.0000000e+0 0.0000000e+0
vn 1.00000000 0.0000000e+0 0.0000000e+0
vn 1.00000000 0.0000000e+0 0.0000000e+0
vn 1.00000000 0.0000000e+0 0.0000000e+0
vn 1.00000000 0.0000000e+0 0.0000000e+0
vn 1.00000000 0.0000000e+0 0.0000000e+0
vn 1.00000000 0.0000000e+0 0.0000000e+0
vn 1.00000000 0.0000000e+0 0.0000000e+0
vn 1.00000000 0.0000000e+0 0.0000000e+0
vn 1.00000000 0.0000000e+0 0.0000000e+0
vn 1.00000000 0.0000000e+0 0.0000000e+0
vn 1.00000000 0.0000000e+0 0.0000000e+0
vn 1.00000000 0.0000000e+0 0.0000000e+0
vn 1.00000000 0.0000000e+0 0.0000000e+0
vn 1.00000000 0.0000000e+0 0.0000000e+0
vn 1.00000000 0.0000000e+0 0.0000000e+0
vn 1.00000000 0.0000000e+0 0.0000000e+0
vn 1.00000000 0.0000000e+0 0.0000000e+0
vn 1.00000000 0.0000000e+0 0.0000000e+0
vn 1.00000000 0.0000000e+0 0.0000000e+0
vn 1.00000000 0.0000000e+0 0.0000000e+0
vn 1.00000000 0.0000000e+0 0.0000000e+0
vn 1.00000000 0.0000000e+0 0.0000000e+0
vn 1.00000000 0.0000000e+0 0.0000000e+0
vn 1.00000000 0.0000000e+0 0.0000000e+0
vn 1.00000000 0.0000000e+0 0.0000000e+0
vn 1.00000000 0.0000000e+0 0.0000000e+0
vn 1.00000000 0.0000000e+0 0.0000000e+0
vn 1.00000000 0.0000000e+0 0.0000000e+0
vn 1.00000000 0.0000000e+0 0.0000000e+0
vn 1.00000000 0.0000000e+0 0.0000000e+0
vn 1.00000000 0.0000000e+0 0.0000000e+0
vn 1.00000000 0.0000000e+0 0.0000000e+0
vn 1.00000000 0.0000000e+0 0.0000000e+0
vn 1.00000000 0.0000000e+0 0.0000000e+0
vn 1.00000000 0.0000000e+0 0.0000000e+0
vn 1.00000000 0.0000000e+0 0.0000000e+0
vn 1.00000000 0.0000000e+0 0.0000000e+0
vn 1.00000000 0.0000000e+0 0.0000000e+0
vn 1.00000000 0.0000000e+0 0.0000000e+0
vn 1.00000000 0.0000000e+0 0.0000000e+0
vn 1.00000000 0.0000000e+0 0.0000000e+0
vn 1.00000000 0.0000000e+0 0.0000000e+0
vn 1.00000000 0.0000000e+0 0.0000000e+0
vn 1.00000000 0.0000000e+0 0.0000000e+0
vn 1.00000000 0.0000000e+0 0.0000000e+0
vn 1.00000000 0.0000000e+0 0.0000000e+0
vn 1.00000000 0.0000000e+0 0.0000000e+0
vn 1.00000000 0.0000000e+0 0.0000000e+0
vn 1.00000000 0.0000000e+0 0.0000000e+0
vn 1.00000000 0.0000000e+0 0.0000000e+0
vn 1.00000000 0.0000000e+0 0.0000000e+0
vn 1.00000000 0.0000000e+0 0.0000000e+0
vn 1.00000000 0.0000000e+0 0.0000000e+0
vn 1.00000000 0.0000000e+0 0.0000000e+0
vn 1.00000000 0.0000000e+0 0.0000000e+0
vn 1.00000000 0.0000000e+0 0.0000000e+0
vn 1.00000000 0.0000000e+0 0.0000000e+0
vn 1.00000000 0.0000000e+0 0.0000000e+0
vn 1.00000000 0.0000000e+0 0.0000000e+0
vn 1.00000000 0.0000000e+0 0.0000000e+0
vn 1.00000000 0.0000000e+0 0.0000000e+0
vn 1.00000000 0.0000000e+0 0.0000000e+0
vn 1.00000000 0.0000000e+0 0.0000000e+0
vn 1.00000000 0.0000000e+0 0.0000000e+0
vn 1.00000000 0.0000000e+0 0.0000000e+0
vn 1.00000000 0.0000000e+0 0.0000000e+0
vn 1.00000000 0.0000000e+0 0.0000000e+0
vn 1.00000000 0.0000000e+0 0.0000000e+0
vn 1.00000000 0.0000000e+0 0.0000000e+0
vn 1.00000000 0.0000000e+0 0.0000000e+0
vn 1.00000000 0.0000000e+0 0.0000000e+0
vn 1.00000000 0.0000000e+0 0.0000000e+0
vn 1.00000000 0.0000000e+0 0.0000000e+0
vn 1.00000000 0.0000000e+0 0.0000000e+0
vn 1.00000000 0.0000000e+0 0.0000000e+0
vn 1.00000000 0.0000000e+0 0.0000000e+0
vn 1.00000000 0.0000000e+0 0.0000000e+0
vn 1.00000000 0.0000000e+0 0.0000000e+0
vn 1.00000000 0.0000000e+0 0.0000000e+0
vn 1.00000000 0.0000000e+0 0.0000000e+0
vn 1.00000000 0.0000000e+0 0.0000000e+0
vn 1.00000000 0.0000000e+0 0.0000000e+0
vn 1.00000000 0.0000000e+0 0.0000000e+0
vn 1.00000000 0.0000000e+0 0.0000000e+0
vn 1.00000000 0.0000000e+0 0.0000000e+0
vn 1.00000000 0.0000000e+0 0.0000000e+0
vn 1.00000000 0.0000000e+0 0.0000000e+0
vn 1.00000000 0.0000000e+0 0.0000000e+0
vn 1.00000000 0.0000000e+0 0.0000000e+0
vn 1.00000000 0.0000000e+0 0.0000000e+0
vn 1.00000000 0.0000000e+0 0.0000000e+0
vn 1.00000000 0.0000000e+0 0.0000000e+0
vn 1.00000000 0.0000000e+0 0.0000000e+0
vn 1.00000000 0.0000000e+0 0.0000000e+0
vn 1.00000000 0.0000000e+0 0.0000000e+0
vn 1.00000000 0.0000000e+0 0.0000000e+0
vn 1.00000000 0.0000000e+0 0.0000000e+0
vn 1.00000000 0.0000000e+0 0.0000000e+0
vn 1.00000000 0.0000000e+0 0.0000000e+0
vn 1.00000000 0.0000000e+0 0.0000000e+0
vn 1.00000000 0.0000000e+0 0.0000000e+0
vn 1.00000000 0.0000000e+0 0.0000000e+0
vn 1.00000000 0.0000000e+0 0.0000000e+0
vn 1.00000000 0.0000000e+0 0.0000000e+0
vn 1.00000000 0.0000000e+0 0.0000000e+0
vn 1.00000000 0.0000000e+0 0.0000000e+0
vn 1.00000000 0.0000000e+0 0.0000000e+0
vn 1.00000000 0.0000000e+0 0.0000000e+0
vn 1.00000000 0.0000000e+0 0.0000000e+0
vn 1.00000000 0.0000000e+0 0.0000000e+0
vn 1.00000000 0.0000000e+0 0.0000000e+0
vn 1.00000000 0.0000000e+0 0.0000000e+0
vn 1.00000000 0.0000000e+0 0.0000000e+0
vn 1.00000000 0.0000000e+0 0.0000000e+0
vn 1.00000000 0.0000000e+0 0.0000000e+0
vn 1.00000000 0.0000000e+0 0.0000000e+0
vn 1.00000000 0.0000000e+0 0.0000000e+0
vn 1.00000000 0.0000000e+0 0.0000000e+0
vn 1.00000000 0.0000000e+0 0.0000000e+0
vn 1.00000000 0.0000000e+0 0.0000000e+0
vn 1.00000000 0.0000000e+0 0.0000000e+0
vn 1.00000000 0.0000000e+0 0.0000000e+0
vn 1.00000000 0.0000000e+0 0.0000000e+0
vn 1.00000000 0.0000000e+0 0.0000000e+0
vn 1.00000000 0.0000000e+0 0.0000000e+0
vn 1.00000000 0.0000000e+0 0.0000000e+0
vn 1.00000000 0.0000000e+0 0.0000000e+0
vn 1.00000000 0.0000000e+0 0.0000000e+0
vn 1.00000000 0.0000000e+0 0.0000000e+0
vn 1.00000000 0.0000000e+0 0.0000000e+0
vn 1.00000000 0.0000000e+0 0.0000000e+0
vn 1.00000000 0.0000000e+0 0.0000000e+0
vn 1.00000000 0.0000000e+0 0.0000000e+0
vn 1.00000000 0.0000000e+0 0.0000000e+0
vn 1.00000000 0.0000000e+0 0.0000000e+0
vn 1.00000000 0.0000000e+0 0.0000000e+0
vn 1.00000000 0.0000000e+0 0.0000000e+0
vn 1.00000000 0.0000000e+0 0.0000000e+0
vn 1.00000000 0.0000000e+0 0.0000000e+0
vn 1.00000000 0.0000000e+0 0.0000000e+0
vn 1.00000000 0.0000000e+0 0.0000000e+0
vn 1.00000000 0.0000000e+0 0.0000000e+0
vn 1.00000000 0.0000000e+0 0.0000000e+0
vn 1.00000000 0.0000000e+0 0.0000000e+0
vn 1.00000000 0.0000000e+0 0.0000000e+0
vn 1.00000000 0.0000000e+0 0.0000000e+0
vn 1.00000000 0.0000000e+0 0.0000000e+0
vn 1.00000000 0.0000000e+0 0.0000000e+0
vn 1.00000000 0.0000000e+0 0.0000000e+0
vn 1.00000000 0.0000000e+0 0.0000000e+0
vn 1.00000000 0.0000000e+0 0.0000000e+0
vn 1.00000000 0.0000000e+0 0.0000000e+0
vn 1.00000000 0.0000000e+0 0.0000000e+0
vn 1.00000000 0.0000000e+0 0.0000000e+0
vn 1.00000000 0.0000000e+0 0.0000000e+0
vn 1.00000000 0.0000000e+0 0.0000000e+0
vn 1.00000000 0.0000000e+0 0.0000000e+0
vn 1.00000000 0.0000000e+0 0.0000000e+0
vn 1.00000000 0.0000000e+0 0.0000000e+0
vn 1.00000000 0.0000000e+0 0.0000000e+0
vn 1.00000000 0.0000000e+0 0.0000000e+0
vn 1.00000000 0.0000000e+0 0.0000000e+0
vn 1.00000000 0.0000000e+0 0.0000000e+0
vn 1.00000000 0.0000000e+0 0.0000000e+0
vn 1.00000000 0.0000000e+0 0.0000000e+0
vn 1.00000000 0.0000000e+0 0.0000000e+0
vn 1.00000000 0.0000000e+0 0.0000000e+0
vn 1.00000000 0.0000000e+0 0.0000000e+0
vn 1.00000000 0.0000000e+0 0.0000000e+0
vn 1.00000000 0.0000000e+0 0.0000000e+0
vn 1.00000000 0.0000000e+0 0.0000000e+0
vn 1.00000000 0.0000000e+0 0.0000000e+0
vn 1.00000000 0.0000000e+0 0.0000000e+0
vn 1.00000000 0.0000000e+0 0.0000000e+0
vn 1.00000000 0.0000000e+0 0.0000000e+0
vn 1.00000000 0.0000000e+0 0.0000000e+0
vn 1.00000000 0.0000000e+0 0.0000000e+0
vn 1.00000000 0.0000000e+0 0.0000000e+0
vn 1.00000000 0.0000000e+0 0.0000000e+0
vn 1.00000000 0.0000000e+0 0.0000000e+0
vn 1.00000000 0.0000000e+0 0.0000000e+0
vn 1.00000000 0.0000000e+0 0.0000000e+0
vn 1.00000000 0.0000000e+0 0.0000000e+0
vn 1.00000000 0.0000000e+0 0.0000000e+0
vn 1.00000000 0.0000000e+0 0.0000000e+0
vn 1.00000000 0.0000000e+0 0.0000000e+0
vn 1.00000000 0.0000000e+0 0.0000000e+0
vn 1.00000000 0.0000000e+0 0.0000000e+0
vn 1.00000000 0.0000000e+0 0.0000000e+0
vn 1.00000000 0.0000000e+0 0.0000000e+0
vn 1.00000000 0.0000000e+0 0.0000000e+0
vn 1.00000000 0.0000000e+0 0.0000000e+0
vn 1.00000000 0.0000000e+0 0.0000000e+0
vn 1.00000000 0.0000000e+0 0.0000000e+0
vn 1.00000000 0.0000000e+0 0.0000000e+0
vn 1.00000000 0.0000000e+0 0.0000000e+0
vn 1.00000000 0.0000000e+0 0.0000000e+0
vn 1.00000000 0.0000000e+0 0.0000000e+0
vn 1.00000000 0.0000000e+0 0.0000000e+0
vn 1.00000000 0.0000000e+0 0.0000000e+0
vn 1.00000000 0.0000000e+0 0.0000000e+0
vn 1.00000000 0.0000000e+0 0.0000000e+0
vn 1.00000000 0.0000000e+0 0.0000000e+0
vn 1.00000000 0.0000000e+0 0.0000000e+0
vn 1.00000000 0.0000000e+0 0.0000000e+0
vn 1.00000000 0.0000000e+0 0.0000000e+0
vn 1.00000000 0.0000000e+0 0.0000000e+0
vn 1.00000000 0.0000000e+0 0.0000000e+0
vn 1.00000000 0.0000000e+0 0.0000000e+0
vn 1.00000000 0.0000000e+0 0.0000000e+0
vn 1.00000000 0.0000000e+0 0.0000000e+0
vn 1.00000000 0.0000000e+0 0.0000000e+0
vn 1.00000000 0.0000000e+0 0.0000000e+0
vn 1.00000000 0.0000000e+0 0.0000000e+0
vn 1.00000000 0.0000000e+0 0.0000000e+0
vn 1.00000000 0.0000000e+0 0.0000000e+0
vn 1.00000000 0.0000000e+0 0.0000000e+0
vn 1.00000000 0.0000000e+0 0.0000000e+0
vn 1.00000000 0.0000000e+0 0.0000000e+0
vn 1.00000000 0.0000000e+0 0.0000000e+0
vn 1.00000000 0.0000000e+0 0.0000000e+0
vn 1.00000000 0.0000000e+0 0.0000000e+0
vn 1.00000000 0.0000000e+0 0.0000000e+0
vn 1.00000000 0.0000000e+0 0.0000000e+0
vn 1.00000000 0.0000000e+0 0.0000000e+0
vn 1.00000000 0.0000000e+0 0.0000000e+0
vn 1.00000000 0.0000000e+0 0.0000000e+0
vn 1.00000000 0.0000000e+0 0.0000000e+0
vn 1.00000000 0.0000000e+0 0.0000000e+0
vn 1.00000000 0.0000000e+0 0.0000000e+0
vn 1.00000000 0.0000000e+0 0.0000000e+0
vn 1.00000000 0.0000000e+0 0.0000000e+0
vn 1.00000000 0.0000000e+0 0.0000000e+0
vn 1.00000000 0.0000000e+0 0.0000000e+0
vn 1.00000000 0.0000000e+0 0.0000000e+0
vn 1.00000000 0.0000000e+0 0.0000000e+0
vn 1.00000000 0.0000000e+0 0.0000000e+0
vn 1.00000000 0.0000000e+0 0.0000000e+0
vn 1.00000000 0.0000000e+0 0.0000000e+0
vn 1.00000000 0.0000000e+0 0.0000000e+0
vn 1.00000000 0.0000000e+0 0.0000000e+0
vn 1.00000000 0.0000000e+0 0.0000000e+0
vn 1.00000000 0.0000000e+0 0.0000000e+0
vn 1.00000000 0.0000000e+0 0.0000000e+0
vn 1.00000000 0.0000000e+0 0.0000000e+0
vn 1.00000000 0.0000000e+0 0.0000000e+0
vn 1.00000000 0.0000000e+0 0.0000000e+0
vn 1.00000000 0.0000000e+0 0.0000000e+0
vn 1.00000000 0.0000000e+0 0.0000000e+0
vn 1.00000000 0.0000000e+0 0.0000000e+0
vn 1.00000000 0.0000000e+0 0.0000000e+0
vn 1.00000000 0.0000000e+0 0.0000000e+0
vn 1.00000000 0.0000000e+0 0.0000000e+0
vn 1.00000000 0.0000000e+0 0.0000000e+0
vn 1.00000000 0.0000000e+0 0.0000000e+0
vn 1.00000000 0.0000000e+0 0.0000000e+0
vn 1.00000000 0.0000000e+0 0.0000000e+0
vn 1.00000000 0.0000000e+0 0.0000000e+0
vn 1.00000000 0.0000000e+0 0.0000000e+0
vn 1.00000000 0.0000000e+0 0.0000000e+0
vn 1.00000000 0.0000000e+0 0.0000000e+0
vn 1.00000000 0.0000000e+0 0.0000000e+0
vn 1.00000000 0.0000000e+0 0.0000000e+0
vn 1.00000000 0.0000000e+0 0.0000000e+0
vn 1.00000000 0.0000000e+0 0.0000000e+0
vn 1.00000000 0.0000000e+0 0.0000000e+0
vn 1.00000000 0.0000000e+0 0.0000000e+0
vn 1.00000000 0.0000000e+0 0.0000000e+0
vn 1.00000000 0.0000000e+0 0.0000000e+0
vn 1.00000000 0.0000000e+0 0.0000000e+0
vn 1.00000000 0.0000000e+0 0.0000000e+0
vn 1.00000000 0.0000000e+0 0.0000000e+0
vn 1.00000000 0.0000000e+0 0.0000000e+0
vn 1.00000000 0.0000000e+0 0.0000000e+0
vn 1.00000000 0.0000000e+0 0.0000000e+0
vn 1.00000000 0.0000000e+0 0.0000000e+0
vn 1.00000000 0.0000000e+0 0.0000000e+0
vn 1.00000000 0.0000000e+0 0.0000000e+0
vn 1.00000000 0.0000000e+0 0.0000000e+0
vn 1.00000000 0.0000000e+0 0.0000000e+0
vn 1.00000000 0.0000000e+0 0.0000000e+0
vn 1.00000000 0.0000000e+0 0.0000000e+0
vn 1.00000000 0.0000000e+0 0.0000000e+0
vn 1.00000000 0.0000000e+0 0.0000000e+0
vn 1.00000000 0.0000000e+0 0.0000000e+0
vn 1.00000000 0.0000000e+0 0.0000000e+0
vn 1.00000000 0.0000000e+0 0.0000000e+0
vn 1.00000000 0.0000000e+0 0.0000000e+0
vn 1.00000000 0.0000000e+0 0.0000000e+0
vn 1.00000000 0.0000000e+0 0.0000000e+0
vn 1.00000000 0.0000000e+0 0.0000000e+0
vn 1.00000000 0.0000000e+0 0.0000000e+0
vn 1.00000000 0.0000000e+0 0.0000000e+0
vn 1.00000000 0.0000000e+0 0.0000000e+0
vn 1.00000000 0.0000000e+0 0.0000000e+0
vn 1.00000000 0.0000000e+0 0.0000000e+0
vn 1.00000000 0.0000000e+0 0.0000000e+0
vn 1.00000000 0.0000000e+0 0.0000000e+0
vn 1.00000000 0.0000000e+0 0.0000000e+0
vn 1.00000000 0.0000000e+0 0.0000000e+0
vn 1.00000000 0.0000000e+0 0.0000000e+0
vn 1.00000000 0.0000000e+0 0.0000000e+0
vn 1.00000000 0.0000000e+0 0.0000000e+0
vn 1.00000000 0.0000000e+0 0.0000000e+0
vn 1.00000000 0.0000000e+0 0.0000000e+0
vn 1.00000000 0.0000000e+0 0.0000000e+0
vn 1.00000000 0.0000000e+0 0.0000000e+0
vn 1.00000000 0.0000000e+0 0.0000000e+0
vn 1.00000000 0.0000000e+0 0.0000000e+0
vn 1.00000000 0.0000000e+0 0.0000000e+0
vn 1.00000000 0.0000000e+0 0.0000000e+0
vn 1.00000000 0.0000000e+0 0.0000000e+0
vn 1.00000000 0.0000000e+0 0.0000000e+0
vn 1.00000000 0.0000000e+0 0.0000000e+0
vn 1.00000000 0.0000000e+0 0.0000000e+0
vn 1.00000000 0.0000000e+0 0.0000000e+0
vn 1.00000000 0.0000000e+0 0.0000000e+0
vn 1.00000000 0.0000000e+0 0.0000000e+0
vn 1.00000000 0.0000000e+0 0.0000000e+0
vn 1.00000000 0.0000000e+0 0.0000000e+0
vn 1.00000000 0.0000000e+0 0.0000000e+0
vn 1.00000000 0.0000000e+0 0.0000000e+0
vn 1.00000000 0.0000000e+0 0.0000000e+0
vn 1.00000000 0.0000000e+0 0.0000000e+0
vn 1.00000000 0.0000000e+0 0.0000000e+0
vn 1.00000000 0.0000000e+0 0.0000000e+0
vn 1.00000000 0.0000000e+0 0.0000000e+0
vn 1.00000000 0.0000000e+0 0.0000000e+0
vn 1.00000000 0.0000000e+0 0.0000000e+0
vn 1.00000000 0.0000000e+0 0.0000000e+0
vn 1.00000000 0.0000000e+0 0.0000000e+0
vn 1.00000000 0.0000000e+0 0.0000000e+0
vn 1.00000000 0.0000000e+0 0.0000000e+0
vn 1.00000000 0.0000000e+0 0.0000000e+0
vn 1.00000000 0.0000000e+0 0.0000000e+0
vn 1.00000000 0.0000000e+0 0.0000000e+0
vn 1.00000000 0.0000000e+0 0.0000000e+0
vn 1.00000000 0.0000000e+0 0.0000000e+0
vn 1.00000000 0.0000000e+0 0.0000000e+0
vn 1.00000000 0.0000000e+0 0.0000000e+0
vn 1.00000000 0.0000000e+0 0.0000000e+0
vn 1.00000000 0.0000000e+0 0.0000000e+0
vn 1.00000000 0.0000000e+0 0.0000000e+0
vn 1.00000000 0.0000000e+0 0.0000000e+0
vn 1.00000000 0.0000000e+0 0.0000000e+0
vn 1.00000000 0.0000000e+0 0.0000000e+0
vn 1.00000000 0.0000000e+0 0.0000000e+0
vn 1.00000000 0.0000000e+0 0.0000000e+0
vn 1.00000000 0.0000000e+0 0.0000000e+0
vn 1.00000000 0.0000000e+0 0.0000000e+0
vn 1.00000000 0.0000000e+0 0.0000000e+0
vn 1.00000000 0.0000000e+0 0.0000000e+0
vn 1.00000000 0.0000000e+0 0.0000000e+0
vn 1.00000000 0.0000000e+0 0.0000000e+0
vn 1.00000000 0.0000000e+0 0.0000000e+0
vn 1.00000000 0.0000000e+0 0.0000000e+0
vn 1.00000000 0.0000000e+0 0.0000000e+0
vn 1.00000000 0.0000000e+0 0.0000000e+0
vn 1.00000000 0.0000000e+0 0.0000000e+0
vn 1.00000000 0.0000000e+0 0.0000000e+0
vn 1.00000000 0.0000000e+0 0.0000000e+0
vn 1.00000000 0.0000000e+0 0.0000000e+0
vn 1.00000000 0.0000000e+0 0.0000000e+0
vn 1.00000000 0.0000000e+0 0.0000000e+0
vn 1.00000000 0.0000000e+0 0.0000000e+0
vn 1.00000000 0.0000000e+0 0.0000000e+0
vn 1.00000000 0.0000000e+0 0.0000000e+0
vn 1.00000000 0.0000000e+0 0.0000000e+0
vn 1.00000000 0.0000000e+0 0.0000000e+0
vn 1.00000000 0.0000000e+0 0.0000000e+0
vn 1.00000000 0.0000000e+0 0.0000000e+0
vn 1.00000000 0.0000000e+0 0.0000000e+0
vn 1.00000000 0.0000000e+0 0.0000000e+0
vn 1.00000000 0.0000000e+0 0.0000000e+0
vn 1.00000000 0.0000000e+0 0.0000000e+0
vn 1.00000000 0.0000000e+0 0.0000000e+0
vn 1.00000000 0.0000000e+0 0.0000000e+0
vn 1.00000000 0.0000000e+0 0.0000000e+0
vn 1.00000000 0.0000000e+0 0.0000000e+0
vn 1.00000000 0.0000000e+0 0.0000000e+0
vn 1.00000000 0.0000000e+0 0.0000000e+0
vn 1.00000000 0.0000000e+0 0.0000000e+0
vn 1.00000000 0.0000000e+0 0.0000000e+0
vn 1.00000000 0.0000000e+0 0.0000000e+0
vn 1.00000000 0.0000000e+0 0.0000000e+0
vn 1.00000000 0.0000000e+0 0.0000000e+0
vn 1.00000000 0.0000000e+0 0.0000000e+0
vn 1.00000000 0.0000000e+0 0.0000000e+0
vn 1.00000000 0.0000000e+0 0.0000000e+0
vn 1.00000000 0.0000000e+0 0.0000000e+0
vn 1.00000000 0.0000000e+0 0.0000000e+0
vn 1.00000000 0.0000000e+0 0.0000000e+0
vn 1.00000000 0.0000000e+0 0.0000000e+0
vn 1.00000000 0.0000000e+0 0.0000000e+0
vn 1.00000000 0.0000000e+0 0.0000000e+0
vn 1.00000000 0.0000000e+0 0.0000000e+0
vn 1.00000000 0.0000000e+0 0.0000000e+0
vn 1.00000000 0.0000000e+0 0.0000000e+0
vn 1.00000000 0.0000000e+0 0.0000000e+0
vn 1.00000000 0.0000000e+0 0.0000000e+0
vn 1.00000000 0.0000000e+0 0.0000000e+0
vn 1.00000000 0.0000000e+0 0.0000000e+0
vn 1.00000000 0.0000000e+0 0.0000000e+0
vn 1.00000000 0.0000000e+0 0.0000000e+0
vn 1.00000000 0.0000000e+0 0.0000000e+0
vn 1.00000000 0.0000000e+0 0.0000000e+0
vn 1.00000000 0.0000000e+0 0.0000000e+0
vn 1.00000000 0.0000000e+0 0.0000000e+0
vn 1.00000000 0.0000000e+0 0.0000000e+0
vn 1.00000000 0.0000000e+0 0.0000000e+0
vn 1.00000000 0.0000000e+0 0.0000000e+0
vn 1.00000000 0.0000000e+0 0.0000000e+0
vn 1.00000000 0.0000000e+0 0.0000000e+0
vn 1.00000000 0.0000000e+0 0.0000000e+0
vn 1.00000000 0.0000000e+0 0.0000000e+0
vn 1.00000000 0.0000000e+0 0.0000000e+0
vn 1.00000000 0.0000000e+0 0.0000000e+0
vn 1.00000000 0.0000000e+0 0.0000000e+0
vn 1.00000000 0.0000000e+0 0.0000000e+0
vn 1.00000000 0.0000000e+0 0.0000000e+0
vn 1.00000000 0.0000000e+0 0.0000000e+0
vn 1.00000000 0.0000000e+0 0.0000000e+0
vn 1.00000000 0.0000000e+0 0.0000000e+0
vn 1.00000000 0.0000000e+0 0.0000000e+0
vn 1.00000000 0.0000000e+0 0.0000000e+0
vn 1.00000000 0.0000000e+0 0.0000000e+0
vn 1.00000000 0.0000000e+0 0.0000000e+0
vn 1.00000000 0.0000000e+0 0.0000000e+0
vn 1.00000000 0.0000000e+0 0.0000000e+0
vn 1.00000000 0.0000000e+0 0.0000000e+0
vn 1.00000000 0.0000000e+0 0.0000000e+0
vn 1.00000000 0.0000000e+0 0.0000000e+0
vn 1.00000000 0.0000000e+0 0.0000000e+0
vn 1.00000000 0.0000000e+0 0.0000000e+0
vn 1.00000000 0.0000000e+0 0.0000000e+0
vn 1.00000000 0.0000000e+0 0.0000000e+0
vn 1.00000000 0.0000000e+0 0.0000000e+0
vn 1.00000000 0.0000000e+0 0.0000000e+0
vn 1.00000000 0.0000000e+0 0.0000000e+0
vn 1.00000000 0.0000000e+0 0.0000000e+0
vn 1.00000000 0.0000000e+0 0.0000000e+0
vn 1.00000000 0.0000000e+0 0.0000000e+0
vn 1.00000000 0.0000000e+0 0.0000000e+0
vn 1.00000000 0.0000000e+0 0.0000000e+0
vn 1.00000000 0.0000000e+0 0.0000000e+0
vn 1.00000000 0.0000000e+0 0.0000000e+0
vn 1.00000000 0.0000000e+0 0.0000000e+0
vn 1.00000000 0.0000000e+0 0.0000000e+0
vn 1.00000000 0.0000000e+0 0.0000000e+0
vn 1.00000000 0.0000000e+0 0.0000000e+0
vn 1.00000000 0.0000000e+0 0.0000000e+0
vn 1.00000000 0.0000000e+0 0.0000000e+0
vn 1.00000000 0.0000000e+0 0.0000000e+0
vn 1.00000000 0.0000000e+0 0.0000000e+0
vn 1.00000000 0.0000000e+0 0.0000000e+0
vn 1.00000000 0.0000000e+0 0.0000000e+0
vn 1.00000000 0.0000000e+0 0.0000000e+0
vn 1.00000000 0.0000000e+0 0.0000000e+0
vn 1.00000000 0.0000000e+0 0.0000000e+0
vn 1.00000000 0.0000000e+0 0.0000000e+0
vn 1.00000000 0.0000000e+0 0.0000000e+0
vn 1.00000000 0.0000000e+0 0.0000000e+0
vn 1.00000000 0.0000000e+0 0.0000000e+0
vn 1.00000000 0.0000000e+0 0.0000000e+0
vn 1.00000000 0.0000000e+0 0.0000000e+0
vn 1.00000000 0.0000000e+0 0.0000000e+0
vn 1.00000000 0.0000000e+0 0.0000000e+0
vn 1.00000000 0.0000000e+0 0.0000000e+0
vn 1.00000000 0.0000000e+0 0.0000000e+0
vn 1.00000000 0.0000000e+0 0.0000000e+0
vn 1.00000000 0.0000000e+0 0.0000000e+0
vn 1.00000000 0.0000000e+0 0.0000000e+0
vn 1.00000000 0.0000000e+0 0.0000000e+0
vn 1.00000000 0.0000000e+0 0.0000000e+0
vn 1.00000000 0.0000000e+0 0.0000000e+0
vn 1.00000000 0.0000000e+0 0.0000000e+0
vn 1.00000000 0.0000000e+0 0.0000000e+0
vn 1.00000000 0.0000000e+0 0.0000000e+0
vn 1.00000000 0.0000000e+0 0.0000000e+0
vn 1.00000000 0.0000000e+0 0.0000000e+0
vn 1.00000000 0.0000000e+0 0.0000000e+0
vn 1.00000000 0.0000000e+0 0.0000000e+0
vn 1.00000000 0.0000000e+0 0.0000000e+0
vn 1.00000000 0.0000000e+0 0.0000000e+0
vn 1.00000000 0.0000000e+0 0.0000000e+0
vn 1.00000000 0.0000000e+0 0.0000000e+0
vn 1.00000000 0.0000000e+0 0.0000000e+0
vn 1.00000000 0.0000000e+0 0.0000000e+0
vn 1.00000000 0.0000000e+0 0.0000000e+0
vn 1.00000000 0.0000000e+0 0.0000000e+0
vn 1.00000000 0.0000000e+0 0.0000000e+0
vn 1.00000000 0.0000000e+0 0.0000000e+0
vn 1.00000000 0.0000000e+0 0.0000000e+0
vn 1.00000000 0.0000000e+0 0.0000000e+0
vn 1.00000000 0.0000000e+0 0.0000000e+0
vn 1.00000000 0.0000000e+0 0.0000000e+0
vn 1.00000000 0.0000000e+0 0.0000000e+0
vn 1.00000000 0.0000000e+0 0.0000000e+0
vn 1.00000000 0.0000000e+0 0.0000000e+0
vn 1.00000000 0.0000000e+0 0.0000000e+0
vn 1.00000000 0.0000000e+0 0.0000000e+0
vn 1.00000000 0.0000000e+0 0.0000000e+0
vn 1.00000000 0.0000000e+0 0.0000000e+0
vn 1.00000000 0.0000000e+0 0.0000000e+0
vn 1.00000000 0.0000000e+0 0.0000000e+0
vn 1.00000000 0.0000000e+0 0.0000000e+0
vn 1.00000000 0.0000000e+0 0.0000000e+0
vn 1.00000000 0.0000000e+0 0.0000000e+0
vn 1.00000000 0.0000000e+0 0.0000000e+0
vn 1.00000000 0.0000000e+0 0.0000000e+0
vn 1.00000000 0.0000000e+0 0.0000000e+0
vn 1.00000000 0.0000000e+0 0.0000000e+0
vn 1.00000000 0.0000000e+0 0.0000000e+0
vn 1.00000000 0.0000000e+0 0.0000000e+0
vn 1.00000000 0.0000000e+0 0.0000000e+0
vn 1.00000000 0.0000000e+0 0.0000000e+0
vn 1.00000000 0.0000000e+0 0.0000000e+0
vn 1.00000000 0.0000000e+0 0.0000000e+0
vn 1.00000000 0.0000000e+0 0.0000000e+0
vn 1.00000000 0.0000000e+0 0.0000000e+0
vn 1.00000000 0.0000000e+0 0.0000000e+0
vn 1.00000000 0.0000000e+0 0.0000000e+0
vn 1.00000000 0.0000000e+0 0.0000000e+0
vn 1.00000000 0.0000000e+0 0.0000000e+0
vn 1.00000000 0.0000000e+0 0.0000000e+0
vn 1.00000000 0.0000000e+0 0.0000000e+0
vn 1.00000000 0.0000000e+0 0.0000000e+0
vn 1.00000000 0.0000000e+0 0.0000000e+0
vn 1.00000000 0.0000000e+0 0.0000000e+0
vn 1.00000000 0.0000000e+0 0.0000000e+0
vn 1.00000000 0.0000000e+0 0.0000000e+0
vn 1.00000000 0.0000000e+0 0.0000000e+0
vn 1.00000000 0.0000000e+0 0.0000000e+0
vn 1.00000000 0.0000000e+0 0.0000000e+0
vn 1.00000000 0.0000000e+0 0.0000000e+0
vn 1.00000000 0.0000000e+0 0.0000000e+0
vn 1.00000000 0.0000000e+0 0.0000000e+0
vn 1.00000000 0.0000000e+0 0.0000000e+0
vn 1.00000000 0.0000000e+0 0.0000000e+0
vn 1.00000000 0.0000000e+0 0.0000000e+0
vn 1.00000000 0.0000000e+0 0.0000000e+0
vn 1.00000000 0.0000000e+0 0.0000000e+0
vn 1.00000000 0.0000000e+0 0.0000000e+0
vn 1.00000000 0.0000000e+0 0.0000000e+0
vn 1.00000000 0.0000000e+0 0.0000000e+0
vn 1.00000000 0.0000000e+0 0.0000000e+0
vn 1.00000000 0.0000000e+0 0.0000000e+0
vn 1.00000000 0.0000000e+0 0.0000000e+0
vn 1.00000000 0.0000000e+0 0.0000000e+0
vn 1.00000000 0.0000000e+0 0.0000000e+0
vn 1.00000000 0.0000000e+0 0.0000000e+0
vn 1.00000000 0.0000000e+0 0.0000000e+0
vn 1.00000000 0.0000000e+0 0.0000000e+0
vn 1.00000000 0.0000000e+0 0.0000000e+0
vn 1.00000000 0.0000000e+0 0.0000000e+0
vn 1.00000000 0.0000000e+0 0.0000000e+0
vn 1.00000000 0.0000000e+0 0.0000000e+0
vn 1.00000000 0.0000000e+0 0.0000000e+0
vn 1.00000000 0.0000000e+0 0.0000000e+0
vn 1.00000000 0.0000000e+0 0.0000000e+0
vn 1.00000000 0.0000000e+0 0.0000000e+0
vn 1.00000000 0.0000000e+0 0.0000000e+0
vn 1.00000000 0.0000000e+0 0.0000000e+0
vn 1.00000000 0.0000000e+0 0.0000000e+0
vn 1.00000000 0.0000000e+0 0.0000000e+0
vn 1.00000000 0.0000000e+0 0.0000000e+0
vn 1.00000000 0.0000000e+0 0.0000000e+0
vn 1.00000000 0.0000000e+0 0.0000000e+0
vn 1.00000000 0.0000000e+0 0.0000000e+0
vn 1.00000000 0.0000000e+0 0.0000000e+0
vn 1.00000000 0.0000000e+0 0.0000000e+0
vn 1.00000000 0.0000000e+0 0.0000000e+0
vn 1.00000000 0.0000000e+0 0.0000000e+0
vn 1.00000000 0.0000000e+0 0.0000000e+0
vn 1.00000000 0.0000000e+0 0.0000000e+0
vn 1.00000000 0.0000000e+0 0.0000000e+0
vn 1.00000000 0.0000000e+0 0.0000000e+0
vn 1.00000000 0.0000000e+0 0.0000000e+0
vn 1.00000000 0.0000000e+0 0.0000000e+0
vn 1.00000000 0.0000000e+0 0.0000000e+0
vn 1.00000000 0.0000000e+0 0.0000000e+0
vn 1.00000000 0.0000000e+0 0.0000000e+0
vn 1.00000000 0.0000000e+0 0.0000000e+0
vn 1.00000000 0.0000000e+0 0.0000000e+0
vn 1.00000000 0.0000000e+0 0.0000000e+0
vn 1.00000000 0.0000000e+0 0.0000000e+0
vn 1.00000000 0.0000000e+0 0.0000000e+0
vn 1.00000000 0.0000000e+0 0.0000000e+0
vn 1.00000000 0.0000000e+0 0.0000000e+0
vn 1.00000000 0.0000000e+0 0.0000000e+0
vn 1.00000000 0.0000000e+0 0.0000000e+0
vn 1.00000000 0.0000000e+0 0.0000000e+0
vn 1.00000000 0.0000000e+0 0.0000000e+0
vn 1.00000000 0.0000000e+0 0.0000000e+0
vn 1.00000000 0.0000000e+0 0.0000000e+0
vn 1.00000000 0.0000000e+0 0.0000000e+0
vn 1.00000000 0.0000000e+0 0.0000000e+0
vn 1.00000000 0.0000000e+0 0.0000000e+0
vn 1.00000000 0.0000000e+0 0.0000000e+0
vn 1.00000000 0.0000000e+0 0.0000000e+0
vn 1.00000000 0.0000000e+0 0.0000000e+0
vn 1.00000000 0.0000000e+0 0.0000000e+0
vn 1.00000000 0.0000000e+0 0.0000000e+0
vn 1.00000000 0.0000000e+0 0.0000000e+0
vn 1.00000000 0.0000000e+0 0.0000000e+0
vn 1.00000000 0.0000000e+0 0.0000000e+0
vn 1.00000000 0.0000000e+0 0.0000000e+0
vn 1.00000000 0.0000000e+0 0.0000000e+0
vn 1.00000000 0.0000000e+0 0.0000000e+0
vn 1.00000000 0.0000000e+0 0.0000000e+0
vn 1.00000000 0.0000000e+0 0.0000000e+0
vn 1.00000000 0.0000000e+0 0.0000000e+0
vn 1.00000000 0.0000000e+0 0.0000000e+0
vn 1.00000000 0.0000000e+0 0.0000000e+0
vn 1.00000000 0.0000000e+0 0.0000000e+0
vn 1.00000000 0.0000000e+0 0.0000000e+0
vn 1.00000000 0.0000000e+0 0.0000000e+0
vn 1.00000000 0.0000000e+0 0.0000000e+0
vn 1.00000000 0.0000000e+0 0.0000000e+0
vn 1.00000000 0.0000000e+0 0.0000000e+0
vn 1.00000000 0.0000000e+0 0.0000000e+0
vn 1.00000000 0.0000000e+0 0.0000000e+0
vn 1.00000000 0.0000000e+0 0.0000000e+0
vn 1.00000000 0.0000000e+0 0.0000000e+0
vn 1.00000000 0.0000000e+0 0.0000000e+0
vn 1.00000000 0.0000000e+0 0.0000000e+0
vn 1.00000000 0.0000000e+0 0.0000000e+0
vn 1.00000000 0.0000000e+0 0.0000000e+0
vn 1.00000000 0.0000000e+0 0.0000000e+0
vn 1.00000000 0.0000000e+0 0.0000000e+0
vn 1.00000000 0.0000000e+0 0.0000000e+0
vn 1.00000000 0.0000000e+0 0.0000000e+0
vn 1.00000000 0.0000000e+0 0.0000000e+0
vn 1.00000000 0.0000000e+0 0.0000000e+0
vn 1.00000000 0.0000000e+0 0.0000000e+0
vn 1.00000000 0.0000000e+0 0.0000000e+0
vn 1.00000000 0.0000000e+0 0.0000000e+0
vn 1.00000000 0.0000000e+0 0.0000000e+0
vn 1.00000000 0.0000000e+0 0.0000000e+0
vn 1.00000000 0.0000000e+0 0.0000000e+0
vn 1.00000000 0.0000000e+0 0.0000000e+0
vn 1.00000000 0.0000000e+0 0.0000000e+0
vn 1.00000000 0.0000000e+0 0.0000000e+0
vn 1.00000000 0.0000000e+0 0.0000000e+0
vn 1.00000000 0.0000000e+0 0.0000000e+0
vn 1.00000000 0.0000000e+0 0.0000000e+0
vn 1.00000000 0.0000000e+0 0.0000000e+0
vn 1.00000000 0.0000000e+0 0.0000000e+0
vn 1.00000000 0.0000000e+0 0.0000000e+0
vn 1.00000000 0.0000000e+0 0.0000000e+0
vn 1.00000000 0.0000000e+0 0.0000000e+0
vn 1.00000000 0.0000000e+0 0.0000000e+0
vn 1.00000000 0.0000000e+0 0.0000000e+0
vn 1.00000000 0.0000000e+0 0.0000000e+0
vn 1.00000000 0.0000000e+0 0.0000000e+0
vn 1.00000000 0.0000000e+0 0.0000000e+0
vn 1.00000000 0.0000000e+0 0.0000000e+0
vn 1.00000000 0.0000000e+0 0.0000000e+0
vn -1.00000000 0.0000000e+0 0.0000000e+0
vn -1.00000000 0.0000000e+0 0.0000000e+0
vn -1.00000000 0.0000000e+0 0.0000000e+0
vn -1.00000000 0.0000000e+0 0.0000000e+0
vn -1.00000000 0.0000000e+0 0.0000000e+0
vn -1.00000000 0.0000000e+0 0.0000000e+0
vn -1.00000000 0.0000000e+0 0.0000000e+0
vn -1.00000000 0.0000000e+0 0.0000000e+0
vn -1.00000000 0.0000000e+0 0.0000000e+0
vn -1.00000000 0.0000000e+0 0.0000000e+0
vn -1.00000000 0.0000000e+0 0.0000000e+0
vn -1.00000000 0.0000000e+0 0.0000000e+0
vn -1.00000000 0.0000000e+0 0.0000000e+0
vn -1.00000000 0.0000000e+0 0.0000000e+0
vn -1.00000000 0.0000000e+0 0.0000000e+0
vn -1.00000000 0.0000000e+0 0.0000000e+0
vn -1.00000000 0.0000000e+0 0.0000000e+0
vn -1.00000000 0.0000000e+0 0.0000000e+0
vn -1.00000000 0.0000000e+0 0.0000000e+0
vn -1.00000000 0.0000000e+0 0.0000000e+0
vn -1.00000000 0.0000000e+0 0.0000000e+0
vn -1.00000000 0.0000000e+0 0.0000000e+0
vn -1.00000000 0.0000000e+0 0.0000000e+0
vn -1.00000000 0.0000000e+0 0.0000000e+0
vn -1.00000000 0.0000000e+0 0.0000000e+0
vn -1.00000000 0.0000000e+0 0.0000000e+0
vn -1.00000000 0.0000000e+0 0.0000000e+0
vn -1.00000000 0.0000000e+0 0.0000000e+0
vn -1.00000000 0.0000000e+0 0.0000000e+0
vn -1.00000000 0.0000000e+0 0.0000000e+0
vn -1.00000000 0.0000000e+0 0.0000000e+0
vn -1.00000000 0.0000000e+0 0.0000000e+0
vn -1.00000000 0.0000000e+0 0.0000000e+0
vn -1.00000000 0.0000000e+0 0.0000000e+0
vn -1.00000000 0.0000000e+0 0.0000000e+0
vn -1.00000000 0.0000000e+0 0.0000000e+0
vn -1.00000000 0.0000000e+0 0.0000000e+0
vn -1.00000000 0.0000000e+0 0.0000000e+0
vn -1.00000000 0.0000000e+0 0.0000000e+0
vn -1.00000000 0.0000000e+0 0.0000000e+0
vn -1.00000000 0.0000000e+0 0.0000000e+0
vn -1.00000000 0.0000000e+0 0.0000000e+0
vn -1.00000000 0.0000000e+0 0.0000000e+0
vn -1.00000000 0.0000000e+0 0.0000000e+0
vn -1.00000000 0.0000000e+0 0.0000000e+0
vn -1.00000000 0.0000000e+0 0.0000000e+0
vn -1.00000000 0.0000000e+0 0.0000000e+0
vn -1.00000000 0.0000000e+0 0.0000000e+0
vn -1.00000000 0.0000000e+0 0.0000000e+0
vn -1.00000000 0.0000000e+0 0.0000000e+0
vn -1.00000000 0.0000000e+0 0.0000000e+0
vn -1.00000000 0.0000000e+0 0.0000000e+0
vn -1.00000000 0.0000000e+0 0.0000000e+0
vn -1.00000000 0.0000000e+0 0.0000000e+0
vn -1.00000000 0.0000000e+0 0.0000000e+0
vn -1.00000000 0.0000000e+0 0.0000000e+0
vn -1.00000000 0.0000000e+0 0.0000000e+0
vn -1.00000000 0.0000000e+0 0.0000000e+0
vn -1.00000000 0.0000000e+0 0.0000000e+0
vn -1.00000000 0.0000000e+0 0.0000000e+0
vn -1.00000000 0.0000000e+0 0.0000000e+0
vn -1.00000000 0.0000000e+0 0.0000000e+0
vn -1.00000000 0.0000000e+0 0.0000000e+0
vn -1.00000000 0.0000000e+0 0.0000000e+0
vn -1.00000000 0.0000000e+0 0.0000000e+0
vn -1.00000000 0.0000000e+0 0.0000000e+0
vn -1.00000000 0.0000000e+0 0.0000000e+0
vn -1.00000000 0.0000000e+0 0.0000000e+0
vn -1.00000000 0.0000000e+0 0.0000000e+0
vn -1.00000000 0.0000000e+0 0.0000000e+0
vn -1.00000000 0.0000000e+0 0.0000000e+0
vn -1.00000000 0.0000000e+0 0.0000000e+0
vn -1.00000000 0.0000000e+0 0.0000000e+0
vn -1.00000000 0.0000000e+0 0.0000000e+0
vn -1.00000000 0.0000000e+0 0.0000000e+0
vn -1.00000000 0.0000000e+0 0.0000000e+0
vn -1.00000000 0.0000000e+0 0.0000000e+0
vn -1.00000000 0.0000000e+0 0.0000000e+0
vn -1.00000000 0.0000000e+0 0.0000000e+0
vn -1.00000000 0.0000000e+0 0.0000000e+0
vn -1.00000000 0.0000000e+0 0.0000000e+0
vn -1.00000000 0.0000000e+0 0.0000000e+0
vn -1.00000000 0.0000000e+0 0.0000000e+0
vn -1.00000000 0.0000000e+0 0.0000000e+0
vn -1.00000000 0.0000000e+0 0.0000000e+0
vn -1.00000000 0.0000000e+0 0.0000000e+0
vn -1.00000000 0.0000000e+0 0.0000000e+0
vn -1.00000000 0.0000000e+0 0.0000000e+0
vn -1.00000000 0.0000000e+0 0.0000000e+0
vn -1.00000000 0.0000000e+0 0.0000000e+0
vn -1.00000000 0.0000000e+0 0.0000000e+0
vn -1.00000000 0.0000000e+0 0.0000000e+0
vn -1.00000000 0.0000000e+0 0.0000000e+0
vn -1.00000000 0.0000000e+0 0.0000000e+0
vn -1.00000000 0.0000000e+0 0.0000000e+0
vn -1.00000000 0.0000000e+0 0.0000000e+0
vn -1.00000000 0.0000000e+0 0.0000000e+0
vn -1.00000000 0.0000000e+0 0.0000000e+0
vn -1.00000000 0.0000000e+0 0.0000000e+0
vn -1.00000000 0.0000000e+0 0.0000000e+0
vn -1.00000000 0.0000000e+0 0.0000000e+0
vn -1.00000000 0.0000000e+0 0.0000000e+0
vn -1.00000000 0.0000000e+0 0.0000000e+0
vn -1.00000000 0.0000000e+0 0.0000000e+0
vn -1.00000000 0.0000000e+0 0.0000000e+0
vn -1.00000000 0.0000000e+0 0.0000000e+0
vn -1.00000000 0.0000000e+0 0.0000000e+0
vn -1.00000000 0.0000000e+0 0.0000000e+0
vn -1.00000000 0.0000000e+0 0.0000000e+0
vn -1.00000000 0.0000000e+0 0.0000000e+0
vn -1.00000000 0.0000000e+0 0.0000000e+0
vn -1.00000000 0.0000000e+0 0.0000000e+0
vn -1.00000000 0.0000000e+0 0.0000000e+0
vn -1.00000000 0.0000000e+0 0.0000000e+0
vn -1.00000000 0.0000000e+0 0.0000000e+0
vn -1.00000000 0.0000000e+0 0.0000000e+0
vn -1.00000000 0.0000000e+0 0.0000000e+0
vn -1.00000000 0.0000000e+0 0.0000000e+0
vn -1.00000000 0.0000000e+0 0.0000000e+0
vn -1.00000000 0.0000000e+0 0.0000000e+0
vn -1.00000000 0.0000000e+0 0.0000000e+0
vn -1.00000000 0.0000000e+0 0.0000000e+0
vn -1.00000000 0.0000000e+0 0.0000000e+0
vn -1.00000000 0.0000000e+0 0.0000000e+0
vn -1.00000000 0.0000000e+0 0.0000000e+0
vn -1.00000000 0.0000000e+0 0.0000000e+0
vn -1.00000000 0.0000000e+0 0.0000000e+0
vn -1.00000000 0.0000000e+0 0.0000000e+0
vn -1.00000000 0.0000000e+0 0.0000000e+0
vn -1.00000000 0.0000000e+0 0.0000000e+0
vn -1.00000000 0.0000000e+0 0.0000000e+0
vn -1.00000000 0.0000000e+0 0.0000000e+0
vn -1.00000000 0.0000000e+0 0.0000000e+0
vn -1.00000000 0.0000000e+0 0.0000000e+0
vn -1.00000000 0.0000000e+0 0.0000000e+0
vn -1.00000000 0.0000000e+0 0.0000000e+0
vn -1.00000000 0.0000000e+0 0.0000000e+0
vn -1.00000000 0.0000000e+0 0.0000000e+0
vn -1.00000000 0.0000000e+0 0.0000000e+0
vn -1.00000000 0.0000000e+0 0.0000000e+0
vn -1.00000000 0.0000000e+0 0.0000000e+0
vn -1.00000000 0.0000000e+0 0.0000000e+0
vn -1.00000000 0.0000000e+0 0.0000000e+0
vn -1.00000000 0.0000000e+0 0.0000000e+0
vn -1.00000000 0.0000000e+0 0.0000000e+0
vn -1.00000000 0.0000000e+0 0.0000000e+0
vn -1.00000000 0.0000000e+0 0.0000000e+0
vn -1.00000000 0.0000000e+0 0.0000000e+0
vn -1.00000000 0.0000000e+0 0.0000000e+0
vn -1.00000000 0.0000000e+0 0.0000000e+0
vn -1.00000000 0.0000000e+0 0.0000000e+0
vn -1.00000000 0.0000000e+0 0.0000000e+0
vn -1.00000000 0.0000000e+0 0.0000000e+0
vn -1.00000000 0.0000000e+0 0.0000000e+0
vn -1.00000000 0.0000000e+0 0.0000000e+0
vn -1.00000000 0.0000000e+0 0.0000000e+0
vn -1.00000000 0.0000000e+0 0.0000000e+0
vn -1.00000000 0.0000000e+0 0.0000000e+0
vn -1.00000000 0.0000000e+0 0.0000000e+0
vn -1.00000000 0.0000000e+0 0.0000000e+0
vn -1.00000000 0.0000000e+0 0.0000000e+0
vn -1.00000000 0.0000000e+0 0.0000000e+0
vn -1.00000000 0.0000000e+0 0.0000000e+0
vn -1.00000000 0.0000000e+0 0.0000000e+0
vn -1.00000000 0.0000000e+0 0.0000000e+0
vn -1.00000000 0.0000000e+0 0.0000000e+0
vn -1.00000000 0.0000000e+0 0.0000000e+0
vn -1.00000000 0.0000000e+0 0.0000000e+0
vn -1.00000000 0.0000000e+0 0.0000000e+0
vn -1.00000000 0.0000000e+0 0.0000000e+0
vn -1.00000000 0.0000000e+0 0.0000000e+0
vn -1.00000000 0.0000000e+0 0.0000000e+0
vn -1.00000000 0.0000000e+0 0.0000000e+0
vn -1.00000000 0.0000000e+0 0.0000000e+0
vn -1.00000000 0.0000000e+0 0.0000000e+0
vn -1.00000000 0.0000000e+0 0.0000000e+0
vn -1.00000000 0.0000000e+0 0.0000000e+0
vn -1.00000000 0.0000000e+0 0.0000000e+0
vn -1.00000000 0.0000000e+0 0.0000000e+0
vn -1.00000000 0.0000000e+0 0.0000000e+0
vn -1.00000000 0.0000000e+0 0.0000000e+0
vn -1.00000000 0.0000000e+0 0.0000000e+0
vn -1.00000000 0.0000000e+0 0.0000000e+0
vn -1.00000000 0.0000000e+0 0.0000000e+0
vn -1.00000000 0.0000000e+0 0.0000000e+0
vn -1.00000000 0.0000000e+0 0.0000000e+0
vn -1.00000000 0.0000000e+0 0.0000000e+0
vn -1.00000000 0.0000000e+0 0.0000000e+0
vn -1.00000000 0.0000000e+0 0.0000000e+0
vn -1.00000000 0.0000000e+0 0.0000000e+0
vn -1.00000000 0.0000000e+0 0.0000000e+0
vn -1.00000000 0.0000000e+0 0.0000000e+0
vn -1.00000000 0.0000000e+0 0.0000000e+0
vn -1.00000000 0.0000000e+0 0.0000000e+0
vn -1.00000000 0.0000000e+0 0.0000000e+0
vn -1.00000000 0.0000000e+0 0.0000000e+0
vn -1.00000000 0.0000000e+0 0.0000000e+0
vn -1.00000000 0.0000000e+0 0.0000000e+0
vn -1.00000000 0.0000000e+0 0.0000000e+0
vn -1.00000000 0.0000000e+0 0.0000000e+0
vn -1.00000000 0.0000000e+0 0.0000000e+0
vn -1.00000000 0.0000000e+0 0.0000000e+0
vn -1.00000000 0.0000000e+0 0.0000000e+0
vn -1.00000000 0.0000000e+0 0.0000000e+0
vn -1.00000000 0.0000000e+0 0.0000000e+0
vn -1.00000000 0.0000000e+0 0.0000000e+0
vn -1.00000000 0.0000000e+0 0.0000000e+0
vn -1.00000000 0.0000000e+0 0.0000000e+0
vn -1.00000000 0.0000000e+0 0.0000000e+0
vn -1.00000000 0.0000000e+0 0.0000000e+0
vn -1.00000000 0.0000000e+0 0.0000000e+0
vn -1.00000000 0.0000000e+0 0.0000000e+0
vn -1.00000000 0.0000000e+0 0.0000000e+0
vn -1.00000000 0.0000000e+0 0.0000000e+0
vn -1.00000000 0.0000000e+0 0.0000000e+0
vn -1.00000000 0.0000000e+0 0.0000000e+0
vn -1.00000000 0.0000000e+0 0.0000000e+0
vn -1.00000000 0.0000000e+0 0.0000000e+0
vn -1.00000000 0.0000000e+0 0.0000000e+0
vn -1.00000000 0.0000000e+0 0.0000000e+0
vn -1.00000000 0.0000000e+0 0.0000000e+0
vn -1.00000000 0.0000000e+0 0.0000000e+0
vn -1.00000000 0.0000000e+0 0.0000000e+0
vn -1.00000000 0.0000000e+0 0.0000000e+0
vn -1.00000000 0.0000000e+0 0.0000000e+0
vn -1.00000000 0.0000000e+0 0.0000000e+0
vn -1.00000000 0.0000000e+0 0.0000000e+0
vn -1.00000000 0.0000000e+0 0.0000000e+0
vn -1.00000000 0.0000000e+0 0.0000000e+0
vn -1.00000000 0.0000000e+0 0.0000000e+0
vn -1.00000000 0.0000000e+0 0.0000000e+0
vn -1.00000000 0.0000000e+0 0.0000000e+0
vn -1.00000000 0.0000000e+0 0.0000000e+0
vn -1.00000000 0.0000000e+0 0.0000000e+0
vn -1.00000000 0.0000000e+0 0.0000000e+0
vn -1.00000000 0.0000000e+0 0.0000000e+0
vn -1.00000000 0.0000000e+0 0.0000000e+0
vn -1.00000000 0.0000000e+0 0.0000000e+0
vn -1.00000000 0.0000000e+0 0.0000000e+0
vn -1.00000000 0.0000000e+0 0.0000000e+0
vn -1.00000000 0.0000000e+0 0.0000000e+0
vn -1.00000000 0.0000000e+0 0.0000000e+0
vn -1.00000000 0.0000000e+0 0.0000000e+0
vn -1.00000000 0.0000000e+0 0.0000000e+0
vn -1.00000000 0.0000000e+0 0.0000000e+0
vn -1.00000000 0.0000000e+0 0.0000000e+0
vn -1.00000000 0.0000000e+0 0.0000000e+0
vn -1.00000000 0.0000000e+0 0.0000000e+0
vn -1.00000000 0.0000000e+0 0.0000000e+0
vn -1.00000000 0.0000000e+0 0.0000000e+0
vn -1.00000000 0.0000000e+0 0.0000000e+0
vn -1.00000000 0.0000000e+0 0.0000000e+0
vn -1.00000000 0.0000000e+0 0.0000000e+0
vn -1.00000000 0.0000000e+0 0.0000000e+0
vn -1.00000000 0.0000000e+0 0.0000000e+0
vn -1.00000000 0.0000000e+0 0.0000000e+0
vn -1.00000000 0.0000000e+0 0.0000000e+0
vn -1.00000000 0.0000000e+0 0.0000000e+0
vn -1.00000000 0.0000000e+0 0.0000000e+0
vn -1.00000000 0.0000000e+0 0.0000000e+0
vn -1.00000000 0.0000000e+0 0.0000000e+0
vn -1.00000000 0.0000000e+0 0.0000000e+0
vn -1.00000000 0.0000000e+0 0.0000000e+0
vn -1.00000000 0.0000000e+0 0.0000000e+0
vn -1.00000000 0.0000000e+0 0.0000000e+0
vn -1.00000000 0.0000000e+0 0.0000000e+0
vn -1.00000000 0.0000000e+0 0.0000000e+0
vn -1.00000000 0.0000000e+0 0.0000000e+0
vn -1.00000000 0.0000000e+0 0.0000000e+0
vn -1.00000000 0.0000000e+0 0.0000000e+0
vn -1.00000000 0.0000000e+0 0.0000000e+0
vn -1.00000000 0.0000000e+0 0.0000000e+0
vn -1.00000000 0.0000000e+0 0.0000000e+0
vn -1.00000000 0.0000000e+0 0.0000000e+0
vn -1.00000000 0.0000000e+0 0.0000000e+0
vn -1.00000000 0.0000000e+0 0.0000000e+0
vn -1.00000000 0.0000000e+0 0.0000000e+0
vn -1.00000000 0.0000000e+0 0.0000000e+0
vn -1.00000000 0.0000000e+0 0.0000000e+0
vn -1.00000000 0.0000000e+0 0.0000000e+0
vn -1.00000000 0.0000000e+0 0.0000000e+0
vn -1.00000000 0.0000000e+0 0.0000000e+0
vn -1.00000000 0.0000000e+0 0.0000000e+0
vn -1.00000000 0.0000000e+0 0.0000000e+0
vn -1.00000000 0.0000000e+0 0.0000000e+0
vn -1.00000000 0.0000000e+0 0.0000000e+0
vn -1.00000000 0.0000000e+0 0.0000000e+0
vn -1.00000000 0.0000000e+0 0.0000000e+0
vn -1.00000000 0.0000000e+0 0.0000000e+0
vn -1.00000000 0.0000000e+0 0.0000000e+0
vn -1.00000000 0.0000000e+0 0.0000000e+0
vn -1.00000000 0.0000000e+0 0.0000000e+0
vn -1.00000000 0.0000000e+0 0.0000000e+0
vn -1.00000000 0.0000000e+0 0.0000000e+0
vn -1.00000000 0.0000000e+0 0.0000000e+0
vn -1.00000000 0.0000000e+0 0.0000000e+0
vn -1.00000000 0.0000000e+0 0.0000000e+0
vn -1.00000000 0.0000000e+0 0.0000000e+0
vn -1.00000000 0.0000000e+0 0.0000000e+0
vn -1.00000000 0.0000000e+0 0.0000000e+0
vn -1.00000000 0.0000000e+0 0.0000000e+0
vn -1.00000000 0.0000000e+0 0.0000000e+0
vn -1.00000000 0.0000000e+0 0.0000000e+0
vn -1.00000000 0.0000000e+0 0.0000000e+0
vn -1.00000000 0.0000000e+0 0.0000000e+0
vn -1.00000000 0.0000000e+0 0.0000000e+0
vn -1.00000000 0.0000000e+0 0.0000000e+0
vn -1.00000000 0.0000000e+0 0.0000000e+0
vn -1.00000000 0.0000000e+0 0.0000000e+0
vn -1.00000000 0.0000000e+0 0.0000000e+0
vn -1.00000000 0.0000000e+0 0.0000000e+0
vn -1.00000000 0.0000000e+0 0.0000000e+0
vn -1.00000000 0.0000000e+0 0.0000000e+0
vn -1.00000000 0.0000000e+0 0.0000000e+0
vn -1.00000000 0.0000000e+0 0.0000000e+0
vn -1.00000000 0.0000000e+0 0.0000000e+0
vn -1.00000000 0.0000000e+0 0.0000000e+0
vn -1.00000000 0.0000000e+0 0.0000000e+0
vn -1.00000000 0.0000000e+0 0.0000000e+0
vn -1.00000000 0.0000000e+0 0.0000000e+0
vn -1.00000000 0.0000000e+0 0.0000000e+0
vn -1.00000000 0.0000000e+0 0.0000000e+0
vn -1.00000000 0.0000000e+0 0.0000000e+0
vn -1.00000000 0.0000000e+0 0.0000000e+0
vn -1.00000000 0.0000000e+0 0.0000000e+0
vn -1.00000000 0.0000000e+0 0.0000000e+0
vn -1.00000000 0.0000000e+0 0.0000000e+0
vn -1.00000000 0.0000000e+0 0.0000000e+0
vn -1.00000000 0.0000000e+0 0.0000000e+0
vn -1.00000000 0.0000000e+0 0.0000000e+0
vn -1.00000000 0.0000000e+0 0.0000000e+0
vn -1.00000000 0.0000000e+0 0.0000000e+0
vn -1.00000000 0.0000000e+0 0.0000000e+0
vn -1.00000000 0.0000000e+0 0.0000000e+0
vn -1.00000000 0.0000000e+0 0.0000000e+0
vn -1.00000000 0.0000000e+0 0.0000000e+0
vn -1.00000000 0.0000000e+0 0.0000000e+0
vn -1.00000000 0.0000000e+0 0.0000000e+0
vn -1.00000000 0.0000000e+0 0.0000000e+0
vn -1.00000000 0.0000000e+0 0.0000000e+0
vn -1.00000000 0.0000000e+0 0.0000000e+0
vn -1.00000000 0.0000000e+0 0.0000000e+0
vn -1.00000000 0.0000000e+0 0.0000000e+0
vn -1.00000000 0.0000000e+0 0.0000000e+0
vn -1.00000000 0.0000000e+0 0.0000000e+0
vn -1.00000000 0.0000000e+0 0.0000000e+0
vn -1.00000000 0.0000000e+0 0.0000000e+0
vn -1.00000000 0.0000000e+0 0.0000000e+0
vn -1.00000000 0.0000000e+0 0.0000000e+0
vn -1.00000000 0.0000000e+0 0.0000000e+0
vn -1.00000000 0.0000000e+0 0.0000000e+0
vn -1.00000000 0.0000000e+0 0.0000000e+0
vn -1.00000000 0.0000000e+0 0.0000000e+0
vn -1.00000000 0.0000000e+0 0.0000000e+0
vn -1.00000000 0.0000000e+0 0.0000000e+0
vn -1.00000000 0.0000000e+0 0.0000000e+0
vn -1.00000000 0.0000000e+0 0.0000000e+0
vn -1.00000000 0.0000000e+0 0.0000000e+0
vn -1.00000000 0.0000000e+0 0.0000000e+0
vn -1.00000000 0.0000000e+0 0.0000000e+0
vn -1.00000000 0.0000000e+0 0.0000000e+0
vn -1.00000000 0.0000000e+0 0.0000000e+0
vn -1.00000000 0.0000000e+0 0.0000000e+0
vn -1.00000000 0.0000000e+0 0.0000000e+0
vn -1.00000000 0.0000000e+0 0.0000000e+0
vn -1.00000000 0.0000000e+0 0.0000000e+0
vn -1.00000000 0.0000000e+0 0.0000000e+0
vn -1.00000000 0.0000000e+0 0.0000000e+0
vn -1.00000000 0.0000000e+0 0.0000000e+0
vn -1.00000000 0.0000000e+0 0.0000000e+0
vn -1.00000000 0.0000000e+0 0.0000000e+0
vn -1.00000000 0.0000000e+0 0.0000000e+0
vn -1.00000000 0.0000000e+0 0.0000000e+0
vn -1.00000000 0.0000000e+0 0.0000000e+0
vn -1.00000000 0.0000000e+0 0.0000000e+0
vn -1.00000000 0.0000000e+0 0.0000000e+0
vn -1.00000000 0.0000000e+0 0.0000000e+0
vn -1.00000000 0.0000000e+0 0.0000000e+0
vn -1.00000000 0.0000000e+0 0.0000000e+0
vn -1.00000000 0.0000000e+0 0.0000000e+0
vn -1.00000000 0.0000000e+0 0.0000000e+0
vn -1.00000000 0.0000000e+0 0.0000000e+0
vn -1.00000000 0.0000000e+0 0.0000000e+0
vn -1.00000000 0.0000000e+0 0.0000000e+0
vn -1.00000000 0.0000000e+0 0.0000000e+0
vn -1.00000000 0.0000000e+0 0.0000000e+0
vn -1.00000000 0.0000000e+0 0.0000000e+0
vn -1.00000000 0.0000000e+0 0.0000000e+0
vn -1.00000000 0.0000000e+0 0.0000000e+0
vn -1.00000000 0.0000000e+0 0.0000000e+0
vn -1.00000000 0.0000000e+0 0.0000000e+0
vn -1.00000000 0.0000000e+0 0.0000000e+0
vn -1.00000000 0.0000000e+0 0.0000000e+0
vn -1.00000000 0.0000000e+0 0.0000000e+0
vn -1.00000000 0.0000000e+0 0.0000000e+0
vn -1.00000000 0.0000000e+0 0.0000000e+0
vn -1.00000000 0.0000000e+0 0.0000000e+0
vn -1.00000000 0.0000000e+0 0.0000000e+0
vn -1.00000000 0.0000000e+0 0.0000000e+0
vn -1.00000000 0.0000000e+0 0.0000000e+0
vn -1.00000000 0.0000000e+0 0.0000000e+0
vn -1.00000000 0.0000000e+0 0.0000000e+0
vn -1.00000000 0.0000000e+0 0.0000000e+0
vn -1.00000000 0.0000000e+0 0.0000000e+0
vn -1.00000000 0.0000000e+0 0.0000000e+0
vn -1.00000000 0.0000000e+0 0.0000000e+0
vn -1.00000000 0.0000000e+0 0.0000000e+0
vn -1.00000000 0.0000000e+0 0.0000000e+0
vn -1.00000000 0.0000000e+0 0.0000000e+0
vn -1.00000000 0.0000000e+0 0.0000000e+0
vn -1.00000000 0.0000000e+0 0.0000000e+0
vn -1.00000000 0.0000000e+0 0.0000000e+0
vn -1.00000000 0.0000000e+0 0.0000000e+0
vn -1.00000000 0.0000000e+0 0.0000000e+0
vn -1.00000000 0.0000000e+0 0.0000000e+0
vn -1.00000000 0.0000000e+0 0.0000000e+0
vn -1.00000000 0.0000000e+0 0.0000000e+0
vn -1.00000000 0.0000000e+0 0.0000000e+0
vn -1.00000000 0.0000000e+0 0.0000000e+0
vn -1.00000000 0.0000000e+0 0.0000000e+0
vn -1.00000000 0.0000000e+0 0.0000000e+0
vn -1.00000000 0.0000000e+0 0.0000000e+0
vn -1.00000000 0.0000000e+0 0.0000000e+0
vn -1.00000000 0.0000000e+0 0.0000000e+0
vn -1.00000000 0.0000000e+0 0.0000000e+0
vn -1.00000000 0.0000000e+0 0.0000000e+0
vn -1.00000000 0.0000000e+0 0.0000000e+0
vn -1.00000000 0.0000000e+0 0.0000000e+0
vn -1.00000000 0.0000000e+0 0.0000000e+0
vn -1.00000000 0.0000000e+0 0.0000000e+0
vn -1.00000000 0.0000000e+0 0.0000000e+0
vn -1.00000000 0.0000000e+0 0.0000000e+0
vn -1.00000000 0.0000000e+0 0.0000000e+0
vn -1.00000000 0.0000000e+0 0.0000000e+0
vn -1.00000000 0.0000000e+0 0.0000000e+0
vn -1.00000000 0.0000000e+0 0.0000000e+0
vn -1.00000000 0.0000000e+0 0.0000000e+0
vn -1.00000000 0.0000000e+0 0.0000000e+0
vn -1.00000000 0.0000000e+0 0.0000000e+0
vn -1.00000000 0.0000000e+0 0.0000000e+0
vn -1.00000000 0.0000000e+0 0.0000000e+0
vn -1.00000000 0.0000000e+0 0.0000000e+0
vn -1.00000000 0.0000000e+0 0.0000000e+0
vn -1.00000000 0.0000000e+0 0.0000000e+0
vn -1.00000000 0.0000000e+0 0.0000000e+0
vn -1.00000000 0.0000000e+0 0.0000000e+0
vn -1.00000000 0.0000000e+0 0.0000000e+0
vn -1.00000000 0.0000000e+0 0.0000000e+0
vn -1.00000000 0.0000000e+0 0.0000000e+0
vn -1.00000000 0.0000000e+0 0.0000000e+0
vn -1.00000000 0.0000000e+0 0.0000000e+0
vn -1.00000000 0.0000000e+0 0.0000000e+0
vn -1.00000000 0.0000000e+0 0.0000000e+0
vn -1.00000000 0.0000000e+0 0.0000000e+0
vn -1.00000000 0.0000000e+0 0.0000000e+0
vn -1.00000000 0.0000000e+0 0.0000000e+0
vn -1.00000000 0.0000000e+0 0.0000000e+0
vn -1.00000000 0.0000000e+0 0.0000000e+0
vn -1.00000000 0.0000000e+0 0.0000000e+0
vn -1.00000000 0.0000000e+0 0.0000000e+0
vn -1.00000000 0.0000000e+0 0.0000000e+0
vn -1.00000000 0.0000000e+0 0.0000000e+0
vn -1.00000000 0.0000000e+0 0.0000000e+0
vn -1.00000000 0.0000000e+0 0.0000000e+0
vn -1.00000000 0.0000000e+0 0.0000000e+0
vn -1.00000000 0.0000000e+0 0.0000000e+0
vn -1.00000000 0.0000000e+0 0.0000000e+0
vn -1.00000000 0.0000000e+0 0.0000000e+0
vn -1.00000000 0.0000000e+0 0.0000000e+0
vn -1.00000000 0.0000000e+0 0.0000000e+0
vn -1.00000000 0.0000000e+0 0.0000000e+0
vn -1.00000000 0.0000000e+0 0.0000000e+0
vn -1.00000000 0.0000000e+0 0.0000000e+0
vn -1.00000000 0.0000000e+0 0.0000000e+0
vn -1.00000000 0.0000000e+0 0.0000000e+0
vn -1.00000000 0.0000000e+0 0.0000000e+0
vn -1.00000000 0.0000000e+0 0.0000000e+0
vn -1.00000000 0.0000000e+0 0.0000000e+0
vn -1.00000000 0.0000000e+0 0.0000000e+0
vn -1.00000000 0.0000000e+0 0.0000000e+0
vn -1.00000000 0.0000000e+0 0.0000000e+0
vn -1.00000000 0.0000000e+0 0.0000000e+0
vn -1.00000000 0.0000000e+0 0.0000000e+0
vn -1.00000000 0.0000000e+0 0.0000000e+0
vn -1.00000000 0.0000000e+0 0.0000000e+0
vn -1.00000000 0.0000000e+0 0.0000000e+0
vn -1.00000000 0.0000000e+0 0.0000000e+0
vn -1.00000000 0.0000000e+0 0.0000000e+0
vn -1.00000000 0.0000000e+0 0.0000000e+0
vn -1.00000000 0.0000000e+0 0.0000000e+0
vn -1.00000000 0.0000000e+0 0.0000000e+0
vn -1.00000000 0.0000000e+0 0.0000000e+0
vn -1.00000000 0.0000000e+0 0.0000000e+0
vn -1.00000000 0.0000000e+0 0.0000000e+0
vn -1.00000000 0.0000000e+0 0.0000000e+0
vn -1.00000000 0.0000000e+0 0.0000000e+0
vn -1.00000000 0.0000000e+0 0.0000000e+0
vn -1.00000000 0.0000000e+0 0.0000000e+0
vn -1.00000000 0.0000000e+0 0.0000000e+0
vn -1.00000000 0.0000000e+0 0.0000000e+0
vn -1.00000000 0.0000000e+0 0.0000000e+0
vn -1.00000000 0.0000000e+0 0.0000000e+0
vn -1.00000000 0.0000000e+0 0.0000000e+0
vn -1.00000000 0.0000000e+0 0.0000000e+0
vn -1.00000000 0.0000000e+0 0.0000000e+0
vn -1.00000000 0.0000000e+0 0.0000000e+0
vn -1.00000000 0.0000000e+0 0.0000000e+0
vn -1.00000000 0.0000000e+0 0.0000000e+0
vn -1.00000000 0.0000000e+0 0.0000000e+0
vn -1.00000000 0.0000000e+0 0.0000000e+0
vn -1.00000000 0.0000000e+0 0.0000000e+0
vn -1.00000000 0.0000000e+0 0.0000000e+0
vn -1.00000000 0.0000000e+0 0.0000000e+0
vn -1.00000000 0.0000000e+0 0.0000000e+0
vn -1.00000000 0.0000000e+0 0.0000000e+0
vn -1.00000000 0.0000000e+0 0.0000000e+0
vn -1.00000000 0.0000000e+0 0.0000000e+0
vn -1.00000000 0.0000000e+0 0.0000000e+0
vn -1.00000000 0.0000000e+0 0.0000000e+0
vn -1.00000000 0.0000000e+0 0.0000000e+0
vn -1.00000000 0.0000000e+0 0.0000000e+0
vn -1.00000000 0.0000000e+0 0.0000000e+0
vn -1.00000000 0.0000000e+0 0.0000000e+0
vn -1.00000000 0.0000000e+0 0.0000000e+0
vn -1.00000000 0.0000000e+0 0.0000000e+0
vn -1.00000000 0.0000000e+0 0.0000000e+0
vn -1.00000000 0.0000000e+0 0.0000000e+0
vn -1.00000000 0.0000000e+0 0.0000000e+0
vn -1.00000000 0.0000000e+0 0.0000000e+0
vn -1.00000000 0.0000000e+0 0.0000000e+0
vn -1.00000000 0.0000000e+0 0.0000000e+0
vn -1.00000000 0.0000000e+0 0.0000000e+0
vn -1.00000000 0.0000000e+0 0.0000000e+0
vn -1.00000000 0.0000000e+0 0.0000000e+0
vn -1.00000000 0.0000000e+0 0.0000000e+0
vn -1.00000000 0.0000000e+0 0.0000000e+0
vn -1.00000000 0.0000000e+0 0.0000000e+0
vn -1.00000000 0.0000000e+0 0.0000000e+0
vn -1.00000000 0.0000000e+0 0.0000000e+0
vn -1.00000000 0.0000000e+0 0.0000000e+0
vn -1.00000000 0.0000000e+0 0.0000000e+0
vn -1.00000000 0.0000000e+0 0.0000000e+0
vn -1.00000000 0.0000000e+0 0.0000000e+0
vn -1.00000000 0.0000000e+0 0.0000000e+0
vn -1.00000000 0.0000000e+0 0.0000000e+0
vn -1.00000000 0.0000000e+0 0.0000000e+0
vn -1.00000000 0.0000000e+0 0.0000000e+0
vn -1.00000000 0.0000000e+0 0.0000000e+0
vn -1.00000000 0.0000000e+0 0.0000000e+0
vn -1.00000000 0.0000000e+0 0.0000000e+0
vn -1.00000000 0.0000000e+0 0.0000000e+0
vn -1.00000000 0.0000000e+0 0.0000000e+0
vn -1.00000000 0.0000000e+0 0.0000000e+0
vn -1.00000000 0.0000000e+0 0.0000000e+0
vn -1.00000000 0.0000000e+0 0.0000000e+0
vn -1.00000000 0.0000000e+0 0.0000000e+0
vn -1.00000000 0.0000000e+0 0.0000000e+0
vn -1.00000000 0.0000000e+0 0.0000000e+0
vn -1.00000000 0.0000000e+0 0.0000000e+0
vn -1.00000000 0.0000000e+0 0.0000000e+0
vn -1.00000000 0.0000000e+0 0.0000000e+0
vn -1.00000000 0.0000000e+0 0.0000000e+0
vn -1.00000000 0.0000000e+0 0.0000000e+0
vn -1.00000000 0.0000000e+0 0.0000000e+0
vn -1.00000000 0.0000000e+0 0.0000000e+0
vn -1.00000000 0.0000000e+0 0.0000000e+0
vn -1.00000000 0.0000000e+0 0.0000000e+0
vn -1.00000000 0.0000000e+0 0.0000000e+0
vn -1.00000000 0.0000000e+0 0.0000000e+0
vn -1.00000000 0.0000000e+0 0.0000000e+0
vn -1.00000000 0.0000000e+0 0.0000000e+0
vn -1.00000000 0.0000000e+0 0.0000000e+0
vn -1.00000000 0.0000000e+0 0.0000000e+0
vn -1.00000000 0.0000000e+0 0.0000000e+0
vn -1.00000000 0.0000000e+0 0.0000000e+0
vn -1.00000000 0.0000000e+0 0.0000000e+0
vn -1.00000000 0.0000000e+0 0.0000000e+0
vn -1.00000000 0.0000000e+0 0.0000000e+0
vn -1.00000000 0.0000000e+0 0.0000000e+0
vn -1.00000000 0.0000000e+0 0.0000000e+0
vn -1.00000000 0.0000000e+0 0.0000000e+0
vn -1.00000000 0.0000000e+0 0.0000000e+0
vn -1.00000000 0.0000000e+0 0.0000000e+0
vn -1.00000000 0.0000000e+0 0.0000000e+0
vn -1.00000000 0.0000000e+0 0.0000000e+0
vn -1.00000000 0.0000000e+0 0.0000000e+0
vn -1.00000000 0.0000000e+0 0.0000000e+0
vn -1.00000000 0.0000000e+0 0.0000000e+0
vn -1.00000000 0.0000000e+0 0.0000000e+0
vn -1.00000000 0.0000000e+0 0.0000000e+0
vn -1.00000000 0.0000000e+0 0.0000000e+0
vn -1.00000000 0.0000000e+0 0.0000000e+0
vn -1.00000000 0.0000000e+0 0.0000000e+0
vn -1.00000000 0.0000000e+0 0.0000000e+0
vn -1.00000000 0.0000000e+0 0.0000000e+0
vn -1.00000000 0.0000000e+0 0.0000000e+0
vn -1.00000000 0.0000000e+0 0.0000000e+0
vn -1.00000000 0.0000000e+0 0.0000000e+0
vn -1.00000000 0.0000000e+0 0.0000000e+0
vn -1.00000000 0.0000000e+0 0.0000000e+0
vn -1.00000000 0.0000000e+0 0.0000000e+0
vn -1.00000000 0.0000000e+0 0.0000000e+0
vn -1.00000000 0.0000000e+0 0.0000000e+0
vn -1.00000000 0.0000000e+0 0.0000000e+0
vn -1.00000000 0.0000000e+0 0.0000000e+0
vn -1.00000000 0.0000000e+0 0.0000000e+0
vn -1.00000000 0.0000000e+0 0.0000000e+0
vn -1.00000000 0.0000000e+0 0.0000000e+0
vn -1.00000000 0.0000000e+0 0.0000000e+0
vn -1.00000000 0.0000000e+0 0.0000000e+0
vn -1.00000000 0.0000000e+0 0.0000000e+0
vn -1.00000000 0.0000000e+0 0.0000000e+0
vn -1.00000000 0.0000000e+0 0.0000000e+0
vn -1.00000000 0.0000000e+0 0.0000000e+0
vn -1.00000000 0.0000000e+0 0.0000000e+0
vn -1.00000000 0.0000000e+0 0.0000000e+0
vn -1.00000000 0.0000000e+0 0.0000000e+0
vn -1.00000000 0.0000000e+0 0.0000000e+0
vn -1.00000000 0.0000000e+0 0.0000000e+0
vn -1.00000000 0.0000000e+0 0.0000000e+0
vn -1.00000000 0.0000000e+0 0.0000000e+0
vn -1.00000000 0.0000000e+0 0.0000000e+0
vn -1.00000000 0.0000000e+0 0.0000000e+0
vn -1.00000000 0.0000000e+0 0.0000000e+0
vn -1.00000000 0.0000000e+0 0.0000000e+0
vn -1.00000000 0.0000000e+0 0.0000000e+0
vn -1.00000000 0.0000000e+0 0.0000000e+0
vn -1.00000000 0.0000000e+0 0.0000000e+0
vn -1.00000000 0.0000000e+0 0.0000000e+0
vn -1.00000000 0.0000000e+0 0.0000000e+0
vn -1.00000000 0.0000000e+0 0.0000000e+0
vn -1.00000000 0.0000000e+0 0.0000000e+0
vn -1.00000000 0.0000000e+0 0.0000000e+0
vn -1.00000000 0.0000000e+0 0.0000000e+0
vn -1.00000000 0.0000000e+0 0.0000000e+0
vn -1.00000000 0.0000000e+0 0.0000000e+0
vn -1.00000000 0.0000000e+0 0.0000000e+0
vn -1.00000000 0.0000000e+0 0.0000000e+0
vn -1.00000000 0.0000000e+0 0.0000000e+0
vn -1.00000000 0.0000000e+0 0.0000000e+0
vn -1.00000000 0.0000000e+0 0.0000000e+0
vn -1.00000000 0.0000000e+0 0.0000000e+0
vn -1.00000000 0.0000000e+0 0.0000000e+0
vn -1.00000000 0.0000000e+0 0.0000000e+0
vn -1.00000000 0.0000000e+0 0.0000000e+0
vn -1.00000000 0.0000000e+0 0.0000000e+0
vn -1.00000000 0.0000000e+0 0.0000000e+0
vn -1.00000000 0.0000000e+0 0.0000000e+0
vn -1.00000000 0.0000000e+0 0.0000000e+0
vn -1.00000000 0.0000000e+0 0.0000000e+0
vn -1.00000000 0.0000000e+0 0.0000000e+0
vn -1.00000000 0.0000000e+0 0.0000000e+0
vn -1.00000000 0.0000000e+0 0.0000000e+0
vn -1.00000000 0.0000000e+0 0.0000000e+0
vn -1.00000000 0.0000000e+0 0.0000000e+0
vn -1.00000000 0.0000000e+0 0.0000000e+0
vn -1.00000000 0.0000000e+0 0.0000000e+0
vn -1.00000000 0.0000000e+0 0.0000000e+0
vn -1.00000000 0.0000000e+0 0.0000000e+0
vn -1.00000000 0.0000000e+0 0.0000000e+0
vn -1.00000000 0.0000000e+0 0.0000000e+0
vn -1.00000000 0.0000000e+0 0.0000000e+0
vn -1.00000000 0.0000000e+0 0.0000000e+0
vn -1.00000000 0.0000000e+0 0.0000000e+0
vn -1.00000000 0.0000000e+0 0.0000000e+0
vn -1.00000000 0.0000000e+0 0.0000000e+0
vn -1.00000000 0.0000000e+0 0.0000000e+0
vn -1.00000000 0.0000000e+0 0.0000000e+0
vn -1.00000000 0.0000000e+0 0.0000000e+0
vn -1.00000000 0.0000000e+0 0.0000000e+0
vn -1.00000000 0.0000000e+0 0.0000000e+0
vn -1.00000000 0.0000000e+0 0.0000000e+0
vn -1.00000000 0.0000000e+0 0.0000000e+0
vn -1.00000000 0.0000000e+0 0.0000000e+0
vn -1.00000000 0.0000000e+0 0.0000000e+0
vn -1.00000000 0.0000000e+0 0.0000000e+0
vn -1.00000000 0.0000000e+0 0.0000000e+0
vn -1.00000000 0.0000000e+0 0.0000000e+0
vn -1.00000000 0.0000000e+0 0.0000000e+0
vn -1.00000000 0.0000000e+0 0.0000000e+0
vn -1.00000000 0.0000000e+0 0.0000000e+0
vn -1.00000000 0.0000000e+0 0.0000000e+0
vn -1.00000000 0.0000000e+0 0.0000000e+0
vn -1.00000000 0.0000000e+0 0.0000000e+0
vn -1.00000000 0.0000000e+0 0.0000000e+0
vn -1.00000000 0.0000000e+0 0.0000000e+0
vn -1.00000000 0.0000000e+0 0.0000000e+0
vn -1.00000000 0.0000000e+0 0.0000000e+0
vn -1.00000000 0.0000000e+0 0.0000000e+0
vn -1.00000000 0.0000000e+0 0.0000000e+0
vn -1.00000000 0.0000000e+0 0.0000000e+0
vn -1.00000000 0.0000000e+0 0.0000000e+0
vn -1.00000000 0.0000000e+0 0.0000000e+0
vn -1.00000000 0.0000000e+0 0.0000000e+0
vn -1.00000000 0.0000000e+0 0.0000000e+0
vn -1.00000000 0.0000000e+0 0.0000000e+0
vn -1.00000000 0.0000000e+0 0.0000000e+0
vn -1.00000000 0.0000000e+0 0.0000000e+0
vn -1.00000000 0.0000000e+0 0.0000000e+0
vn -1.00000000 0.0000000e+0 0.0000000e+0
vn -1.00000000 0.0000000e+0 0.0000000e+0
vn -1.00000000 0.0000000e+0 0.0000000e+0
vn -1.00000000 0.0000000e+0 0.0000000e+0
vn -1.00000000 0.0000000e+0 0.0000000e+0
vn -1.00000000 0.0000000e+0 0.0000000e+0
vn -1.00000000 0.0000000e+0 0.0000000e+0
vn -1.00000000 0.0000000e+0 0.0000000e+0
vn -1.00000000 0.0000000e+0 0.0000000e+0
vn -1.00000000 0.0000000e+0 0.0000000e+0
vn -1.00000000 0.0000000e+0 0.0000000e+0
vn -1.00000000 0.0000000e+0 0.0000000e+0
vn -1.00000000 0.0000000e+0 0.0000000e+0
vn -1.00000000 0.0000000e+0 0.0000000e+0
vn -1.00000000 0.0000000e+0 0.0000000e+0
vn -1.00000000 0.0000000e+0 0.0000000e+0
vn -1.00000000 0.0000000e+0 0.0000000e+0
vn -1.00000000 0.0000000e+0 0.0000000e+0
vn -1.00000000 0.0000000e+0 0.0000000e+0
vn -1.00000000 0.0000000e+0 0.0000000e+0
vn -1.00000000 0.0000000e+0 0.0000000e+0
vn -1.00000000 0.0000000e+0 0.0000000e+0
vn -1.00000000 0.0000000e+0 0.0000000e+0
vn -1.00000000 0.0000000e+0 0.0000000e+0
vn -1.00000000 0.0000000e+0 0.0000000e+0
vn -1.00000000 0.0000000e+0 0.0000000e+0
vn -1.00000000 0.0000000e+0 0.0000000e+0
vn -1.00000000 0.0000000e+0 0.0000000e+0
vn -1.00000000 0.0000000e+0 0.0000000e+0
vn -1.00000000 0.0000000e+0 0.0000000e+0
vn -1.00000000 0.0000000e+0 0.0000000e+0
vn -1.00000000 0.0000000e+0 0.0000000e+0
vn -1.00000000 0.0000000e+0 0.0000000e+0
vn -1.00000000 0.0000000e+0 0.0000000e+0
vn -1.00000000 0.0000000e+0 0.0000000e+0
vn -1.00000000 0.0000000e+0 0.0000000e+0
vn -1.00000000 0.0000000e+0 0.0000000e+0
vn -1.00000000 0.0000000e+0 0.0000000e+0
vn -1.00000000 0.0000000e+0 0.0000000e+0
vn -1.00000000 0.0000000e+0 0.0000000e+0
vn -1.00000000 0.0000000e+0 0.0000000e+0
vn -1.00000000 0.0000000e+0 0.0000000e+0
vn -1.00000000 0.0000000e+0 0.0000000e+0
vn -1.00000000 0.0000000e+0 0.0000000e+0
vn -1.00000000 0.0000000e+0 0.0000000e+0
vn -1.00000000 0.0000000e+0 0.0000000e+0
vn -1.00000000 0.0000000e+0 0.0000000e+0
vn -1.00000000 0.0000000e+0 0.0000000e+0
vn -1.00000000 0.0000000e+0 0.0000000e+0
vn -1.00000000 0.0000000e+0 0.0000000e+0
vn -1.00000000 0.0000000e+0 0.0000000e+0
vn -1.00000000 0.0000000e+0 0.0000000e+0
vn -1.00000000 0.0000000e+0 0.0000000e+0
vn -1.00000000 0.0000000e+0 0.0000000e+0
vn -1.00000000 0.0000000e+0 0.0000000e+0
vn -1.00000000 0.0000000e+0 0.0000000e+0
vn -1.00000000 0.0000000e+0 0.0000000e+0
vn -1.00000000 0.0000000e+0 0.0000000e+0
vn -1.00000000 0.0000000e+0 0.0000000e+0
vn -1.00000000 0.0000000e+0 0.0000000e+0
vn -1.00000000 0.0000000e+0 0.0000000e+0
vn -1.00000000 0.0000000e+0 0.0000000e+0
vn -1.00000000 0.0000000e+0 0.0000000e+0
vn -1.00000000 0.0000000e+0 0.0000000e+0
vn -1.00000000 0.0000000e+0 0.0000000e+0
vn -1.00000000 0.0000000e+0 0.0000000e+0
vn -1.00000000 0.0000000e+0 0.0000000e+0
vn -1.00000000 0.0000000e+0 0.0000000e+0
vn -1.00000000 0.0000000e+0 0.0000000e+0
vn -1.00000000 0.0000000e+0 0.0000000e+0
vn -1.00000000 0.0000000e+0 0.0000000e+0
vn -1.00000000 0.0000000e+0 0.0000000e+0
vn -1.00000000 0.0000000e+0 0.0000000e+0
vn -1.00000000 0.0000000e+0 0.0000000e+0
vn -1.00000000 0.0000000e+0 0.0000000e+0
vn -1.00000000 0.0000000e+0 0.0000000e+0
vn -1.00000000 0.0000000e+0 0.0000000e+0
vn -1.00000000 0.0000000e+0 0.0000000e+0
vn -1.00000000 0.0000000e+0 0.0000000e+0
vn -1.00000000 0.0000000e+0 0.0000000e+0
vn -1.00000000 0.0000000e+0 0.0000000e+0
vn -1.00000000 0.0000000e+0 0.0000000e+0
vn -1.00000000 0.0000000e+0 0.0000000e+0
vn -1.00000000 0.0000000e+0 0.0000000e+0
vn -1.00000000 0.0000000e+0 0.0000000e+0
vn -1.00000000 0.0000000e+0 0.0000000e+0
vn -1.00000000 0.0000000e+0 0.0000000e+0
vn -1.00000000 0.0000000e+0 0.0000000e+0
vn -1.00000000 0.0000000e+0 0.0000000e+0
vn -1.00000000 0.0000000e+0 0.0000000e+0
vn -1.00000000 0.0000000e+0 0.0000000e+0
vn -1.00000000 0.0000000e+0 0.0000000e+0
vn -1.00000000 0.0000000e+0 0.0000000e+0
vn -1.00000000 0.0000000e+0 0.0000000e+0
vn -1.00000000 0.0000000e+0 0.0000000e+0
vn -1.00000000 0.0000000e+0 0.0000000e+0
vn -1.00000000 0.0000000e+0 0.0000000e+0
vn -1.00000000 0.0000000e+0 0.0000000e+0
vn -1.00000000 0.0000000e+0 0.0000000e+0
vn -1.00000000 0.0000000e+0 0.0000000e+0
vn -1.00000000 0.0000000e+0 0.0000000e+0
vn -1.00000000 0.0000000e+0 0.0000000e+0
vn -1.00000000 0.0000000e+0 0.0000000e+0
vn -1.00000000 0.0000000e+0 0.0000000e+0
vn -1.00000000 0.0000000e+0 0.0000000e+0
vn -1.00000000 0.0000000e+0 0.0000000e+0
vn -1.00000000 0.0000000e+0 0.0000000e+0
vn -1.00000000 0.0000000e+0 0.0000000e+0
vn -1.00000000 0.0000000e+0 0.0000000e+0
vn -1.00000000 0.0000000e+0 0.0000000e+0
vn -1.00000000 0.0000000e+0 0.0000000e+0
vn -1.00000000 0.0000000e+0 0.0000000e+0
vn -1.00000000 0.0000000e+0 0.0000000e+0
vn -1.00000000 0.0000000e+0 0.0000000e+0
vn -1.00000000 0.0000000e+0 0.0000000e+0
vn -1.00000000 0.0000000e+0 0.0000000e+0
vn -1.00000000 0.0000000e+0 0.0000000e+0
vn -1.00000000 0.0000000e+0 0.0000000e+0
vn -1.00000000 0.0000000e+0 0.0000000e+0
vn -1.00000000 0.0000000e+0 0.0000000e+0
vn -1.00000000 0.0000000e+0 0.0000000e+0
vn -1.00000000 0.0000000e+0 0.0000000e+0
vn -1.00000000 0.0000000e+0 0.0000000e+0
vn -1.00000000 0.0000000e+0 0.0000000e+0
vn -1.00000000 0.0000000e+0 0.0000000e+0
vn -1.00000000 0.0000000e+0 0.0000000e+0
vn -1.00000000 0.0000000e+0 0.0000000e+0
vn -1.00000000 0.0000000e+0 0.0000000e+0
vn -1.00000000 0.0000000e+0 0.0000000e+0
vn -1.00000000 0.0000000e+0 0.0000000e+0
vn -1.00000000 0.0000000e+0 0.0000000e+0
vn -1.00000000 0.0000000e+0 0.0000000e+0
vn -1.00000000 0.0000000e+0 0.0000000e+0
vn -0.99937232 -3.5425534e-2 0.0000000e+0
vn -0.70621994 -5.0067863e-2 -0.70621994
vn 0.0000000e+0 -3.5425534e-2 -0.99937232
vn 0.0000000e+0 -3.5425534e-2 -0.99937232
vn 0.0000000e+0 -3.5425534e-2 -0.99937232
vn 0.0000000e+0 -3.5425534e-2 -0.99937232
vn 0.0000000e+0 -3.5425534e-2 -0.99937232
vn 0.0000000e+0 -3.5425534e-2 -0.99937232
vn 0.0000000e+0 -3.5425534e-2 -0.99937232
vn 0.0000000e+0 -3.5425534e-2 -0.99937232
vn 0.0000000e+0 -3.5425534e-2 -0.99937232
vn 0.70621994 -5.0067863e-2 -0.70621994
vn 0.99937232 -3.5425534e-2 0.0000000e+0
vn 0.99937232 -3.5425534e-2 0.0000000e+0
vn 0.99937232 -3.5425534e-2 0.0000000e+0
vn 0.99937232 -3.5425534e-2 0.0000000e+0
vn 0.99937232 -3.5425534e-2 0.0000000e+0
vn 0.99937232 -3.5425534e-2 0.0000000e+0
vn 0.99937232 -3.5425534e-2 0.0000000e+0
vn 0.99937232 -3.5425534e-2 0.0000000e+0
vn 0.99937232 -3.5425534e-2 0.0000000e+0
vn 0.70621994 -5.0067863e-2 0.70621994
vn 0.0000000e+0 -3.5425534e-2 0.99937232
vn 0.0000000e+0 -3.5425534e-2 0.99937232
vn 0.0000000e+0 -3.5425534e-2 0.99937232
vn 0.0000000e+0 -3.5425534e-2 0.99937232
vn 0.0000000e+0 -3.5425534e-2 0.99937232
vn 0.0000000e+0 -3.5425534e-2 0.99937232
vn 0.0000000e+0 -3.5425534e-2 0.99937232
vn 0.0000000e+0 -3.5425534e-2 0.99937232
vn 0.0000000e+0 -3.5425534e-2 0.99937232
vn -0.70621994 -5.0067863e-2 0.70621994
vn -0.99937232 -3.5425534e-2 0.0000000e+0
vn -0.99937232 -3.5425534e-2 0.0000000e+0
vn -0.99937232 -3.5425534e-2 0.0000000e+0
vn -0.99937232 -3.5425534e-2 0.0000000e+0
vn -0.99937232 -3.5425534e-2 0.0000000e+0
vn -0.99937232 -3.5425534e-2 0.0000000e+0
vn -0.99937232 -3.5425534e-2 0.0000000e+0
vn -0.99937232 -3.5425534e-2 0.0000000e+0
g Cylinder1_default
usemtl default
s 1
f 1//1 145//145 146//146 2//2
f 1//1 289//289 304//304 16//16
f 2//2 146//146 147//147 3//3
f 2//2 290//290 289//289 1//1
f 3//3 147//147 148//148 4//4
f 3//3 291//291 290//290 2//2
f 4//4 148//148 149//149 5//5
f 4//4 292//292 291//291 3//3
f 5//5 149//149 150//150 6//6
f 5//5 293//293 292//292 4//4
f 6//6 150//150 151//151 7//7
f 6//6 294//294 293//293 5//5
f 7//7 151//151 152//152 8//8
f 7//7 295//295 294//294 6//6
f 8//8 152//152 153//153 9//9
f 8//8 296//296 295//295 7//7
f 9//9 153//153 154//154 10//10
f 9//9 297//297 296//296 8//8
f 10//10 154//154 155//155 11//11
f 10//10 298//298 297//297 9//9
f 11//11 155//155 156//156 12//12
f 11//11 299//299 298//298 10//10
f 12//12 156//156 157//157 13//13
f 12//12 300//300 299//299 11//11
f 13//13 157//157 158//158 14//14
f 13//13 301//301 300//300 12//12
f 14//14 158//158 159//159 15//15
f 14//14 302//302 301//301 13//13
f 15//15 159//159 160//160 16//16
f 15//15 303//303 302//302 14//14
f 16//16 160//160 145//145 1//1
f 16//16 304//304 303//303 15//15
f 17//17 33//33 34//34 18//18
f 17//17 65//65 80//80 32//32
f 18//18 34//34 35//35 19//19
f 18//18 66//66 65//65 17//17
f 19//19 35//35 36//36 20//20
f 19//19 67//67 66//66 18//18
f 20//20 36//36 37//37 21//21
f 20//20 68//68 67//67 19//19
f 21//21 37//37 38//38 22//22
f 21//21 69//69 68//68 20//20
f 22//22 38//38 39//39 23//23
f 22//22 70//70 69//69 21//21
f 23//23 39//39 40//40 24//24
f 23//23 71//71 70//70 22//22
f 24//24 40//40 41//41 25//25
f 24//24 72//72 71//71 23//23
f 25//25 41//41 42//42 26//26
f 25//25 73//73 72//72 24//24
f 26//26 42//42 43//43 27//27
f 26//26 74//74 73//73 25//25
f 27//27 43//43 44//44 28//28
f 27//27 75//75 74//74 26//26
f 28//28 44//44 45//45 29//29
f 28//28 76//76 75//75 27//27
f 29//29 45//45 46//46 30//30
f 29//29 77//77 76//76 28//28
f 30//30 46//46 47//47 31//31
f 30//30 78//78 77//77 29//29
f 31//31 47//47 48//48 32//32
f 31//31 79//79 78//78 30//30
f 32//32 48//48 33//33 17//17
f 32//32 80//80 79//79 31//31
f 33//33 48//48 51//51 50//50
f 34//34 49//49 64//64 35//35
f 35//35 64//64 63//63 36//36
f 36//36 63//63 62//62 37//37
f 37//37 62//62 61//61 38//38
f 38//38 61//61 60//60 39//39
f 39//39 60//60 59//59 40//40
f 40//40 59//59 58//58 41//41
f 41//41 58//58 57//57 42//42
f 42//42 57//57 56//56 43//43
f 43//43 56//56 55//55 44//44
f 44//44 55//55 54//54 45//45
f 45//45 54//54 53//53 46//46
f 46//46 53//53 52//52 47//47
f 48//48 47//47 52//52 51//51
f 49//49 98//98 99//99 64//64
f 50//50 49//49 34//34 33//33
f 50//50 97//97 98//98 49//49
f 51//51 112//112 97//97 50//50
f 52//52 111//111 112//112 51//51
f 53//53 110//110 111//111 52//52
f 54//54 109//109 110//110 53//53
f 55//55 108//108 109//109 54//54
f 56//56 107//107 108//108 55//55
f 57//57 106//106 107//107 56//56
f 58//58 105//105 106//106 57//57
f 59//59 104//104 105//105 58//58
f 60//60 103//103 104//104 59//59
f 61//61 102//102 103//103 60//60
f 62//62 101//101 102//102 61//61
f 63//63 100//100 101//101 62//62
f 64//64 99//99 100//100 63//63
f 65//65 66//66 81//81 82//82
f 67//67 96//96 81//81 66//66
f 68//68 95//95 96//96 67//67
f 69//69 94//94 95//95 68//68
f 70//70 93//93 94//94 69//69
f 71//71 92//92 93//93 70//70
f 72//72 91//91 92//92 71//71
f 73//73 90//90 91//91 72//72
f 74//74 89//89 90//90 73//73
f 75//75 88//88 89//89 74//74
f 76//76 87//87 88//88 75//75
f 77//77 86//86 87//87 76//76
f 78//78 85//85 86//86 77//77
f 79//79 84//84 85//85 78//78
f 81//81 164//164 163//163 82//82
f 81//81 167//167 166//166 146//146
f 82//82 83//83 80//80 65//65
f 82//82 163//163 162//162 145//145
f 82//82 224//224 223//223 83//83
f 83//83 84//84 79//79 80//80
f 83//83 220//220 219//219 84//84
f 83//83 223//223 222//222 160//160
f 84//84 216//216 215//215 85//85
f 84//84 219//219 218//218 159//159
f 85//85 212//212 211//211 86//86
f 85//85 215//215 214//214 158//158
f 86//86 208//208 207//207 87//87
f 86//86 211//211 210//210 157//157
f 87//87 204//204 203//203 88//88
f 87//87 207//207 206//206 156//156
f 88//88 200//200 199//199 89//89
f 88//88 203//203 202//202 155//155
f 89//89 196//196 195//195 90//90
f 89//89 199//199 198//198 154//154
f 90//90 192//192 191//191 91//91
f 90//90 195//195 194//194 153//153
f 91//91 188//188 187//187 92//92
f 91//91 191//191 190//190 152//152
f 92//92 184//184 183//183 93//93
f 92//92 187//187 186//186 151//151
f 93//93 180//180 179//179 94//94
f 93//93 183//183 182//182 150//150
f 94//94 176//176 175//175 95//95
f 94//94 179//179 178//178 149//149
f 95//95 172//172 171//171 96//96
f 95//95 175//175 174//174 148//148
f 96//96 168//168 167//167 81//81
f 96//96 171//171 170//170 147//147
f 97//97 113//113 114//114 98//98
f 98//98 114//114 115//115 99//99
f 99//99 115//115 116//116 100//100
f 100//100 116//116 117//117 101//101
f 101//101 117//117 118//118 102//102
f 102//102 118//118 119//119 103//103
f 103//103 119//119 120//120 104//104
f 104//104 120//120 121//121 105//105
f 105//105 121//121 122//122 106//106
f 106//106 122//122 123//123 107//107
f 107//107 123//123 124//124 108//108
f 108//108 124//124 125//125 109//109
f 109//109 125//125 126//126 110//110
f 110//110 126//126 127//127 111//111
f 111//111 127//127 128//128 112//112
f 112//112 128//128 113//113 97//97
f 113//113 128//128 131//131 130//130
f 114//114 129//129 144//144 115//115
f 115//115 144//144 143//143 116//116
f 116//116 143//143 142//142 117//117
f 117//117 142//142 141//141 118//118
f 118//118 141//141 140//140 119//119
f 119//119 140//140 139//139 120//120
f 120//120 139//139 138//138 121//121
f 121//121 138//138 137//137 122//122
f 122//122 137//137 136//136 123//123
f 123//123 136//136 135//135 124//124
f 124//124 135//135 134//134 125//125
f 125//125 134//134 133//133 126//126
f 126//126 133//133 132//132 127//127
f 128//128 127//127 132//132 131//131
f 130//130 129//129 114//114 113//113
f 130//130 131//131 132//132 133//133 134//134 135//135 136//136 137//137 138//138 139//139 140//140 141//141 142//142 143//143 144//144 129//129
f 145//145 162//162 161//161 146//146
f 145//145 221//221 224//224 82//82
f 146//146 161//161 164//164 81//81
f 146//146 166//166 165//165 147//147
f 147//147 165//165 168//168 96//96
f 147//147 170//170 169//169 148//148
f 148//148 169//169 172//172 95//95
f 148//148 174//174 173//173 149//149
f 149//149 173//173 176//176 94//94
f 149//149 178//178 177//177 150//150
f 150//150 177//177 180//180 93//93
f 150//150 182//182 181//181 151//151
f 151//151 181//181 184//184 92//92
f 151//151 186//186 185//185 152//152
f 152//152 185//185 188//188 91//91
f 152//152 190//190 189//189 153//153
f 153//153 189//189 192//192 90//90
f 153//153 194//194 193//193 154//154
f 154//154 193//193 196//196 89//89
f 154//154 198//198 197//197 155//155
f 155//155 197//197 200//200 88//88
f 155//155 202//202 201//201 156//156
f 156//156 201//201 204//204 87//87
f 156//156 206//206 205//205 157//157
f 157//157 205//205 208//208 86//86
f 157//157 210//210 209//209 158//158
f 158//158 209//209 212//212 85//85
f 158//158 214//214 213//213 159//159
f 159//159 213//213 216//216 84//84
f 159//159 218//218 217//217 160//160
f 160//160 217//217 220//220 83//83
f 160//160 222//222 221//221 145//145
f 161//161 225//225 228//228 164//164
f 162//162 226//226 225//225 161//161
f 163//163 227//227 226//226 162//162
f 164//164 228//228 227//227 163//163
f 165//165 229//229 232//232 168//168
f 166//166 230//230 229//229 165//165
f 167//167 231//231 230//230 166//166
f 168//168 232//232 231//231 167//167
f 169//169 233//233 236//236 172//172
f 170//170 234//234 233//233 169//169
f 171//171 235//235 234//234 170//170
f 172//172 236//236 235//235 171//171
f 173//173 237//237 240//240 176//176
f 174//174 238//238 237//237 173//173
f 175//175 239//239 238//238 174//174
f 176//176 240//240 239//239 175//175
f 177//177 241//241 244//244 180//180
f 178//178 242//242 241//241 177//177
f 179//179 243//243 242//242 178//178
f 180//180 244//244 243//243 179//179
f 181//181 245//245 248//248 184//184
f 182//182 246//246 245//245 181//181
f 183//183 247//247 246//246 182//182
f 184//184 248//248 247//247 183//183
f 185//185 249//249 252//252 188//188
f 186//186 250//250 249//249 185//185
f 187//187 251//251 250//250 186//186
f 188//188 252//252 251//251 187//187
f 189//189 253//253 256//256 192//192
f 190//190 254//254 253//253 189//189
f 191//191 255//255 254//254 190//190
f 192//192 256//256 255//255 191//191
f 193//193 257//257 260//260 196//196
f 194//194 258//258 257//257 193//193
f 195//195 259//259 258//258 194//194
f 196//196 260//260 259//259 195//195
f 197//197 261//261 264//264 200//200
f 198//198 262//262 261//261 197//197
f 199//199 263//263 262//262 198//198
f 200//200 264//264 263//263 199//199
f 201//201 265//265 268//268 204//204
f 202//202 266//266 265//265 201//201
f 203//203 267//267 266//266 202//202
f 204//204 268//268 267//267 203//203
f 205//205 269//269 272//272 208//208
f 206//206 270//270 269//269 205//205
f 207//207 271//271 270//270 206//206
f 208//208 272//272 271//271 207//207
f 209//209 273//273 276//276 212//212
f 210//210 274//274 273//273 209//209
f 211//211 275//275 274//274 210//210
f 212//212 276//276 275//275 211//211
f 213//213 277//277 280//280 216//216
f 214//214 278//278 277//277 213//213
f 215//215 279//279 278//278 214//214
f 216//216 280//280 279//279 215//215
f 217//217 281//281 284//284 220//220
f 218//218 282//282 281//281 217//217
f 219//219 283//283 282//282 218//218
f 220//220 284//284 283//283 219//219
f 221//221 285//285 288//288 224//224
f 222//222 286//286 285//285 221//221
f 223//223 287//287 286//286 222//222
f 224//224 288//288 287//287 223//223
f 226//226 227//227 228//228 225//225
f 230//230 231//231 232//232 229//229
f 234//234 235//235 236//236 233//233
f 238//238 239//239 240//240 237//237
f 242//242 243//243 244//244 241//241
f 246//246 247//247 248//248 245//245
f 250//250 251//251 252//252 249//249
f 254//254 255//255 256//256 253//253
f 258//258 259//259 260//260 257//257
f 262//262 263//263 264//264 261//261
f 266//266 267//267 268//268 265//265
f 270//270 271//271 272//272 269//269
f 274//274 275//275 276//276 273//273
f 278//278 279//279 280//280 277//277
f 282//282 283//283 284//284 281//281
f 286//286 287//287 288//288 285//285
f 289//289 305//305 320//320 304//304
f 290//290 291//291 307//307 306//306
f 291//291 292//292 308//308 307//307
f 292//292 293//293 309//309 308//308
f 293//293 294//294 310//310 309//309
f 294//294 295//295 311//311 310//310
f 295//295 296//296 312//312 311//311
f 296//296 297//297 313//313 312//312
f 297//297 298//298 314//314 313//313
f 298//298 299//299 315//315 314//314
f 299//299 300//300 316//316 315//315
f 300//300 301//301 317//317 316//316
f 301//301 302//302 318//318 317//317
f 302//302 303//303 319//319 318//318
f 303//303 304//304 320//320 319//319
f 306//306 305//305 289//289 290//290
f 306//306 307//307 308//308 309//309 310//310 311//311 312//312 313//313 314//314 315//315 316//316 317//317 318//318 319//319 320//320 305//305
f 321//321 4786//4786 4785//4785 341//341
f 322//322 359//359 441//441 440//440 439//439 438//438 437//437 436//436 435//435 434//434 433//433 432//432 431//431 430//430 429//429 428//428 427//427 426//426 425//425 424//424 423//423 422//422 421//421 420//420 419//419 418//418 417//417 416//416 415//415 414//414 413//413 386//386 326//326
f 322//322 4816//4816 4815//4815 359//359
f 323//323 327//327 412//412 963//963 962//962 961//961 960//960 959//959 958//958 957//957 956//956 955//955 954//954 953//953 952//952 951//951 950//950 949//949 948//948 947//947 946//946 945//945 944//944 943//943 942//942 941//941 940//940 939//939 938//938 937//937 936//936 935//935 368//368
f 323//323 358//358 906//906 907//907 908//908 909//909 910//910 911//911 912//912 913//913 914//914 915//915 916//916 917//917 918//918 919//919 920//920 921//921 922//922 923//923 924//924 925//925 926//926 927//927 928//928 929//929 930//930 931//931 932//932 933//933 934//934 377//377 327//327
f 323//323 4796//4796 4795//4795 358//358
f 324//324 376//376 1167//1167 1168//1168 1169//1169 1170//1170 1171//1171 1172//1172 1173//1173 1174//1174 1175//1175 1176//1176 1177//1177 1178//1178 1179//1179 1180//1180 1181//1181 1182//1182 1183//1183 1184//1184 1185//1185 1186//1186 1187//1187 1188//1188 1189//1189 1190//1190 1191//1191 1192//1192 1193//1193 1194//1194 1195//1195 404//404 328//328
f 324//324 4806//4806 4805//4805 376//376
f 325//325 385//385 702//702 701//701 700//700 699//699 698//698 697//697 696//696 695//695 694//694 693//693 692//692 691//691 690//690 689//689 688//688 687//687 686//686 685//685 684//684 683//683 682//682 681//681 680//680 679//679 678//678 677//677 676//676 675//675 674//674 350//350 321//321
f 326//326 386//386 387//387 388//388 389//389 390//390 391//391 392//392 393//393 394//394 328//328 331//331 330//330
f 326//326 403//403 1428//1428 1429//1429 1430//1430 1431//1431 1432//1432 1433//1433 1434//1434 1435//1435 1436//1436 1437//1437 1438//1438 1439//1439 1440//1440 1441//1441 1442//1442 1443//1443 1444//1444 1445//1445 1446//1446 1447//1447 1448//1448 1449//1449 1450//1450 1451//1451 1452//1452 1453//1453 1454//1454 1455//1455 1456//1456 349//349 322//322
f 328//328 394//394 645//645 646//646 647//647 648//648 649//649 650//650 651//651 652//652 653//653 654//654 655//655 656//656 657//657 658//658 659//659 660//660 661//661 662//662 663//663 664//664 665//665 666//666 667//667 668//668 669//669 670//670 671//671 672//672 673//673 367//367 324//324
f 328//328 404//404 405//405 406//406 407//407 408//408 409//409 410//410 411//411 412//412 327//327 332//332 331//331
f 329//329 333//333 336//336 332//332
f 330//330 329//329 325//325 395//395 396//396 397//397 398//398 399//399 400//400 401//401 402//402 403//403 326//326
f 330//330 334//334 333//333 329//329
f 331//331 335//335 334//334 330//330
f 332//332 336//336 335//335 331//331
f 333//333 337//337 340//340 336//336
f 334//334 338//338 337//337 333//333
f 335//335 339//339 338//338 334//334
f 336//336 340//340 339//339 335//335
f 338//338 339//339 340//340 337//337
f 341//341 1224//1224 1223//1223 1222//1222 1221//1221 1220//1220 1219//1219 1218//1218 1217//1217 1216//1216 1215//1215 1214//1214 1213//1213 1212//1212 1211//1211 1210//1210 1209//1209 1208//1208 1207//1207 1206//1206 1205//1205 1204//1204 1203//1203 1202//1202 1201//1201 1200//1200 1199//1199 1198//1198 1197//1197 1196//1196 395//395 325//325 321//321
f 341//341 4785//4785 4824//4824 342//342
f 342//342 1253//1253 1224//1224 341//341
f 342//342 4824//4824 4823//4823 343//343
f 343//343 1282//1282 1253//1253 342//342
f 343//343 4823//4823 4822//4822 344//344
f 344//344 1311//1311 1282//1282 343//343
f 344//344 4822//4822 4821//4821 345//345
f 345//345 1340//1340 1311//1311 344//344
f 345//345 4821//4821 4820//4820 346//346
f 346//346 1369//1369 1340//1340 345//345
f 346//346 4820//4820 4819//4819 347//347
f 347//347 1398//1398 1369//1369 346//346
f 347//347 4819//4819 4818//4818 348//348
f 348//348 1427//1427 1398//1398 347//347
f 348//348 4818//4818 4817//4817 349//349
f 349//349 1456//1456 1427//1427 348//348
f 349//349 4817//4817 4816//4816 322//322
f 350//350 674//674 703//703 351//351
f 350//350 4787//4787 4786//4786 321//321
f 351//351 703//703 732//732 352//352
f 351//351 4788//4788 4787//4787 350//350
f 352//352 732//732 761//761 353//353
f 352//352 4789//4789 4788//4788 351//351
f 353//353 761//761 790//790 354//354
f 353//353 4790//4790 4789//4789 352//352
f 354//354 790//790 819//819 355//355
f 354//354 4791//4791 4790//4790 353//353
f 355//355 819//819 848//848 356//356
f 355//355 4792//4792 4791//4791 354//354
f 356//356 848//848 877//877 357//357
f 356//356 4793//4793 4792//4792 355//355
f 357//357 877//877 906//906 358//358
f 357//357 4794//4794 4793//4793 356//356
f 358//358 4795//4795 4794//4794 357//357
f 359//359 4815//4815 4814//4814 360//360
f 360//360 470//470 441//441 359//359
f 360//360 4814//4814 4813//4813 361//361
f 361//361 499//499 470//470 360//360
f 361//361 4813//4813 4812//4812 362//362
f 362//362 528//528 499//499 361//361
f 362//362 4812//4812 4811//4811 363//363
f 363//363 557//557 528//528 362//362
f 363//363 4811//4811 4810//4810 364//364
f 364//364 586//586 557//557 363//363
f 364//364 4810//4810 4809//4809 365//365
f 365//365 615//615 586//586 364//364
f 365//365 4809//4809 4808//4808 366//366
f 366//366 644//644 615//615 365//365
f 366//366 4808//4808 4807//4807 367//367
f 367//367 673//673 644//644 366//366
f 367//367 4807//4807 4806//4806 324//324
f 368//368 935//935 964//964 369//369
f 368//368 4797//4797 4796//4796 323//323
f 369//369 964//964 993//993 370//370
f 369//369 4798//4798 4797//4797 368//368
f 370//370 993//993 1022//1022 371//371
f 370//370 4799//4799 4798//4798 369//369
f 371//371 1022//1022 1051//1051 372//372
f 371//371 4800//4800 4799//4799 370//370
f 372//372 1051//1051 1080//1080 373//373
f 372//372 4801//4801 4800//4800 371//371
f 373//373 1080//1080 1109//1109 374//374
f 373//373 4802//4802 4801//4801 372//372
f 374//374 1109//1109 1138//1138 375//375
f 374//374 4803//4803 4802//4802 373//373
f 375//375 1138//1138 1167//1167 376//376
f 375//375 4804//4804 4803//4803 374//374
f 376//376 4805//4805 4804//4804 375//375
f 377//377 378//378 379//379 380//380 381//381 382//382 383//383 384//384 385//385 325//325 329//329 332//332 327//327
f 377//377 934//934 905//905 378//378
f 378//378 905//905 876//876 379//379
f 379//379 876//876 847//847 380//380
f 380//380 847//847 818//818 381//381
f 381//381 818//818 789//789 382//382
f 382//382 789//789 760//760 383//383
f 383//383 760//760 731//731 384//384
f 384//384 731//731 702//702 385//385
f 386//386 413//413 442//442 387//387
f 387//387 442//442 471//471 388//388
f 388//388 471//471 500//500 389//389
f 389//389 500//500 529//529 390//390
f 390//390 529//529 558//558 391//391
f 391//391 558//558 587//587 392//392
f 392//392 587//587 616//616 393//393
f 393//393 616//616 645//645 394//394
f 395//395 1196//1196 1225//1225 396//396
f 396//396 1225//1225 1254//1254 397//397
f 397//397 1254//1254 1283//1283 398//398
f 398//398 1283//1283 1312//1312 399//399
f 399//399 1312//1312 1341//1341 400//400
f 400//400 1341//1341 1370//1370 401//401
f 401//401 1370//1370 1399//1399 402//402
f 402//402 1399//1399 1428//1428 403//403
f 404//404 1195//1195 1166//1166 405//405
f 405//405 1166//1166 1137//1137 406//406
f 406//406 1137//1137 1108//1108 407//407
f 407//407 1108//1108 1079//1079 408//408
f 408//408 1079//1079 1050//1050 409//409
f 409//409 1050//1050 1021//1021 410//410
f 410//410 1021//1021 992//992 411//411
f 411//411 992//992 963//963 412//412
f 413//413 1558//1558 1557//1557 442//442
f 414//414 1554//1554 1553//1553 443//443
f 414//414 1559//1559 1558//1558 413//413
f 415//415 1550//1550 1549//1549 444//444
f 415//415 1555//1555 1554//1554 414//414
f 416//416 1546//1546 1545//1545 445//445
f 416//416 1551//1551 1550//1550 415//415
f 417//417 1542//1542 1541//1541 446//446
f 417//417 1547//1547 1546//1546 416//416
f 418//418 1538//1538 1537//1537 447//447
f 418//418 1543//1543 1542//1542 417//417
f 419//419 1534//1534 1533//1533 448//448
f 419//419 1539//1539 1538//1538 418//418
f 420//420 1530//1530 1529//1529 449//449
f 420//420 1535//1535 1534//1534 419//419
f 421//421 1526//1526 1525//1525 450//450
f 421//421 1531//1531 1530//1530 420//420
f 422//422 1522//1522 1521//1521 451//451
f 422//422 1527//1527 1526//1526 421//421
f 423//423 1518//1518 1517//1517 452//452
f 423//423 1523//1523 1522//1522 422//422
f 424//424 1514//1514 1513//1513 453//453
f 424//424 1519//1519 1518//1518 423//423
f 425//425 1510//1510 1509//1509 454//454
f 425//425 1515//1515 1514//1514 424//424
f 426//426 1506//1506 1505//1505 455//455
f 426//426 1511//1511 1510//1510 425//425
f 427//427 1502//1502 1501//1501 456//456
f 427//427 1507//1507 1506//1506 426//426
f 428//428 1498//1498 1497//1497 457//457
f 428//428 1503//1503 1502//1502 427//427
f 429//429 1494//1494 1493//1493 458//458
f 429//429 1499//1499 1498//1498 428//428
f 430//430 1490//1490 1489//1489 459//459
f 430//430 1495//1495 1494//1494 429//429
f 431//431 1486//1486 1485//1485 460//460
f 431//431 1491//1491 1490//1490 430//430
f 432//432 1482//1482 1481//1481 461//461
f 432//432 1487//1487 1486//1486 431//431
f 433//433 1478//1478 1477//1477 462//462
f 433//433 1483//1483 1482//1482 432//432
f 434//434 1474//1474 1473//1473 463//463
f 434//434 1479//1479 1478//1478 433//433
f 435//435 1470//1470 1469//1469 464//464
f 435//435 1475//1475 1474//1474 434//434
f 436//436 1466//1466 1465//1465 465//465
f 436//436 1471//1471 1470//1470 435//435
f 437//437 1462//1462 1461//1461 466//466
f 437//437 1467//1467 1466//1466 436//436
f 438//438 1458//1458 1457//1457 467//467
f 438//438 1463//1463 1462//1462 437//437
f 439//439 1459//1459 1458//1458 438//438
f 440//440 469//469 468//468 439//439
f 441//441 470//470 469//469 440//440
f 442//442 1557//1557 1560//1560 443//443
f 442//442 1662//1662 1661//1661 471//471
f 443//443 1553//1553 1556//1556 444//444
f 443//443 1560//1560 1559//1559 414//414
f 443//443 1658//1658 1657//1657 472//472
f 443//443 1663//1663 1662//1662 442//442
f 444//444 1549//1549 1552//1552 445//445
f 444//444 1556//1556 1555//1555 415//415
f 444//444 1654//1654 1653//1653 473//473
f 444//444 1659//1659 1658//1658 443//443
f 445//445 1545//1545 1548//1548 446//446
f 445//445 1552//1552 1551//1551 416//416
f 445//445 1650//1650 1649//1649 474//474
f 445//445 1655//1655 1654//1654 444//444
f 446//446 1541//1541 1544//1544 447//447
f 446//446 1548//1548 1547//1547 417//417
f 446//446 1646//1646 1645//1645 475//475
f 446//446 1651//1651 1650//1650 445//445
f 447//447 1537//1537 1540//1540 448//448
f 447//447 1544//1544 1543//1543 418//418
f 447//447 1642//1642 1641//1641 476//476
f 447//447 1647//1647 1646//1646 446//446
f 448//448 1533//1533 1536//1536 449//449
f 448//448 1540//1540 1539//1539 419//419
f 448//448 1638//1638 1637//1637 477//477
f 448//448 1643//1643 1642//1642 447//447
f 449//449 1529//1529 1532//1532 450//450
f 449//449 1536//1536 1535//1535 420//420
f 449//449 1634//1634 1633//1633 478//478
f 449//449 1639//1639 1638//1638 448//448
f 450//450 1525//1525 1528//1528 451//451
f 450//450 1532//1532 1531//1531 421//421
f 450//450 1630//1630 1629//1629 479//479
f 450//450 1635//1635 1634//1634 449//449
f 451//451 1521//1521 1524//1524 452//452
f 451//451 1528//1528 1527//1527 422//422
f 451//451 1626//1626 1625//1625 480//480
f 451//451 1631//1631 1630//1630 450//450
f 452//452 1517//1517 1520//1520 453//453
f 452//452 1524//1524 1523//1523 423//423
f 452//452 1622//1622 1621//1621 481//481
f 452//452 1627//1627 1626//1626 451//451
f 453//453 1513//1513 1516//1516 454//454
f 453//453 1520//1520 1519//1519 424//424
f 453//453 1618//1618 1617//1617 482//482
f 453//453 1623//1623 1622//1622 452//452
f 454//454 1509//1509 1512//1512 455//455
f 454//454 1516//1516 1515//1515 425//425
f 454//454 1614//1614 1613//1613 483//483
f 454//454 1619//1619 1618//1618 453//453
f 455//455 1505//1505 1508//1508 456//456
f 455//455 1512//1512 1511//1511 426//426
f 455//455 1610//1610 1609//1609 484//484
f 455//455 1615//1615 1614//1614 454//454
f 456//456 1501//1501 1504//1504 457//457
f 456//456 1508//1508 1507//1507 427//427
f 456//456 1606//1606 1605//1605 485//485
f 456//456 1611//1611 1610//1610 455//455
f 457//457 1497//1497 1500//1500 458//458
f 457//457 1504//1504 1503//1503 428//428
f 457//457 1602//1602 1601//1601 486//486
f 457//457 1607//1607 1606//1606 456//456
f 458//458 1493//1493 1496//1496 459//459
f 458//458 1500//1500 1499//1499 429//429
f 458//458 1598//1598 1597//1597 487//487
f 458//458 1603//1603 1602//1602 457//457
f 459//459 1489//1489 1492//1492 460//460
f 459//459 1496//1496 1495//1495 430//430
f 459//459 1594//1594 1593//1593 488//488
f 459//459 1599//1599 1598//1598 458//458
f 460//460 1485//1485 1488//1488 461//461
f 460//460 1492//1492 1491//1491 431//431
f 460//460 1590//1590 1589//1589 489//489
f 460//460 1595//1595 1594//1594 459//459
f 461//461 1481//1481 1484//1484 462//462
f 461//461 1488//1488 1487//1487 432//432
f 461//461 1586//1586 1585//1585 490//490
f 461//461 1591//1591 1590//1590 460//460
f 462//462 1477//1477 1480//1480 463//463
f 462//462 1484//1484 1483//1483 433//433
f 462//462 1582//1582 1581//1581 491//491
f 462//462 1587//1587 1586//1586 461//461
f 463//463 1473//1473 1476//1476 464//464
f 463//463 1480//1480 1479//1479 434//434
f 463//463 1578//1578 1577//1577 492//492
f 463//463 1583//1583 1582//1582 462//462
f 464//464 1469//1469 1472//1472 465//465
f 464//464 1476//1476 1475//1475 435//435
f 464//464 1574//1574 1573//1573 493//493
f 464//464 1579//1579 1578//1578 463//463
f 465//465 1465//1465 1468//1468 466//466
f 465//465 1472//1472 1471//1471 436//436
f 465//465 1570//1570 1569//1569 494//494
f 465//465 1575//1575 1574//1574 464//464
f 466//466 1461//1461 1464//1464 467//467
f 466//466 1468//1468 1467//1467 437//437
f 466//466 1566//1566 1565//1565 495//495
f 466//466 1571//1571 1570//1570 465//465
f 467//467 1457//1457 1460//1460 468//468
f 467//467 1464//1464 1463//1463 438//438
f 467//467 1562//1562 1561//1561 496//496
f 467//467 1567//1567 1566//1566 466//466
f 468//468 1460//1460 1459//1459 439//439
f 468//468 1563//1563 1562//1562 467//467
f 469//469 498//498 497//497 468//468
f 470//470 499//499 498//498 469//469
f 471//471 1661//1661 1664//1664 472//472
f 471//471 1766//1766 1765//1765 500//500
f 472//472 1657//1657 1660//1660 473//473
f 472//472 1664//1664 1663//1663 443//443
f 472//472 1762//1762 1761//1761 501//501
f 472//472 1767//1767 1766//1766 471//471
f 473//473 1653//1653 1656//1656 474//474
f 473//473 1660//1660 1659//1659 444//444
f 473//473 1758//1758 1757//1757 502//502
f 473//473 1763//1763 1762//1762 472//472
f 474//474 1649//1649 1652//1652 475//475
f 474//474 1656//1656 1655//1655 445//445
f 474//474 1754//1754 1753//1753 503//503
f 474//474 1759//1759 1758//1758 473//473
f 475//475 1645//1645 1648//1648 476//476
f 475//475 1652//1652 1651//1651 446//446
f 475//475 1750//1750 1749//1749 504//504
f 475//475 1755//1755 1754//1754 474//474
f 476//476 1641//1641 1644//1644 477//477
f 476//476 1648//1648 1647//1647 447//447
f 476//476 1746//1746 1745//1745 505//505
f 476//476 1751//1751 1750//1750 475//475
f 477//477 1637//1637 1640//1640 478//478
f 477//477 1644//1644 1643//1643 448//448
f 477//477 1742//1742 1741//1741 506//506
f 477//477 1747//1747 1746//1746 476//476
f 478//478 1633//1633 1636//1636 479//479
f 478//478 1640//1640 1639//1639 449//449
f 478//478 1738//1738 1737//1737 507//507
f 478//478 1743//1743 1742//1742 477//477
f 479//479 1629//1629 1632//1632 480//480
f 479//479 1636//1636 1635//1635 450//450
f 479//479 1734//1734 1733//1733 508//508
f 479//479 1739//1739 1738//1738 478//478
f 480//480 1625//1625 1628//1628 481//481
f 480//480 1632//1632 1631//1631 451//451
f 480//480 1730//1730 1729//1729 509//509
f 480//480 1735//1735 1734//1734 479//479
f 481//481 1621//1621 1624//1624 482//482
f 481//481 1628//1628 1627//1627 452//452
f 481//481 1726//1726 1725//1725 510//510
f 481//481 1731//1731 1730//1730 480//480
f 482//482 1617//1617 1620//1620 483//483
f 482//482 1624//1624 1623//1623 453//453
f 482//482 1722//1722 1721//1721 511//511
f 482//482 1727//1727 1726//1726 481//481
f 483//483 1613//1613 1616//1616 484//484
f 483//483 1620//1620 1619//1619 454//454
f 483//483 1718//1718 1717//1717 512//512
f 483//483 1723//1723 1722//1722 482//482
f 484//484 1609//1609 1612//1612 485//485
f 484//484 1616//1616 1615//1615 455//455
f 484//484 1714//1714 1713//1713 513//513
f 484//484 1719//1719 1718//1718 483//483
f 485//485 1605//1605 1608//1608 486//486
f 485//485 1612//1612 1611//1611 456//456
f 485//485 1710//1710 1709//1709 514//514
f 485//485 1715//1715 1714//1714 484//484
f 486//486 1601//1601 1604//1604 487//487
f 486//486 1608//1608 1607//1607 457//457
f 486//486 1706//1706 1705//1705 515//515
f 486//486 1711//1711 1710//1710 485//485
f 487//487 1597//1597 1600//1600 488//488
f 487//487 1604//1604 1603//1603 458//458
f 487//487 1702//1702 1701//1701 516//516
f 487//487 1707//1707 1706//1706 486//486
f 488//488 1593//1593 1596//1596 489//489
f 488//488 1600//1600 1599//1599 459//459
f 488//488 1698//1698 1697//1697 517//517
f 488//488 1703//1703 1702//1702 487//487
f 489//489 1589//1589 1592//1592 490//490
f 489//489 1596//1596 1595//1595 460//460
f 489//489 1694//1694 1693//1693 518//518
f 489//489 1699//1699 1698//1698 488//488
f 490//490 1585//1585 1588//1588 491//491
f 490//490 1592//1592 1591//1591 461//461
f 490//490 1690//1690 1689//1689 519//519
f 490//490 1695//1695 1694//1694 489//489
f 491//491 1581//1581 1584//1584 492//492
f 491//491 1588//1588 1587//1587 462//462
f 491//491 1686//1686 1685//1685 520//520
f 491//491 1691//1691 1690//1690 490//490
f 492//492 1577//1577 1580//1580 493//493
f 492//492 1584//1584 1583//1583 463//463
f 492//492 1682//1682 1681//1681 521//521
f 492//492 1687//1687 1686//1686 491//491
f 493//493 1573//1573 1576//1576 494//494
f 493//493 1580//1580 1579//1579 464//464
f 493//493 1678//1678 1677//1677 522//522
f 493//493 1683//1683 1682//1682 492//492
f 494//494 1569//1569 1572//1572 495//495
f 494//494 1576//1576 1575//1575 465//465
f 494//494 1674//1674 1673//1673 523//523
f 494//494 1679//1679 1678//1678 493//493
f 495//495 1565//1565 1568//1568 496//496
f 495//495 1572//1572 1571//1571 466//466
f 495//495 1670//1670 1669//1669 524//524
f 495//495 1675//1675 1674//1674 494//494
f 496//496 1561//1561 1564//1564 497//497
f 496//496 1568//1568 1567//1567 467//467
f 496//496 1666//1666 1665//1665 525//525
f 496//496 1671//1671 1670//1670 495//495
f 497//497 1564//1564 1563//1563 468//468
f 497//497 1667//1667 1666//1666 496//496
f 498//498 527//527 526//526 497//497
f 499//499 528//528 527//527 498//498
f 500//500 1765//1765 1768//1768 501//501
f 500//500 1870//1870 1869//1869 529//529
f 501//501 1761//1761 1764//1764 502//502
f 501//501 1768//1768 1767//1767 472//472
f 501//501 1866//1866 1865//1865 530//530
f 501//501 1871//1871 1870//1870 500//500
f 502//502 1757//1757 1760//1760 503//503
f 502//502 1764//1764 1763//1763 473//473
f 502//502 1862//1862 1861//1861 531//531
f 502//502 1867//1867 1866//1866 501//501
f 503//503 1753//1753 1756//1756 504//504
f 503//503 1760//1760 1759//1759 474//474
f 503//503 1858//1858 1857//1857 532//532
f 503//503 1863//1863 1862//1862 502//502
f 504//504 1749//1749 1752//1752 505//505
f 504//504 1756//1756 1755//1755 475//475
f 504//504 1854//1854 1853//1853 533//533
f 504//504 1859//1859 1858//1858 503//503
f 505//505 1745//1745 1748//1748 506//506
f 505//505 1752//1752 1751//1751 476//476
f 505//505 1850//1850 1849//1849 534//534
f 505//505 1855//1855 1854//1854 504//504
f 506//506 1741//1741 1744//1744 507//507
f 506//506 1748//1748 1747//1747 477//477
f 506//506 1846//1846 1845//1845 535//535
f 506//506 1851//1851 1850//1850 505//505
f 507//507 1737//1737 1740//1740 508//508
f 507//507 1744//1744 1743//1743 478//478
f 507//507 1842//1842 1841//1841 536//536
f 507//507 1847//1847 1846//1846 506//506
f 508//508 1733//1733 1736//1736 509//509
f 508//508 1740//1740 1739//1739 479//479
f 508//508 1838//1838 1837//1837 537//537
f 508//508 1843//1843 1842//1842 507//507
f 509//509 1729//1729 1732//1732 510//510
f 509//509 1736//1736 1735//1735 480//480
f 509//509 1834//1834 1833//1833 538//538
f 509//509 1839//1839 1838//1838 508//508
f 510//510 1725//1725 1728//1728 511//511
f 510//510 1732//1732 1731//1731 481//481
f 510//510 1830//1830 1829//1829 539//539
f 510//510 1835//1835 1834//1834 509//509
f 511//511 1721//1721 1724//1724 512//512
f 511//511 1728//1728 1727//1727 482//482
f 511//511 1826//1826 1825//1825 540//540
f 511//511 1831//1831 1830//1830 510//510
f 512//512 1717//1717 1720//1720 513//513
f 512//512 1724//1724 1723//1723 483//483
f 512//512 1822//1822 1821//1821 541//541
f 512//512 1827//1827 1826//1826 511//511
f 513//513 1713//1713 1716//1716 514//514
f 513//513 1720//1720 1719//1719 484//484
f 513//513 1818//1818 1817//1817 542//542
f 513//513 1823//1823 1822//1822 512//512
f 514//514 1709//1709 1712//1712 515//515
f 514//514 1716//1716 1715//1715 485//485
f 514//514 1814//1814 1813//1813 543//543
f 514//514 1819//1819 1818//1818 513//513
f 515//515 1705//1705 1708//1708 516//516
f 515//515 1712//1712 1711//1711 486//486
f 515//515 1810//1810 1809//1809 544//544
f 515//515 1815//1815 1814//1814 514//514
f 516//516 1701//1701 1704//1704 517//517
f 516//516 1708//1708 1707//1707 487//487
f 516//516 1806//1806 1805//1805 545//545
f 516//516 1811//1811 1810//1810 515//515
f 517//517 1697//1697 1700//1700 518//518
f 517//517 1704//1704 1703//1703 488//488
f 517//517 1802//1802 1801//1801 546//546
f 517//517 1807//1807 1806//1806 516//516
f 518//518 1693//1693 1696//1696 519//519
f 518//518 1700//1700 1699//1699 489//489
f 518//518 1798//1798 1797//1797 547//547
f 518//518 1803//1803 1802//1802 517//517
f 519//519 1689//1689 1692//1692 520//520
f 519//519 1696//1696 1695//1695 490//490
f 519//519 1794//1794 1793//1793 548//548
f 519//519 1799//1799 1798//1798 518//518
f 520//520 1685//1685 1688//1688 521//521
f 520//520 1692//1692 1691//1691 491//491
f 520//520 1790//1790 1789//1789 549//549
f 520//520 1795//1795 1794//1794 519//519
f 521//521 1681//1681 1684//1684 522//522
f 521//521 1688//1688 1687//1687 492//492
f 521//521 1786//1786 1785//1785 550//550
f 521//521 1791//1791 1790//1790 520//520
f 522//522 1677//1677 1680//1680 523//523
f 522//522 1684//1684 1683//1683 493//493
f 522//522 1782//1782 1781//1781 551//551
f 522//522 1787//1787 1786//1786 521//521
f 523//523 1673//1673 1676//1676 524//524
f 523//523 1680//1680 1679//1679 494//494
f 523//523 1778//1778 1777//1777 552//552
f 523//523 1783//1783 1782//1782 522//522
f 524//524 1669//1669 1672//1672 525//525
f 524//524 1676//1676 1675//1675 495//495
f 524//524 1774//1774 1773//1773 553//553
f 524//524 1779//1779 1778//1778 523//523
f 525//525 1665//1665 1668//1668 526//526
f 525//525 1672//1672 1671//1671 496//496
f 525//525 1770//1770 1769//1769 554//554
f 525//525 1775//1775 1774//1774 524//524
f 526//526 1668//1668 1667//1667 497//497
f 526//526 1771//1771 1770//1770 525//525
f 527//527 556//556 555//555 526//526
f 528//528 557//557 556//556 527//527
f 529//529 1869//1869 1872//1872 530//530
f 529//529 1974//1974 1973//1973 558//558
f 530//530 1865//1865 1868//1868 531//531
f 530//530 1872//1872 1871//1871 501//501
f 530//530 1970//1970 1969//1969 559//559
f 530//530 1975//1975 1974//1974 529//529
f 531//531 1861//1861 1864//1864 532//532
f 531//531 1868//1868 1867//1867 502//502
f 531//531 1966//1966 1965//1965 560//560
f 531//531 1971//1971 1970//1970 530//530
f 532//532 1857//1857 1860//1860 533//533
f 532//532 1864//1864 1863//1863 503//503
f 532//532 1962//1962 1961//1961 561//561
f 532//532 1967//1967 1966//1966 531//531
f 533//533 1853//1853 1856//1856 534//534
f 533//533 1860//1860 1859//1859 504//504
f 533//533 1958//1958 1957//1957 562//562
f 533//533 1963//1963 1962//1962 532//532
f 534//534 1849//1849 1852//1852 535//535
f 534//534 1856//1856 1855//1855 505//505
f 534//534 1954//1954 1953//1953 563//563
f 534//534 1959//1959 1958//1958 533//533
f 535//535 1845//1845 1848//1848 536//536
f 535//535 1852//1852 1851//1851 506//506
f 535//535 1950//1950 1949//1949 564//564
f 535//535 1955//1955 1954//1954 534//534
f 536//536 1841//1841 1844//1844 537//537
f 536//536 1848//1848 1847//1847 507//507
f 536//536 1946//1946 1945//1945 565//565
f 536//536 1951//1951 1950//1950 535//535
f 537//537 1837//1837 1840//1840 538//538
f 537//537 1844//1844 1843//1843 508//508
f 537//537 1942//1942 1941//1941 566//566
f 537//537 1947//1947 1946//1946 536//536
f 538//538 1833//1833 1836//1836 539//539
f 538//538 1840//1840 1839//1839 509//509
f 538//538 1938//1938 1937//1937 567//567
f 538//538 1943//1943 1942//1942 537//537
f 539//539 1829//1829 1832//1832 540//540
f 539//539 1836//1836 1835//1835 510//510
f 539//539 1934//1934 1933//1933 568//568
f 539//539 1939//1939 1938//1938 538//538
f 540//540 1825//1825 1828//1828 541//541
f 540//540 1832//1832 1831//1831 511//511
f 540//540 1930//1930 1929//1929 569//569
f 540//540 1935//1935 1934//1934 539//539
f 541//541 1821//1821 1824//1824 542//542
f 541//541 1828//1828 1827//1827 512//512
f 541//541 1926//1926 1925//1925 570//570
f 541//541 1931//1931 1930//1930 540//540
f 542//542 1817//1817 1820//1820 543//543
f 542//542 1824//1824 1823//1823 513//513
f 542//542 1922//1922 1921//1921 571//571
f 542//542 1927//1927 1926//1926 541//541
f 543//543 1813//1813 1816//1816 544//544
f 543//543 1820//1820 1819//1819 514//514
f 543//543 1918//1918 1917//1917 572//572
f 543//543 1923//1923 1922//1922 542//542
f 544//544 1809//1809 1812//1812 545//545
f 544//544 1816//1816 1815//1815 515//515
f 544//544 1914//1914 1913//1913 573//573
f 544//544 1919//1919 1918//1918 543//543
f 545//545 1805//1805 1808//1808 546//546
f 545//545 1812//1812 1811//1811 516//516
f 545//545 1910//1910 1909//1909 574//574
f 545//545 1915//1915 1914//1914 544//544
f 546//546 1801//1801 1804//1804 547//547
f 546//546 1808//1808 1807//1807 517//517
f 546//546 1906//1906 1905//1905 575//575
f 546//546 1911//1911 1910//1910 545//545
f 547//547 1797//1797 1800//1800 548//548
f 547//547 1804//1804 1803//1803 518//518
f 547//547 1902//1902 1901//1901 576//576
f 547//547 1907//1907 1906//1906 546//546
f 548//548 1793//1793 1796//1796 549//549
f 548//548 1800//1800 1799//1799 519//519
f 548//548 1898//1898 1897//1897 577//577
f 548//548 1903//1903 1902//1902 547//547
f 549//549 1789//1789 1792//1792 550//550
f 549//549 1796//1796 1795//1795 520//520
f 549//549 1894//1894 1893//1893 578//578
f 549//549 1899//1899 1898//1898 548//548
f 550//550 1785//1785 1788//1788 551//551
f 550//550 1792//1792 1791//1791 521//521
f 550//550 1890//1890 1889//1889 579//579
f 550//550 1895//1895 1894//1894 549//549
f 551//551 1781//1781 1784//1784 552//552
f 551//551 1788//1788 1787//1787 522//522
f 551//551 1886//1886 1885//1885 580//580
f 551//551 1891//1891 1890//1890 550//550
f 552//552 1777//1777 1780//1780 553//553
f 552//552 1784//1784 1783//1783 523//523
f 552//552 1882//1882 1881//1881 581//581
f 552//552 1887//1887 1886//1886 551//551
f 553//553 1773//1773 1776//1776 554//554
f 553//553 1780//1780 1779//1779 524//524
f 553//553 1878//1878 1877//1877 582//582
f 553//553 1883//1883 1882//1882 552//552
f 554//554 1769//1769 1772//1772 555//555
f 554//554 1776//1776 1775//1775 525//525
f 554//554 1874//1874 1873//1873 583//583
f 554//554 1879//1879 1878//1878 553//553
f 555//555 1772//1772 1771//1771 526//526
f 555//555 1875//1875 1874//1874 554//554
f 556//556 585//585 584//584 555//555
f 557//557 586//586 585//585 556//556
f 558//558 1973//1973 1976//1976 559//559
f 558//558 2078//2078 2077//2077 587//587
f 559//559 1969//1969 1972//1972 560//560
f 559//559 1976//1976 1975//1975 530//530
f 559//559 2074//2074 2073//2073 588//588
f 559//559 2079//2079 2078//2078 558//558
f 560//560 1965//1965 1968//1968 561//561
f 560//560 1972//1972 1971//1971 531//531
f 560//560 2070//2070 2069//2069 589//589
f 560//560 2075//2075 2074//2074 559//559
f 561//561 1961//1961 1964//1964 562//562
f 561//561 1968//1968 1967//1967 532//532
f 561//561 2066//2066 2065//2065 590//590
f 561//561 2071//2071 2070//2070 560//560
f 562//562 1957//1957 1960//1960 563//563
f 562//562 1964//1964 1963//1963 533//533
f 562//562 2062//2062 2061//2061 591//591
f 562//562 2067//2067 2066//2066 561//561
f 563//563 1953//1953 1956//1956 564//564
f 563//563 1960//1960 1959//1959 534//534
f 563//563 2058//2058 2057//2057 592//592
f 563//563 2063//2063 2062//2062 562//562
f 564//564 1949//1949 1952//1952 565//565
f 564//564 1956//1956 1955//1955 535//535
f 564//564 2054//2054 2053//2053 593//593
f 564//564 2059//2059 2058//2058 563//563
f 565//565 1945//1945 1948//1948 566//566
f 565//565 1952//1952 1951//1951 536//536
f 565//565 2050//2050 2049//2049 594//594
f 565//565 2055//2055 2054//2054 564//564
f 566//566 1941//1941 1944//1944 567//567
f 566//566 1948//1948 1947//1947 537//537
f 566//566 2046//2046 2045//2045 595//595
f 566//566 2051//2051 2050//2050 565//565
f 567//567 1937//1937 1940//1940 568//568
f 567//567 1944//1944 1943//1943 538//538
f 567//567 2042//2042 2041//2041 596//596
f 567//567 2047//2047 2046//2046 566//566
f 568//568 1933//1933 1936//1936 569//569
f 568//568 1940//1940 1939//1939 539//539
f 568//568 2038//2038 2037//2037 597//597
f 568//568 2043//2043 2042//2042 567//567
f 569//569 1929//1929 1932//1932 570//570
f 569//569 1936//1936 1935//1935 540//540
f 569//569 2034//2034 2033//2033 598//598
f 569//569 2039//2039 2038//2038 568//568
f 570//570 1925//1925 1928//1928 571//571
f 570//570 1932//1932 1931//1931 541//541
f 570//570 2030//2030 2029//2029 599//599
f 570//570 2035//2035 2034//2034 569//569
f 571//571 1921//1921 1924//1924 572//572
f 571//571 1928//1928 1927//1927 542//542
f 571//571 2026//2026 2025//2025 600//600
f 571//571 2031//2031 2030//2030 570//570
f 572//572 1917//1917 1920//1920 573//573
f 572//572 1924//1924 1923//1923 543//543
f 572//572 2022//2022 2021//2021 601//601
f 572//572 2027//2027 2026//2026 571//571
f 573//573 1913//1913 1916//1916 574//574
f 573//573 1920//1920 1919//1919 544//544
f 573//573 2018//2018 2017//2017 602//602
f 573//573 2023//2023 2022//2022 572//572
f 574//574 1909//1909 1912//1912 575//575
f 574//574 1916//1916 1915//1915 545//545
f 574//574 2014//2014 2013//2013 603//603
f 574//574 2019//2019 2018//2018 573//573
f 575//575 1905//1905 1908//1908 576//576
f 575//575 1912//1912 1911//1911 546//546
f 575//575 2010//2010 2009//2009 604//604
f 575//575 2015//2015 2014//2014 574//574
f 576//576 1901//1901 1904//1904 577//577
f 576//576 1908//1908 1907//1907 547//547
f 576//576 2006//2006 2005//2005 605//605
f 576//576 2011//2011 2010//2010 575//575
f 577//577 1897//1897 1900//1900 578//578
f 577//577 1904//1904 1903//1903 548//548
f 577//577 2002//2002 2001//2001 606//606
f 577//577 2007//2007 2006//2006 576//576
f 578//578 1893//1893 1896//1896 579//579
f 578//578 1900//1900 1899//1899 549//549
f 578//578 1998//1998 1997//1997 607//607
f 578//578 2003//2003 2002//2002 577//577
f 579//579 1889//1889 1892//1892 580//580
f 579//579 1896//1896 1895//1895 550//550
f 579//579 1994//1994 1993//1993 608//608
f 579//579 1999//1999 1998//1998 578//578
f 580//580 1885//1885 1888//1888 581//581
f 580//580 1892//1892 1891//1891 551//551
f 580//580 1990//1990 1989//1989 609//609
f 580//580 1995//1995 1994//1994 579//579
f 581//581 1881//1881 1884//1884 582//582
f 581//581 1888//1888 1887//1887 552//552
f 581//581 1986//1986 1985//1985 610//610
f 581//581 1991//1991 1990//1990 580//580
f 582//582 1877//1877 1880//1880 583//583
f 582//582 1884//1884 1883//1883 553//553
f 582//582 1982//1982 1981//1981 611//611
f 582//582 1987//1987 1986//1986 581//581
f 583//583 1873//1873 1876//1876 584//584
f 583//583 1880//1880 1879//1879 554//554
f 583//583 1978//1978 1977//1977 612//612
f 583//583 1983//1983 1982//1982 582//582
f 584//584 1876//1876 1875//1875 555//555
f 584//584 1979//1979 1978//1978 583//583
f 585//585 614//614 613//613 584//584
f 586//586 615//615 614//614 585//585
f 587//587 2077//2077 2080//2080 588//588
f 587//587 2182//2182 2181//2181 616//616
f 588//588 2073//2073 2076//2076 589//589
f 588//588 2080//2080 2079//2079 559//559
f 588//588 2178//2178 2177//2177 617//617
f 588//588 2183//2183 2182//2182 587//587
f 589//589 2069//2069 2072//2072 590//590
f 589//589 2076//2076 2075//2075 560//560
f 589//589 2174//2174 2173//2173 618//618
f 589//589 2179//2179 2178//2178 588//588
f 590//590 2065//2065 2068//2068 591//591
f 590//590 2072//2072 2071//2071 561//561
f 590//590 2170//2170 2169//2169 619//619
f 590//590 2175//2175 2174//2174 589//589
f 591//591 2061//2061 2064//2064 592//592
f 591//591 2068//2068 2067//2067 562//562
f 591//591 2166//2166 2165//2165 620//620
f 591//591 2171//2171 2170//2170 590//590
f 592//592 2057//2057 2060//2060 593//593
f 592//592 2064//2064 2063//2063 563//563
f 592//592 2162//2162 2161//2161 621//621
f 592//592 2167//2167 2166//2166 591//591
f 593//593 2053//2053 2056//2056 594//594
f 593//593 2060//2060 2059//2059 564//564
f 593//593 2158//2158 2157//2157 622//622
f 593//593 2163//2163 2162//2162 592//592
f 594//594 2049//2049 2052//2052 595//595
f 594//594 2056//2056 2055//2055 565//565
f 594//594 2154//2154 2153//2153 623//623
f 594//594 2159//2159 2158//2158 593//593
f 595//595 2045//2045 2048//2048 596//596
f 595//595 2052//2052 2051//2051 566//566
f 595//595 2150//2150 2149//2149 624//624
f 595//595 2155//2155 2154//2154 594//594
f 596//596 2041//2041 2044//2044 597//597
f 596//596 2048//2048 2047//2047 567//567
f 596//596 2146//2146 2145//2145 625//625
f 596//596 2151//2151 2150//2150 595//595
f 597//597 2037//2037 2040//2040 598//598
f 597//597 2044//2044 2043//2043 568//568
f 597//597 2142//2142 2141//2141 626//626
f 597//597 2147//2147 2146//2146 596//596
f 598//598 2033//2033 2036//2036 599//599
f 598//598 2040//2040 2039//2039 569//569
f 598//598 2138//2138 2137//2137 627//627
f 598//598 2143//2143 2142//2142 597//597
f 599//599 2029//2029 2032//2032 600//600
f 599//599 2036//2036 2035//2035 570//570
f 599//599 2134//2134 2133//2133 628//628
f 599//599 2139//2139 2138//2138 598//598
f 600//600 2025//2025 2028//2028 601//601
f 600//600 2032//2032 2031//2031 571//571
f 600//600 2130//2130 2129//2129 629//629
f 600//600 2135//2135 2134//2134 599//599
f 601//601 2021//2021 2024//2024 602//602
f 601//601 2028//2028 2027//2027 572//572
f 601//601 2126//2126 2125//2125 630//630
f 601//601 2131//2131 2130//2130 600//600
f 602//602 2017//2017 2020//2020 603//603
f 602//602 2024//2024 2023//2023 573//573
f 602//602 2122//2122 2121//2121 631//631
f 602//602 2127//2127 2126//2126 601//601
f 603//603 2013//2013 2016//2016 604//604
f 603//603 2020//2020 2019//2019 574//574
f 603//603 2118//2118 2117//2117 632//632
f 603//603 2123//2123 2122//2122 602//602
f 604//604 2009//2009 2012//2012 605//605
f 604//604 2016//2016 2015//2015 575//575
f 604//604 2114//2114 2113//2113 633//633
f 604//604 2119//2119 2118//2118 603//603
f 605//605 2005//2005 2008//2008 606//606
f 605//605 2012//2012 2011//2011 576//576
f 605//605 2110//2110 2109//2109 634//634
f 605//605 2115//2115 2114//2114 604//604
f 606//606 2001//2001 2004//2004 607//607
f 606//606 2008//2008 2007//2007 577//577
f 606//606 2106//2106 2105//2105 635//635
f 606//606 2111//2111 2110//2110 605//605
f 607//607 1997//1997 2000//2000 608//608
f 607//607 2004//2004 2003//2003 578//578
f 607//607 2102//2102 2101//2101 636//636
f 607//607 2107//2107 2106//2106 606//606
f 608//608 1993//1993 1996//1996 609//609
f 608//608 2000//2000 1999//1999 579//579
f 608//608 2098//2098 2097//2097 637//637
f 608//608 2103//2103 2102//2102 607//607
f 609//609 1989//1989 1992//1992 610//610
f 609//609 1996//1996 1995//1995 580//580
f 609//609 2094//2094 2093//2093 638//638
f 609//609 2099//2099 2098//2098 608//608
f 610//610 1985//1985 1988//1988 611//611
f 610//610 1992//1992 1991//1991 581//581
f 610//610 2090//2090 2089//2089 639//639
f 610//610 2095//2095 2094//2094 609//609
f 611//611 1981//1981 1984//1984 612//612
f 611//611 1988//1988 1987//1987 582//582
f 611//611 2086//2086 2085//2085 640//640
f 611//611 2091//2091 2090//2090 610//610
f 612//612 1977//1977 1980//1980 613//613
f 612//612 1984//1984 1983//1983 583//583
f 612//612 2082//2082 2081//2081 641//641
f 612//612 2087//2087 2086//2086 611//611
f 613//613 1980//1980 1979//1979 584//584
f 613//613 2083//2083 2082//2082 612//612
f 614//614 643//643 642//642 613//613
f 615//615 644//644 643//643 614//614
f 616//616 2181//2181 2184//2184 617//617
f 616//616 2286//2286 2285//2285 645//645
f 617//617 2177//2177 2180//2180 618//618
f 617//617 2184//2184 2183//2183 588//588
f 617//617 2282//2282 2281//2281 646//646
f 617//617 2287//2287 2286//2286 616//616
f 618//618 2173//2173 2176//2176 619//619
f 618//618 2180//2180 2179//2179 589//589
f 618//618 2278//2278 2277//2277 647//647
f 618//618 2283//2283 2282//2282 617//617
f 619//619 2169//2169 2172//2172 620//620
f 619//619 2176//2176 2175//2175 590//590
f 619//619 2274//2274 2273//2273 648//648
f 619//619 2279//2279 2278//2278 618//618
f 620//620 2165//2165 2168//2168 621//621
f 620//620 2172//2172 2171//2171 591//591
f 620//620 2270//2270 2269//2269 649//649
f 620//620 2275//2275 2274//2274 619//619
f 621//621 2161//2161 2164//2164 622//622
f 621//621 2168//2168 2167//2167 592//592
f 621//621 2266//2266 2265//2265 650//650
f 621//621 2271//2271 2270//2270 620//620
f 622//622 2157//2157 2160//2160 623//623
f 622//622 2164//2164 2163//2163 593//593
f 622//622 2262//2262 2261//2261 651//651
f 622//622 2267//2267 2266//2266 621//621
f 623//623 2153//2153 2156//2156 624//624
f 623//623 2160//2160 2159//2159 594//594
f 623//623 2258//2258 2257//2257 652//652
f 623//623 2263//2263 2262//2262 622//622
f 624//624 2149//2149 2152//2152 625//625
f 624//624 2156//2156 2155//2155 595//595
f 624//624 2254//2254 2253//2253 653//653
f 624//624 2259//2259 2258//2258 623//623
f 625//625 2145//2145 2148//2148 626//626
f 625//625 2152//2152 2151//2151 596//596
f 625//625 2250//2250 2249//2249 654//654
f 625//625 2255//2255 2254//2254 624//624
f 626//626 2141//2141 2144//2144 627//627
f 626//626 2148//2148 2147//2147 597//597
f 626//626 2246//2246 2245//2245 655//655
f 626//626 2251//2251 2250//2250 625//625
f 627//627 2137//2137 2140//2140 628//628
f 627//627 2144//2144 2143//2143 598//598
f 627//627 2242//2242 2241//2241 656//656
f 627//627 2247//2247 2246//2246 626//626
f 628//628 2133//2133 2136//2136 629//629
f 628//628 2140//2140 2139//2139 599//599
f 628//628 2238//2238 2237//2237 657//657
f 628//628 2243//2243 2242//2242 627//627
f 629//629 2129//2129 2132//2132 630//630
f 629//629 2136//2136 2135//2135 600//600
f 629//629 2234//2234 2233//2233 658//658
f 629//629 2239//2239 2238//2238 628//628
f 630//630 2125//2125 2128//2128 631//631
f 630//630 2132//2132 2131//2131 601//601
f 630//630 2230//2230 2229//2229 659//659
f 630//630 2235//2235 2234//2234 629//629
f 631//631 2121//2121 2124//2124 632//632
f 631//631 2128//2128 2127//2127 602//602
f 631//631 2226//2226 2225//2225 660//660
f 631//631 2231//2231 2230//2230 630//630
f 632//632 2117//2117 2120//2120 633//633
f 632//632 2124//2124 2123//2123 603//603
f 632//632 2222//2222 2221//2221 661//661
f 632//632 2227//2227 2226//2226 631//631
f 633//633 2113//2113 2116//2116 634//634
f 633//633 2120//2120 2119//2119 604//604
f 633//633 2218//2218 2217//2217 662//662
f 633//633 2223//2223 2222//2222 632//632
f 634//634 2109//2109 2112//2112 635//635
f 634//634 2116//2116 2115//2115 605//605
f 634//634 2214//2214 2213//2213 663//663
f 634//634 2219//2219 2218//2218 633//633
f 635//635 2105//2105 2108//2108 636//636
f 635//635 2112//2112 2111//2111 606//606
f 635//635 2210//2210 2209//2209 664//664
f 635//635 2215//2215 2214//2214 634//634
f 636//636 2101//2101 2104//2104 637//637
f 636//636 2108//2108 2107//2107 607//607
f 636//636 2206//2206 2205//2205 665//665
f 636//636 2211//2211 2210//2210 635//635
f 637//637 2097//2097 2100//2100 638//638
f 637//637 2104//2104 2103//2103 608//608
f 637//637 2202//2202 2201//2201 666//666
f 637//637 2207//2207 2206//2206 636//636
f 638//638 2093//2093 2096//2096 639//639
f 638//638 2100//2100 2099//2099 609//609
f 638//638 2198//2198 2197//2197 667//667
f 638//638 2203//2203 2202//2202 637//637
f 639//639 2089//2089 2092//2092 640//640
f 639//639 2096//2096 2095//2095 610//610
f 639//639 2194//2194 2193//2193 668//668
f 639//639 2199//2199 2198//2198 638//638
f 640//640 2085//2085 2088//2088 641//641
f 640//640 2092//2092 2091//2091 611//611
f 640//640 2190//2190 2189//2189 669//669
f 640//640 2195//2195 2194//2194 639//639
f 641//641 2081//2081 2084//2084 642//642
f 641//641 2088//2088 2087//2087 612//612
f 641//641 2186//2186 2185//2185 670//670
f 641//641 2191//2191 2190//2190 640//640
f 642//642 2084//2084 2083//2083 613//613
f 642//642 2187//2187 2186//2186 641//641
f 643//643 672//672 671//671 642//642
f 644//644 673//673 672//672 643//643
f 645//645 2285//2285 2288//2288 646//646
f 646//646 2281//2281 2284//2284 647//647
f 646//646 2288//2288 2287//2287 617//617
f 647//647 2277//2277 2280//2280 648//648
f 647//647 2284//2284 2283//2283 618//618
f 648//648 2273//2273 2276//2276 649//649
f 648//648 2280//2280 2279//2279 619//619
f 649//649 2269//2269 2272//2272 650//650
f 649//649 2276//2276 2275//2275 620//620
f 650//650 2265//2265 2268//2268 651//651
f 650//650 2272//2272 2271//2271 621//621
f 651//651 2261//2261 2264//2264 652//652
f 651//651 2268//2268 2267//2267 622//622
f 652//652 2257//2257 2260//2260 653//653
f 652//652 2264//2264 2263//2263 623//623
f 653//653 2253//2253 2256//2256 654//654
f 653//653 2260//2260 2259//2259 624//624
f 654//654 2249//2249 2252//2252 655//655
f 654//654 2256//2256 2255//2255 625//625
f 655//655 2245//2245 2248//2248 656//656
f 655//655 2252//2252 2251//2251 626//626
f 656//656 2241//2241 2244//2244 657//657
f 656//656 2248//2248 2247//2247 627//627
f 657//657 2237//2237 2240//2240 658//658
f 657//657 2244//2244 2243//2243 628//628
f 658//658 2233//2233 2236//2236 659//659
f 658//658 2240//2240 2239//2239 629//629
f 659//659 2229//2229 2232//2232 660//660
f 659//659 2236//2236 2235//2235 630//630
f 660//660 2225//2225 2228//2228 661//661
f 660//660 2232//2232 2231//2231 631//631
f 661//661 2221//2221 2224//2224 662//662
f 661//661 2228//2228 2227//2227 632//632
f 662//662 2217//2217 2220//2220 663//663
f 662//662 2224//2224 2223//2223 633//633
f 663//663 2213//2213 2216//2216 664//664
f 663//663 2220//2220 2219//2219 634//634
f 664//664 2209//2209 2212//2212 665//665
f 664//664 2216//2216 2215//2215 635//635
f 665//665 2205//2205 2208//2208 666//666
f 665//665 2212//2212 2211//2211 636//636
f 666//666 2201//2201 2204//2204 667//667
f 666//666 2208//2208 2207//2207 637//637
f 667//667 2197//2197 2200//2200 668//668
f 667//667 2204//2204 2203//2203 638//638
f 668//668 2193//2193 2196//2196 669//669
f 668//668 2200//2200 2199//2199 639//639
f 669//669 2189//2189 2192//2192 670//670
f 669//669 2196//2196 2195//2195 640//640
f 670//670 2185//2185 2188//2188 671//671
f 670//670 2192//2192 2191//2191 641//641
f 671//671 2188//2188 2187//2187 642//642
f 675//675 704//704 703//703 674//674
f 676//676 705//705 704//704 675//675
f 676//676 2292//2292 2291//2291 705//705
f 677//677 2289//2289 2292//2292 676//676
f 677//677 2296//2296 2295//2295 706//706
f 678//678 2293//2293 2296//2296 677//677
f 678//678 2300//2300 2299//2299 707//707
f 679//679 2297//2297 2300//2300 678//678
f 679//679 2304//2304 2303//2303 708//708
f 680//680 2301//2301 2304//2304 679//679
f 680//680 2308//2308 2307//2307 709//709
f 681//681 2305//2305 2308//2308 680//680
f 681//681 2312//2312 2311//2311 710//710
f 682//682 2309//2309 2312//2312 681//681
f 682//682 2316//2316 2315//2315 711//711
f 683//683 2313//2313 2316//2316 682//682
f 683//683 2320//2320 2319//2319 712//712
f 684//684 2317//2317 2320//2320 683//683
f 684//684 2324//2324 2323//2323 713//713
f 685//685 2321//2321 2324//2324 684//684
f 685//685 2328//2328 2327//2327 714//714
f 686//686 2325//2325 2328//2328 685//685
f 686//686 2332//2332 2331//2331 715//715
f 687//687 2329//2329 2332//2332 686//686
f 687//687 2336//2336 2335//2335 716//716
f 688//688 2333//2333 2336//2336 687//687
f 688//688 2340//2340 2339//2339 717//717
f 689//689 2337//2337 2340//2340 688//688
f 689//689 2344//2344 2343//2343 718//718
f 690//690 2341//2341 2344//2344 689//689
f 690//690 2348//2348 2347//2347 719//719
f 691//691 2345//2345 2348//2348 690//690
f 691//691 2352//2352 2351//2351 720//720
f 692//692 2349//2349 2352//2352 691//691
f 692//692 2356//2356 2355//2355 721//721
f 693//693 2353//2353 2356//2356 692//692
f 693//693 2360//2360 2359//2359 722//722
f 694//694 2357//2357 2360//2360 693//693
f 694//694 2364//2364 2363//2363 723//723
f 695//695 2361//2361 2364//2364 694//694
f 695//695 2368//2368 2367//2367 724//724
f 696//696 2365//2365 2368//2368 695//695
f 696//696 2372//2372 2371//2371 725//725
f 697//697 2369//2369 2372//2372 696//696
f 697//697 2376//2376 2375//2375 726//726
f 698//698 2373//2373 2376//2376 697//697
f 698//698 2380//2380 2379//2379 727//727
f 699//699 2377//2377 2380//2380 698//698
f 699//699 2384//2384 2383//2383 728//728
f 700//700 2381//2381 2384//2384 699//699
f 700//700 2388//2388 2387//2387 729//729
f 701//701 2385//2385 2388//2388 700//700
f 701//701 2392//2392 2391//2391 730//730
f 702//702 2389//2389 2392//2392 701//701
f 704//704 733//733 732//732 703//703
f 705//705 734//734 733//733 704//704
f 705//705 2291//2291 2290//2290 706//706
f 705//705 2396//2396 2395//2395 734//734
f 706//706 2290//2290 2289//2289 677//677
f 706//706 2295//2295 2294//2294 707//707
f 706//706 2393//2393 2396//2396 705//705
f 706//706 2400//2400 2399//2399 735//735
f 707//707 2294//2294 2293//2293 678//678
f 707//707 2299//2299 2298//2298 708//708
f 707//707 2397//2397 2400//2400 706//706
f 707//707 2404//2404 2403//2403 736//736
f 708//708 2298//2298 2297//2297 679//679
f 708//708 2303//2303 2302//2302 709//709
f 708//708 2401//2401 2404//2404 707//707
f 708//708 2408//2408 2407//2407 737//737
f 709//709 2302//2302 2301//2301 680//680
f 709//709 2307//2307 2306//2306 710//710
f 709//709 2405//2405 2408//2408 708//708
f 709//709 2412//2412 2411//2411 738//738
f 710//710 2306//2306 2305//2305 681//681
f 710//710 2311//2311 2310//2310 711//711
f 710//710 2409//2409 2412//2412 709//709
f 710//710 2416//2416 2415//2415 739//739
f 711//711 2310//2310 2309//2309 682//682
f 711//711 2315//2315 2314//2314 712//712
f 711//711 2413//2413 2416//2416 710//710
f 711//711 2420//2420 2419//2419 740//740
f 712//712 2314//2314 2313//2313 683//683
f 712//712 2319//2319 2318//2318 713//713
f 712//712 2417//2417 2420//2420 711//711
f 712//712 2424//2424 2423//2423 741//741
f 713//713 2318//2318 2317//2317 684//684
f 713//713 2323//2323 2322//2322 714//714
f 713//713 2421//2421 2424//2424 712//712
f 713//713 2428//2428 2427//2427 742//742
f 714//714 2322//2322 2321//2321 685//685
f 714//714 2327//2327 2326//2326 715//715
f 714//714 2425//2425 2428//2428 713//713
f 714//714 2432//2432 2431//2431 743//743
f 715//715 2326//2326 2325//2325 686//686
f 715//715 2331//2331 2330//2330 716//716
f 715//715 2429//2429 2432//2432 714//714
f 715//715 2436//2436 2435//2435 744//744
f 716//716 2330//2330 2329//2329 687//687
f 716//716 2335//2335 2334//2334 717//717
f 716//716 2433//2433 2436//2436 715//715
f 716//716 2440//2440 2439//2439 745//745
f 717//717 2334//2334 2333//2333 688//688
f 717//717 2339//2339 2338//2338 718//718
f 717//717 2437//2437 2440//2440 716//716
f 717//717 2444//2444 2443//2443 746//746
f 718//718 2338//2338 2337//2337 689//689
f 718//718 2343//2343 2342//2342 719//719
f 718//718 2441//2441 2444//2444 717//717
f 718//718 2448//2448 2447//2447 747//747
f 719//719 2342//2342 2341//2341 690//690
f 719//719 2347//2347 2346//2346 720//720
f 719//719 2445//2445 2448//2448 718//718
f 719//719 2452//2452 2451//2451 748//748
f 720//720 2346//2346 2345//2345 691//691
f 720//720 2351//2351 2350//2350 721//721
f 720//720 2449//2449 2452//2452 719//719
f 720//720 2456//2456 2455//2455 749//749
f 721//721 2350//2350 2349//2349 692//692
f 721//721 2355//2355 2354//2354 722//722
f 721//721 2453//2453 2456//2456 720//720
f 721//721 2460//2460 2459//2459 750//750
f 722//722 2354//2354 2353//2353 693//693
f 722//722 2359//2359 2358//2358 723//723
f 722//722 2457//2457 2460//2460 721//721
f 722//722 2464//2464 2463//2463 751//751
f 723//723 2358//2358 2357//2357 694//694
f 723//723 2363//2363 2362//2362 724//724
f 723//723 2461//2461 2464//2464 722//722
f 723//723 2468//2468 2467//2467 752//752
f 724//724 2362//2362 2361//2361 695//695
f 724//724 2367//2367 2366//2366 725//725
f 724//724 2465//2465 2468//2468 723//723
f 724//724 2472//2472 2471//2471 753//753
f 725//725 2366//2366 2365//2365 696//696
f 725//725 2371//2371 2370//2370 726//726
f 725//725 2469//2469 2472//2472 724//724
f 725//725 2476//2476 2475//2475 754//754
f 726//726 2370//2370 2369//2369 697//697
f 726//726 2375//2375 2374//2374 727//727
f 726//726 2473//2473 2476//2476 725//725
f 726//726 2480//2480 2479//2479 755//755
f 727//727 2374//2374 2373//2373 698//698
f 727//727 2379//2379 2378//2378 728//728
f 727//727 2477//2477 2480//2480 726//726
f 727//727 2484//2484 2483//2483 756//756
f 728//728 2378//2378 2377//2377 699//699
f 728//728 2383//2383 2382//2382 729//729
f 728//728 2481//2481 2484//2484 727//727
f 728//728 2488//2488 2487//2487 757//757
f 729//729 2382//2382 2381//2381 700//700
f 729//729 2387//2387 2386//2386 730//730
f 729//729 2485//2485 2488//2488 728//728
f 729//729 2492//2492 2491//2491 758//758
f 730//730 2386//2386 2385//2385 701//701
f 730//730 2391//2391 2390//2390 731//731
f 730//730 2489//2489 2492//2492 729//729
f 730//730 2496//2496 2495//2495 759//759
f 731//731 2390//2390 2389//2389 702//702
f 731//731 2493//2493 2496//2496 730//730
f 733//733 762//762 761//761 732//732
f 734//734 763//763 762//762 733//733
f 734//734 2395//2395 2394//2394 735//735
f 734//734 2500//2500 2499//2499 763//763
f 735//735 2394//2394 2393//2393 706//706
f 735//735 2399//2399 2398//2398 736//736
f 735//735 2497//2497 2500//2500 734//734
f 735//735 2504//2504 2503//2503 764//764
f 736//736 2398//2398 2397//2397 707//707
f 736//736 2403//2403 2402//2402 737//737
f 736//736 2501//2501 2504//2504 735//735
f 736//736 2508//2508 2507//2507 765//765
f 737//737 2402//2402 2401//2401 708//708
f 737//737 2407//2407 2406//2406 738//738
f 737//737 2505//2505 2508//2508 736//736
f 737//737 2512//2512 2511//2511 766//766
f 738//738 2406//2406 2405//2405 709//709
f 738//738 2411//2411 2410//2410 739//739
f 738//738 2509//2509 2512//2512 737//737
f 738//738 2516//2516 2515//2515 767//767
f 739//739 2410//2410 2409//2409 710//710
f 739//739 2415//2415 2414//2414 740//740
f 739//739 2513//2513 2516//2516 738//738
f 739//739 2520//2520 2519//2519 768//768
f 740//740 2414//2414 2413//2413 711//711
f 740//740 2419//2419 2418//2418 741//741
f 740//740 2517//2517 2520//2520 739//739
f 740//740 2524//2524 2523//2523 769//769
f 741//741 2418//2418 2417//2417 712//712
f 741//741 2423//2423 2422//2422 742//742
f 741//741 2521//2521 2524//2524 740//740
f 741//741 2528//2528 2527//2527 770//770
f 742//742 2422//2422 2421//2421 713//713
f 742//742 2427//2427 2426//2426 743//743
f 742//742 2525//2525 2528//2528 741//741
f 742//742 2532//2532 2531//2531 771//771
f 743//743 2426//2426 2425//2425 714//714
f 743//743 2431//2431 2430//2430 744//744
f 743//743 2529//2529 2532//2532 742//742
f 743//743 2536//2536 2535//2535 772//772
f 744//744 2430//2430 2429//2429 715//715
f 744//744 2435//2435 2434//2434 745//745
f 744//744 2533//2533 2536//2536 743//743
f 744//744 2540//2540 2539//2539 773//773
f 745//745 2434//2434 2433//2433 716//716
f 745//745 2439//2439 2438//2438 746//746
f 745//745 2537//2537 2540//2540 744//744
f 745//745 2544//2544 2543//2543 774//774
f 746//746 2438//2438 2437//2437 717//717
f 746//746 2443//2443 2442//2442 747//747
f 746//746 2541//2541 2544//2544 745//745
f 746//746 2548//2548 2547//2547 775//775
f 747//747 2442//2442 2441//2441 718//718
f 747//747 2447//2447 2446//2446 748//748
f 747//747 2545//2545 2548//2548 746//746
f 747//747 2552//2552 2551//2551 776//776
f 748//748 2446//2446 2445//2445 719//719
f 748//748 2451//2451 2450//2450 749//749
f 748//748 2549//2549 2552//2552 747//747
f 748//748 2556//2556 2555//2555 777//777
f 749//749 2450//2450 2449//2449 720//720
f 749//749 2455//2455 2454//2454 750//750
f 749//749 2553//2553 2556//2556 748//748
f 749//749 2560//2560 2559//2559 778//778
f 750//750 2454//2454 2453//2453 721//721
f 750//750 2459//2459 2458//2458 751//751
f 750//750 2557//2557 2560//2560 749//749
f 750//750 2564//2564 2563//2563 779//779
f 751//751 2458//2458 2457//2457 722//722
f 751//751 2463//2463 2462//2462 752//752
f 751//751 2561//2561 2564//2564 750//750
f 751//751 2568//2568 2567//2567 780//780
f 752//752 2462//2462 2461//2461 723//723
f 752//752 2467//2467 2466//2466 753//753
f 752//752 2565//2565 2568//2568 751//751
f 752//752 2572//2572 2571//2571 781//781
f 753//753 2466//2466 2465//2465 724//724
f 753//753 2471//2471 2470//2470 754//754
f 753//753 2569//2569 2572//2572 752//752
f 753//753 2576//2576 2575//2575 782//782
f 754//754 2470//2470 2469//2469 725//725
f 754//754 2475//2475 2474//2474 755//755
f 754//754 2573//2573 2576//2576 753//753
f 754//754 2580//2580 2579//2579 783//783
f 755//755 2474//2474 2473//2473 726//726
f 755//755 2479//2479 2478//2478 756//756
f 755//755 2577//2577 2580//2580 754//754
f 755//755 2584//2584 2583//2583 784//784
f 756//756 2478//2478 2477//2477 727//727
f 756//756 2483//2483 2482//2482 757//757
f 756//756 2581//2581 2584//2584 755//755
f 756//756 2588//2588 2587//2587 785//785
f 757//757 2482//2482 2481//2481 728//728
f 757//757 2487//2487 2486//2486 758//758
f 757//757 2585//2585 2588//2588 756//756
f 757//757 2592//2592 2591//2591 786//786
f 758//758 2486//2486 2485//2485 729//729
f 758//758 2491//2491 2490//2490 759//759
f 758//758 2589//2589 2592//2592 757//757
f 758//758 2596//2596 2595//2595 787//787
f 759//759 2490//2490 2489//2489 730//730
f 759//759 2495//2495 2494//2494 760//760
f 759//759 2593//2593 2596//2596 758//758
f 759//759 2600//2600 2599//2599 788//788
f 760//760 2494//2494 2493//2493 731//731
f 760//760 2597//2597 2600//2600 759//759
f 762//762 791//791 790//790 761//761
f 763//763 792//792 791//791 762//762
f 763//763 2499//2499 2498//2498 764//764
f 763//763 2604//2604 2603//2603 792//792
f 764//764 2498//2498 2497//2497 735//735
f 764//764 2503//2503 2502//2502 765//765
f 764//764 2601//2601 2604//2604 763//763
f 764//764 2608//2608 2607//2607 793//793
f 765//765 2502//2502 2501//2501 736//736
f 765//765 2507//2507 2506//2506 766//766
f 765//765 2605//2605 2608//2608 764//764
f 765//765 2612//2612 2611//2611 794//794
f 766//766 2506//2506 2505//2505 737//737
f 766//766 2511//2511 2510//2510 767//767
f 766//766 2609//2609 2612//2612 765//765
f 766//766 2616//2616 2615//2615 795//795
f 767//767 2510//2510 2509//2509 738//738
f 767//767 2515//2515 2514//2514 768//768
f 767//767 2613//2613 2616//2616 766//766
f 767//767 2620//2620 2619//2619 796//796
f 768//768 2514//2514 2513//2513 739//739
f 768//768 2519//2519 2518//2518 769//769
f 768//768 2617//2617 2620//2620 767//767
f 768//768 2624//2624 2623//2623 797//797
f 769//769 2518//2518 2517//2517 740//740
f 769//769 2523//2523 2522//2522 770//770
f 769//769 2621//2621 2624//2624 768//768
f 769//769 2628//2628 2627//2627 798//798
f 770//770 2522//2522 2521//2521 741//741
f 770//770 2527//2527 2526//2526 771//771
f 770//770 2625//2625 2628//2628 769//769
f 770//770 2632//2632 2631//2631 799//799
f 771//771 2526//2526 2525//2525 742//742
f 771//771 2531//2531 2530//2530 772//772
f 771//771 2629//2629 2632//2632 770//770
f 771//771 2636//2636 2635//2635 800//800
f 772//772 2530//2530 2529//2529 743//743
f 772//772 2535//2535 2534//2534 773//773
f 772//772 2633//2633 2636//2636 771//771
f 772//772 2640//2640 2639//2639 801//801
f 773//773 2534//2534 2533//2533 744//744
f 773//773 2539//2539 2538//2538 774//774
f 773//773 2637//2637 2640//2640 772//772
f 773//773 2644//2644 2643//2643 802//802
f 774//774 2538//2538 2537//2537 745//745
f 774//774 2543//2543 2542//2542 775//775
f 774//774 2641//2641 2644//2644 773//773
f 774//774 2648//2648 2647//2647 803//803
f 775//775 2542//2542 2541//2541 746//746
f 775//775 2547//2547 2546//2546 776//776
f 775//775 2645//2645 2648//2648 774//774
f 775//775 2652//2652 2651//2651 804//804
f 776//776 2546//2546 2545//2545 747//747
f 776//776 2551//2551 2550//2550 777//777
f 776//776 2649//2649 2652//2652 775//775
f 776//776 2656//2656 2655//2655 805//805
f 777//777 2550//2550 2549//2549 748//748
f 777//777 2555//2555 2554//2554 778//778
f 777//777 2653//2653 2656//2656 776//776
f 777//777 2660//2660 2659//2659 806//806
f 778//778 2554//2554 2553//2553 749//749
f 778//778 2559//2559 2558//2558 779//779
f 778//778 2657//2657 2660//2660 777//777
f 778//778 2664//2664 2663//2663 807//807
f 779//779 2558//2558 2557//2557 750//750
f 779//779 2563//2563 2562//2562 780//780
f 779//779 2661//2661 2664//2664 778//778
f 779//779 2668//2668 2667//2667 808//808
f 780//780 2562//2562 2561//2561 751//751
f 780//780 2567//2567 2566//2566 781//781
f 780//780 2665//2665 2668//2668 779//779
f 780//780 2672//2672 2671//2671 809//809
f 781//781 2566//2566 2565//2565 752//752
f 781//781 2571//2571 2570//2570 782//782
f 781//781 2669//2669 2672//2672 780//780
f 781//781 2676//2676 2675//2675 810//810
f 782//782 2570//2570 2569//2569 753//753
f 782//782 2575//2575 2574//2574 783//783
f 782//782 2673//2673 2676//2676 781//781
f 782//782 2680//2680 2679//2679 811//811
f 783//783 2574//2574 2573//2573 754//754
f 783//783 2579//2579 2578//2578 784//784
f 783//783 2677//2677 2680//2680 782//782
f 783//783 2684//2684 2683//2683 812//812
f 784//784 2578//2578 2577//2577 755//755
f 784//784 2583//2583 2582//2582 785//785
f 784//784 2681//2681 2684//2684 783//783
f 784//784 2688//2688 2687//2687 813//813
f 785//785 2582//2582 2581//2581 756//756
f 785//785 2587//2587 2586//2586 786//786
f 785//785 2685//2685 2688//2688 784//784
f 785//785 2692//2692 2691//2691 814//814
f 786//786 2586//2586 2585//2585 757//757
f 786//786 2591//2591 2590//2590 787//787
f 786//786 2689//2689 2692//2692 785//785
f 786//786 2696//2696 2695//2695 815//815
f 787//787 2590//2590 2589//2589 758//758
f 787//787 2595//2595 2594//2594 788//788
f 787//787 2693//2693 2696//2696 786//786
f 787//787 2700//2700 2699//2699 816//816
f 788//788 2594//2594 2593//2593 759//759
f 788//788 2599//2599 2598//2598 789//789
f 788//788 2697//2697 2700//2700 787//787
f 788//788 2704//2704 2703//2703 817//817
f 789//789 2598//2598 2597//2597 760//760
f 789//789 2701//2701 2704//2704 788//788
f 791//791 820//820 819//819 790//790
f 792//792 821//821 820//820 791//791
f 792//792 2603//2603 2602//2602 793//793
f 792//792 2708//2708 2707//2707 821//821
f 793//793 2602//2602 2601//2601 764//764
f 793//793 2607//2607 2606//2606 794//794
f 793//793 2705//2705 2708//2708 792//792
f 793//793 2712//2712 2711//2711 822//822
f 794//794 2606//2606 2605//2605 765//765
f 794//794 2611//2611 2610//2610 795//795
f 794//794 2709//2709 2712//2712 793//793
f 794//794 2716//2716 2715//2715 823//823
f 795//795 2610//2610 2609//2609 766//766
f 795//795 2615//2615 2614//2614 796//796
f 795//795 2713//2713 2716//2716 794//794
f 795//795 2720//2720 2719//2719 824//824
f 796//796 2614//2614 2613//2613 767//767
f 796//796 2619//2619 2618//2618 797//797
f 796//796 2717//2717 2720//2720 795//795
f 796//796 2724//2724 2723//2723 825//825
f 797//797 2618//2618 2617//2617 768//768
f 797//797 2623//2623 2622//2622 798//798
f 797//797 2721//2721 2724//2724 796//796
f 797//797 2728//2728 2727//2727 826//826
f 798//798 2622//2622 2621//2621 769//769
f 798//798 2627//2627 2626//2626 799//799
f 798//798 2725//2725 2728//2728 797//797
f 798//798 2732//2732 2731//2731 827//827
f 799//799 2626//2626 2625//2625 770//770
f 799//799 2631//2631 2630//2630 800//800
f 799//799 2729//2729 2732//2732 798//798
f 799//799 2736//2736 2735//2735 828//828
f 800//800 2630//2630 2629//2629 771//771
f 800//800 2635//2635 2634//2634 801//801
f 800//800 2733//2733 2736//2736 799//799
f 800//800 2740//2740 2739//2739 829//829
f 801//801 2634//2634 2633//2633 772//772
f 801//801 2639//2639 2638//2638 802//802
f 801//801 2737//2737 2740//2740 800//800
f 801//801 2744//2744 2743//2743 830//830
f 802//802 2638//2638 2637//2637 773//773
f 802//802 2643//2643 2642//2642 803//803
f 802//802 2741//2741 2744//2744 801//801
f 802//802 2748//2748 2747//2747 831//831
f 803//803 2642//2642 2641//2641 774//774
f 803//803 2647//2647 2646//2646 804//804
f 803//803 2745//2745 2748//2748 802//802
f 803//803 2752//2752 2751//2751 832//832
f 804//804 2646//2646 2645//2645 775//775
f 804//804 2651//2651 2650//2650 805//805
f 804//804 2749//2749 2752//2752 803//803
f 804//804 2756//2756 2755//2755 833//833
f 805//805 2650//2650 2649//2649 776//776
f 805//805 2655//2655 2654//2654 806//806
f 805//805 2753//2753 2756//2756 804//804
f 805//805 2760//2760 2759//2759 834//834
f 806//806 2654//2654 2653//2653 777//777
f 806//806 2659//2659 2658//2658 807//807
f 806//806 2757//2757 2760//2760 805//805
f 806//806 2764//2764 2763//2763 835//835
f 807//807 2658//2658 2657//2657 778//778
f 807//807 2663//2663 2662//2662 808//808
f 807//807 2761//2761 2764//2764 806//806
f 807//807 2768//2768 2767//2767 836//836
f 808//808 2662//2662 2661//2661 779//779
f 808//808 2667//2667 2666//2666 809//809
f 808//808 2765//2765 2768//2768 807//807
f 808//808 2772//2772 2771//2771 837//837
f 809//809 2666//2666 2665//2665 780//780
f 809//809 2671//2671 2670//2670 810//810
f 809//809 2769//2769 2772//2772 808//808
f 809//809 2776//2776 2775//2775 838//838
f 810//810 2670//2670 2669//2669 781//781
f 810//810 2675//2675 2674//2674 811//811
f 810//810 2773//2773 2776//2776 809//809
f 810//810 2780//2780 2779//2779 839//839
f 811//811 2674//2674 2673//2673 782//782
f 811//811 2679//2679 2678//2678 812//812
f 811//811 2777//2777 2780//2780 810//810
f 811//811 2784//2784 2783//2783 840//840
f 812//812 2678//2678 2677//2677 783//783
f 812//812 2683//2683 2682//2682 813//813
f 812//812 2781//2781 2784//2784 811//811
f 812//812 2788//2788 2787//2787 841//841
f 813//813 2682//2682 2681//2681 784//784
f 813//813 2687//2687 2686//2686 814//814
f 813//813 2785//2785 2788//2788 812//812
f 813//813 2792//2792 2791//2791 842//842
f 814//814 2686//2686 2685//2685 785//785
f 814//814 2691//2691 2690//2690 815//815
f 814//814 2789//2789 2792//2792 813//813
f 814//814 2796//2796 2795//2795 843//843
f 815//815 2690//2690 2689//2689 786//786
f 815//815 2695//2695 2694//2694 816//816
f 815//815 2793//2793 2796//2796 814//814
f 815//815 2800//2800 2799//2799 844//844
f 816//816 2694//2694 2693//2693 787//787
f 816//816 2699//2699 2698//2698 817//817
f 816//816 2797//2797 2800//2800 815//815
f 816//816 2804//2804 2803//2803 845//845
f 817//817 2698//2698 2697//2697 788//788
f 817//817 2703//2703 2702//2702 818//818
f 817//817 2801//2801 2804//2804 816//816
f 817//817 2808//2808 2807//2807 846//846
f 818//818 2702//2702 2701//2701 789//789
f 818//818 2805//2805 2808//2808 817//817
f 820//820 849//849 848//848 819//819
f 821//821 850//850 849//849 820//820
f 821//821 2707//2707 2706//2706 822//822
f 821//821 2812//2812 2811//2811 850//850
f 822//822 2706//2706 2705//2705 793//793
f 822//822 2711//2711 2710//2710 823//823
f 822//822 2809//2809 2812//2812 821//821
f 822//822 2816//2816 2815//2815 851//851
f 823//823 2710//2710 2709//2709 794//794
f 823//823 2715//2715 2714//2714 824//824
f 823//823 2813//2813 2816//2816 822//822
f 823//823 2820//2820 2819//2819 852//852
f 824//824 2714//2714 2713//2713 795//795
f 824//824 2719//2719 2718//2718 825//825
f 824//824 2817//2817 2820//2820 823//823
f 824//824 2824//2824 2823//2823 853//853
f 825//825 2718//2718 2717//2717 796//796
f 825//825 2723//2723 2722//2722 826//826
f 825//825 2821//2821 2824//2824 824//824
f 825//825 2828//2828 2827//2827 854//854
f 826//826 2722//2722 2721//2721 797//797
f 826//826 2727//2727 2726//2726 827//827
f 826//826 2825//2825 2828//2828 825//825
f 826//826 2832//2832 2831//2831 855//855
f 827//827 2726//2726 2725//2725 798//798
f 827//827 2731//2731 2730//2730 828//828
f 827//827 2829//2829 2832//2832 826//826
f 827//827 2836//2836 2835//2835 856//856
f 828//828 2730//2730 2729//2729 799//799
f 828//828 2735//2735 2734//2734 829//829
f 828//828 2833//2833 2836//2836 827//827
f 828//828 2840//2840 2839//2839 857//857
f 829//829 2734//2734 2733//2733 800//800
f 829//829 2739//2739 2738//2738 830//830
f 829//829 2837//2837 2840//2840 828//828
f 829//829 2844//2844 2843//2843 858//858
f 830//830 2738//2738 2737//2737 801//801
f 830//830 2743//2743 2742//2742 831//831
f 830//830 2841//2841 2844//2844 829//829
f 830//830 2848//2848 2847//2847 859//859
f 831//831 2742//2742 2741//2741 802//802
f 831//831 2747//2747 2746//2746 832//832
f 831//831 2845//2845 2848//2848 830//830
f 831//831 2852//2852 2851//2851 860//860
f 832//832 2746//2746 2745//2745 803//803
f 832//832 2751//2751 2750//2750 833//833
f 832//832 2849//2849 2852//2852 831//831
f 832//832 2856//2856 2855//2855 861//861
f 833//833 2750//2750 2749//2749 804//804
f 833//833 2755//2755 2754//2754 834//834
f 833//833 2853//2853 2856//2856 832//832
f 833//833 2860//2860 2859//2859 862//862
f 834//834 2754//2754 2753//2753 805//805
f 834//834 2759//2759 2758//2758 835//835
f 834//834 2857//2857 2860//2860 833//833
f 834//834 2864//2864 2863//2863 863//863
f 835//835 2758//2758 2757//2757 806//806
f 835//835 2763//2763 2762//2762 836//836
f 835//835 2861//2861 2864//2864 834//834
f 835//835 2868//2868 2867//2867 864//864
f 836//836 2762//2762 2761//2761 807//807
f 836//836 2767//2767 2766//2766 837//837
f 836//836 2865//2865 2868//2868 835//835
f 836//836 2872//2872 2871//2871 865//865
f 837//837 2766//2766 2765//2765 808//808
f 837//837 2771//2771 2770//2770 838//838
f 837//837 2869//2869 2872//2872 836//836
f 837//837 2876//2876 2875//2875 866//866
f 838//838 2770//2770 2769//2769 809//809
f 838//838 2775//2775 2774//2774 839//839
f 838//838 2873//2873 2876//2876 837//837
f 838//838 2880//2880 2879//2879 867//867
f 839//839 2774//2774 2773//2773 810//810
f 839//839 2779//2779 2778//2778 840//840
f 839//839 2877//2877 2880//2880 838//838
f 839//839 2884//2884 2883//2883 868//868
f 840//840 2778//2778 2777//2777 811//811
f 840//840 2783//2783 2782//2782 841//841
f 840//840 2881//2881 2884//2884 839//839
f 840//840 2888//2888 2887//2887 869//869
f 841//841 2782//2782 2781//2781 812//812
f 841//841 2787//2787 2786//2786 842//842
f 841//841 2885//2885 2888//2888 840//840
f 841//841 2892//2892 2891//2891 870//870
f 842//842 2786//2786 2785//2785 813//813
f 842//842 2791//2791 2790//2790 843//843
f 842//842 2889//2889 2892//2892 841//841
f 842//842 2896//2896 2895//2895 871//871
f 843//843 2790//2790 2789//2789 814//814
f 843//843 2795//2795 2794//2794 844//844
f 843//843 2893//2893 2896//2896 842//842
f 843//843 2900//2900 2899//2899 872//872
f 844//844 2794//2794 2793//2793 815//815
f 844//844 2799//2799 2798//2798 845//845
f 844//844 2897//2897 2900//2900 843//843
f 844//844 2904//2904 2903//2903 873//873
f 845//845 2798//2798 2797//2797 816//816
f 845//845 2803//2803 2802//2802 846//846
f 845//845 2901//2901 2904//2904 844//844
f 845//845 2908//2908 2907//2907 874//874
f 846//846 2802//2802 2801//2801 817//817
f 846//846 2807//2807 2806//2806 847//847
f 846//846 2905//2905 2908//2908 845//845
f 846//846 2912//2912 2911//2911 875//875
f 847//847 2806//2806 2805//2805 818//818
f 847//847 2909//2909 2912//2912 846//846
f 849//849 878//878 877//877 848//848
f 850//850 879//879 878//878 849//849
f 850//850 2811//2811 2810//2810 851//851
f 850//850 2916//2916 2915//2915 879//879
f 851//851 2810//2810 2809//2809 822//822
f 851//851 2815//2815 2814//2814 852//852
f 851//851 2913//2913 2916//2916 850//850
f 851//851 2920//2920 2919//2919 880//880
f 852//852 2814//2814 2813//2813 823//823
f 852//852 2819//2819 2818//2818 853//853
f 852//852 2917//2917 2920//2920 851//851
f 852//852 2924//2924 2923//2923 881//881
f 853//853 2818//2818 2817//2817 824//824
f 853//853 2823//2823 2822//2822 854//854
f 853//853 2921//2921 2924//2924 852//852
f 853//853 2928//2928 2927//2927 882//882
f 854//854 2822//2822 2821//2821 825//825
f 854//854 2827//2827 2826//2826 855//855
f 854//854 2925//2925 2928//2928 853//853
f 854//854 2932//2932 2931//2931 883//883
f 855//855 2826//2826 2825//2825 826//826
f 855//855 2831//2831 2830//2830 856//856
f 855//855 2929//2929 2932//2932 854//854
f 855//855 2936//2936 2935//2935 884//884
f 856//856 2830//2830 2829//2829 827//827
f 856//856 2835//2835 2834//2834 857//857
f 856//856 2933//2933 2936//2936 855//855
f 856//856 2940//2940 2939//2939 885//885
f 857//857 2834//2834 2833//2833 828//828
f 857//857 2839//2839 2838//2838 858//858
f 857//857 2937//2937 2940//2940 856//856
f 857//857 2944//2944 2943//2943 886//886
f 858//858 2838//2838 2837//2837 829//829
f 858//858 2843//2843 2842//2842 859//859
f 858//858 2941//2941 2944//2944 857//857
f 858//858 2948//2948 2947//2947 887//887
f 859//859 2842//2842 2841//2841 830//830
f 859//859 2847//2847 2846//2846 860//860
f 859//859 2945//2945 2948//2948 858//858
f 859//859 2952//2952 2951//2951 888//888
f 860//860 2846//2846 2845//2845 831//831
f 860//860 2851//2851 2850//2850 861//861
f 860//860 2949//2949 2952//2952 859//859
f 860//860 2956//2956 2955//2955 889//889
f 861//861 2850//2850 2849//2849 832//832
f 861//861 2855//2855 2854//2854 862//862
f 861//861 2953//2953 2956//2956 860//860
f 861//861 2960//2960 2959//2959 890//890
f 862//862 2854//2854 2853//2853 833//833
f 862//862 2859//2859 2858//2858 863//863
f 862//862 2957//2957 2960//2960 861//861
f 862//862 2964//2964 2963//2963 891//891
f 863//863 2858//2858 2857//2857 834//834
f 863//863 2863//2863 2862//2862 864//864
f 863//863 2961//2961 2964//2964 862//862
f 863//863 2968//2968 2967//2967 892//892
f 864//864 2862//2862 2861//2861 835//835
f 864//864 2867//2867 2866//2866 865//865
f 864//864 2965//2965 2968//2968 863//863
f 864//864 2972//2972 2971//2971 893//893
f 865//865 2866//2866 2865//2865 836//836
f 865//865 2871//2871 2870//2870 866//866
f 865//865 2969//2969 2972//2972 864//864
f 865//865 2976//2976 2975//2975 894//894
f 866//866 2870//2870 2869//2869 837//837
f 866//866 2875//2875 2874//2874 867//867
f 866//866 2973//2973 2976//2976 865//865
f 866//866 2980//2980 2979//2979 895//895
f 867//867 2874//2874 2873//2873 838//838
f 867//867 2879//2879 2878//2878 868//868
f 867//867 2977//2977 2980//2980 866//866
f 867//867 2984//2984 2983//2983 896//896
f 868//868 2878//2878 2877//2877 839//839
f 868//868 2883//2883 2882//2882 869//869
f 868//868 2981//2981 2984//2984 867//867
f 868//868 2988//2988 2987//2987 897//897
f 869//869 2882//2882 2881//2881 840//840
f 869//869 2887//2887 2886//2886 870//870
f 869//869 2985//2985 2988//2988 868//868
f 869//869 2992//2992 2991//2991 898//898
f 870//870 2886//2886 2885//2885 841//841
f 870//870 2891//2891 2890//2890 871//871
f 870//870 2989//2989 2992//2992 869//869
f 870//870 2996//2996 2995//2995 899//899
f 871//871 2890//2890 2889//2889 842//842
f 871//871 2895//2895 2894//2894 872//872
f 871//871 2993//2993 2996//2996 870//870
f 871//871 3000//3000 2999//2999 900//900
f 872//872 2894//2894 2893//2893 843//843
f 872//872 2899//2899 2898//2898 873//873
f 872//872 2997//2997 3000//3000 871//871
f 872//872 3004//3004 3003//3003 901//901
f 873//873 2898//2898 2897//2897 844//844
f 873//873 2903//2903 2902//2902 874//874
f 873//873 3001//3001 3004//3004 872//872
f 873//873 3008//3008 3007//3007 902//902
f 874//874 2902//2902 2901//2901 845//845
f 874//874 2907//2907 2906//2906 875//875
f 874//874 3005//3005 3008//3008 873//873
f 874//874 3012//3012 3011//3011 903//903
f 875//875 2906//2906 2905//2905 846//846
f 875//875 2911//2911 2910//2910 876//876
f 875//875 3009//3009 3012//3012 874//874
f 875//875 3016//3016 3015//3015 904//904
f 876//876 2910//2910 2909//2909 847//847
f 876//876 3013//3013 3016//3016 875//875
f 878//878 907//907 906//906 877//877
f 879//879 908//908 907//907 878//878
f 879//879 2915//2915 2914//2914 880//880
f 879//879 3020//3020 3019//3019 908//908
f 880//880 2914//2914 2913//2913 851//851
f 880//880 2919//2919 2918//2918 881//881
f 880//880 3017//3017 3020//3020 879//879
f 880//880 3024//3024 3023//3023 909//909
f 881//881 2918//2918 2917//2917 852//852
f 881//881 2923//2923 2922//2922 882//882
f 881//881 3021//3021 3024//3024 880//880
f 881//881 3028//3028 3027//3027 910//910
f 882//882 2922//2922 2921//2921 853//853
f 882//882 2927//2927 2926//2926 883//883
f 882//882 3025//3025 3028//3028 881//881
f 882//882 3032//3032 3031//3031 911//911
f 883//883 2926//2926 2925//2925 854//854
f 883//883 2931//2931 2930//2930 884//884
f 883//883 3029//3029 3032//3032 882//882
f 883//883 3036//3036 3035//3035 912//912
f 884//884 2930//2930 2929//2929 855//855
f 884//884 2935//2935 2934//2934 885//885
f 884//884 3033//3033 3036//3036 883//883
f 884//884 3040//3040 3039//3039 913//913
f 885//885 2934//2934 2933//2933 856//856
f 885//885 2939//2939 2938//2938 886//886
f 885//885 3037//3037 3040//3040 884//884
f 885//885 3044//3044 3043//3043 914//914
f 886//886 2938//2938 2937//2937 857//857
f 886//886 2943//2943 2942//2942 887//887
f 886//886 3041//3041 3044//3044 885//885
f 886//886 3048//3048 3047//3047 915//915
f 887//887 2942//2942 2941//2941 858//858
f 887//887 2947//2947 2946//2946 888//888
f 887//887 3045//3045 3048//3048 886//886
f 887//887 3052//3052 3051//3051 916//916
f 888//888 2946//2946 2945//2945 859//859
f 888//888 2951//2951 2950//2950 889//889
f 888//888 3049//3049 3052//3052 887//887
f 888//888 3056//3056 3055//3055 917//917
f 889//889 2950//2950 2949//2949 860//860
f 889//889 2955//2955 2954//2954 890//890
f 889//889 3053//3053 3056//3056 888//888
f 889//889 3060//3060 3059//3059 918//918
f 890//890 2954//2954 2953//2953 861//861
f 890//890 2959//2959 2958//2958 891//891
f 890//890 3057//3057 3060//3060 889//889
f 890//890 3064//3064 3063//3063 919//919
f 891//891 2958//2958 2957//2957 862//862
f 891//891 2963//2963 2962//2962 892//892
f 891//891 3061//3061 3064//3064 890//890
f 891//891 3068//3068 3067//3067 920//920
f 892//892 2962//2962 2961//2961 863//863
f 892//892 2967//2967 2966//2966 893//893
f 892//892 3065//3065 3068//3068 891//891
f 892//892 3072//3072 3071//3071 921//921
f 893//893 2966//2966 2965//2965 864//864
f 893//893 2971//2971 2970//2970 894//894
f 893//893 3069//3069 3072//3072 892//892
f 893//893 3076//3076 3075//3075 922//922
f 894//894 2970//2970 2969//2969 865//865
f 894//894 2975//2975 2974//2974 895//895
f 894//894 3073//3073 3076//3076 893//893
f 894//894 3080//3080 3079//3079 923//923
f 895//895 2974//2974 2973//2973 866//866
f 895//895 2979//2979 2978//2978 896//896
f 895//895 3077//3077 3080//3080 894//894
f 895//895 3084//3084 3083//3083 924//924
f 896//896 2978//2978 2977//2977 867//867
f 896//896 2983//2983 2982//2982 897//897
f 896//896 3081//3081 3084//3084 895//895
f 896//896 3088//3088 3087//3087 925//925
f 897//897 2982//2982 2981//2981 868//868
f 897//897 2987//2987 2986//2986 898//898
f 897//897 3085//3085 3088//3088 896//896
f 897//897 3092//3092 3091//3091 926//926
f 898//898 2986//2986 2985//2985 869//869
f 898//898 2991//2991 2990//2990 899//899
f 898//898 3089//3089 3092//3092 897//897
f 898//898 3096//3096 3095//3095 927//927
f 899//899 2990//2990 2989//2989 870//870
f 899//899 2995//2995 2994//2994 900//900
f 899//899 3093//3093 3096//3096 898//898
f 899//899 3100//3100 3099//3099 928//928
f 900//900 2994//2994 2993//2993 871//871
f 900//900 2999//2999 2998//2998 901//901
f 900//900 3097//3097 3100//3100 899//899
f 900//900 3104//3104 3103//3103 929//929
f 901//901 2998//2998 2997//2997 872//872
f 901//901 3003//3003 3002//3002 902//902
f 901//901 3101//3101 3104//3104 900//900
f 901//901 3108//3108 3107//3107 930//930
f 902//902 3002//3002 3001//3001 873//873
f 902//902 3007//3007 3006//3006 903//903
f 902//902 3105//3105 3108//3108 901//901
f 902//902 3112//3112 3111//3111 931//931
f 903//903 3006//3006 3005//3005 874//874
f 903//903 3011//3011 3010//3010 904//904
f 903//903 3109//3109 3112//3112 902//902
f 903//903 3116//3116 3115//3115 932//932
f 904//904 3010//3010 3009//3009 875//875
f 904//904 3015//3015 3014//3014 905//905
f 904//904 3113//3113 3116//3116 903//903
f 904//904 3120//3120 3119//3119 933//933
f 905//905 3014//3014 3013//3013 876//876
f 905//905 3117//3117 3120//3120 904//904
f 908//908 3019//3019 3018//3018 909//909
f 909//909 3018//3018 3017//3017 880//880
f 909//909 3023//3023 3022//3022 910//910
f 910//910 3022//3022 3021//3021 881//881
f 910//910 3027//3027 3026//3026 911//911
f 911//911 3026//3026 3025//3025 882//882
f 911//911 3031//3031 3030//3030 912//912
f 912//912 3030//3030 3029//3029 883//883
f 912//912 3035//3035 3034//3034 913//913
f 913//913 3034//3034 3033//3033 884//884
f 913//913 3039//3039 3038//3038 914//914
f 914//914 3038//3038 3037//3037 885//885
f 914//914 3043//3043 3042//3042 915//915
f 915//915 3042//3042 3041//3041 886//886
f 915//915 3047//3047 3046//3046 916//916
f 916//916 3046//3046 3045//3045 887//887
f 916//916 3051//3051 3050//3050 917//917
f 917//917 3050//3050 3049//3049 888//888
f 917//917 3055//3055 3054//3054 918//918
f 918//918 3054//3054 3053//3053 889//889
f 918//918 3059//3059 3058//3058 919//919
f 919//919 3058//3058 3057//3057 890//890
f 919//919 3063//3063 3062//3062 920//920
f 920//920 3062//3062 3061//3061 891//891
f 920//920 3067//3067 3066//3066 921//921
f 921//921 3066//3066 3065//3065 892//892
f 921//921 3071//3071 3070//3070 922//922
f 922//922 3070//3070 3069//3069 893//893
f 922//922 3075//3075 3074//3074 923//923
f 923//923 3074//3074 3073//3073 894//894
f 923//923 3079//3079 3078//3078 924//924
f 924//924 3078//3078 3077//3077 895//895
f 924//924 3083//3083 3082//3082 925//925
f 925//925 3082//3082 3081//3081 896//896
f 925//925 3087//3087 3086//3086 926//926
f 926//926 3086//3086 3085//3085 897//897
f 926//926 3091//3091 3090//3090 927//927
f 927//927 3090//3090 3089//3089 898//898
f 927//927 3095//3095 3094//3094 928//928
f 928//928 3094//3094 3093//3093 899//899
f 928//928 3099//3099 3098//3098 929//929
f 929//929 3098//3098 3097//3097 900//900
f 929//929 3103//3103 3102//3102 930//930
f 930//930 3102//3102 3101//3101 901//901
f 930//930 3107//3107 3106//3106 931//931
f 931//931 3106//3106 3105//3105 902//902
f 931//931 3111//3111 3110//3110 932//932
f 932//932 3110//3110 3109//3109 903//903
f 932//932 3115//3115 3114//3114 933//933
f 933//933 3114//3114 3113//3113 904//904
f 933//933 3119//3119 3118//3118 934//934
f 934//934 3118//3118 3117//3117 905//905
f 936//936 965//965 964//964 935//935
f 937//937 966//966 965//965 936//936
f 937//937 3124//3124 3123//3123 966//966
f 938//938 3121//3121 3124//3124 937//937
f 938//938 3128//3128 3127//3127 967//967
f 939//939 3125//3125 3128//3128 938//938
f 939//939 3132//3132 3131//3131 968//968
f 940//940 3129//3129 3132//3132 939//939
f 940//940 3136//3136 3135//3135 969//969
f 941//941 3133//3133 3136//3136 940//940
f 941//941 3140//3140 3139//3139 970//970
f 942//942 3137//3137 3140//3140 941//941
f 942//942 3144//3144 3143//3143 971//971
f 943//943 3141//3141 3144//3144 942//942
f 943//943 3148//3148 3147//3147 972//972
f 944//944 3145//3145 3148//3148 943//943
f 944//944 3152//3152 3151//3151 973//973
f 945//945 3149//3149 3152//3152 944//944
f 945//945 3156//3156 3155//3155 974//974
f 946//946 3153//3153 3156//3156 945//945
f 946//946 3160//3160 3159//3159 975//975
f 947//947 3157//3157 3160//3160 946//946
f 947//947 3164//3164 3163//3163 976//976
f 948//948 3161//3161 3164//3164 947//947
f 948//948 3168//3168 3167//3167 977//977
f 949//949 3165//3165 3168//3168 948//948
f 949//949 3172//3172 3171//3171 978//978
f 950//950 3169//3169 3172//3172 949//949
f 950//950 3176//3176 3175//3175 979//979
f 951//951 3173//3173 3176//3176 950//950
f 951//951 3180//3180 3179//3179 980//980
f 952//952 3177//3177 3180//3180 951//951
f 952//952 3184//3184 3183//3183 981//981
f 953//953 3181//3181 3184//3184 952//952
f 953//953 3188//3188 3187//3187 982//982
f 954//954 3185//3185 3188//3188 953//953
f 954//954 3192//3192 3191//3191 983//983
f 955//955 3189//3189 3192//3192 954//954
f 955//955 3196//3196 3195//3195 984//984
f 956//956 3193//3193 3196//3196 955//955
f 956//956 3200//3200 3199//3199 985//985
f 957//957 3197//3197 3200//3200 956//956
f 957//957 3204//3204 3203//3203 986//986
f 958//958 3201//3201 3204//3204 957//957
f 958//958 3208//3208 3207//3207 987//987
f 959//959 3205//3205 3208//3208 958//958
f 959//959 3212//3212 3211//3211 988//988
f 960//960 3209//3209 3212//3212 959//959
f 960//960 3216//3216 3215//3215 989//989
f 961//961 3213//3213 3216//3216 960//960
f 961//961 3220//3220 3219//3219 990//990
f 962//962 3217//3217 3220//3220 961//961
f 962//962 3224//3224 3223//3223 991//991
f 963//963 3221//3221 3224//3224 962//962
f 965//965 994//994 993//993 964//964
f 966//966 995//995 994//994 965//965
f 966//966 3123//3123 3122//3122 967//967
f 966//966 3228//3228 3227//3227 995//995
f 967//967 3122//3122 3121//3121 938//938
f 967//967 3127//3127 3126//3126 968//968
f 967//967 3225//3225 3228//3228 966//966
f 967//967 3232//3232 3231//3231 996//996
f 968//968 3126//3126 3125//3125 939//939
f 968//968 3131//3131 3130//3130 969//969
f 968//968 3229//3229 3232//3232 967//967
f 968//968 3236//3236 3235//3235 997//997
f 969//969 3130//3130 3129//3129 940//940
f 969//969 3135//3135 3134//3134 970//970
f 969//969 3233//3233 3236//3236 968//968
f 969//969 3240//3240 3239//3239 998//998
f 970//970 3134//3134 3133//3133 941//941
f 970//970 3139//3139 3138//3138 971//971
f 970//970 3237//3237 3240//3240 969//969
f 970//970 3244//3244 3243//3243 999//999
f 971//971 3138//3138 3137//3137 942//942
f 971//971 3143//3143 3142//3142 972//972
f 971//971 3241//3241 3244//3244 970//970
f 971//971 3248//3248 3247//3247 1000//1000
f 972//972 3142//3142 3141//3141 943//943
f 972//972 3147//3147 3146//3146 973//973
f 972//972 3245//3245 3248//3248 971//971
f 972//972 3252//3252 3251//3251 1001//1001
f 973//973 3146//3146 3145//3145 944//944
f 973//973 3151//3151 3150//3150 974//974
f 973//973 3249//3249 3252//3252 972//972
f 973//973 3256//3256 3255//3255 1002//1002
f 974//974 3150//3150 3149//3149 945//945
f 974//974 3155//3155 3154//3154 975//975
f 974//974 3253//3253 3256//3256 973//973
f 974//974 3260//3260 3259//3259 1003//1003
f 975//975 3154//3154 3153//3153 946//946
f 975//975 3159//3159 3158//3158 976//976
f 975//975 3257//3257 3260//3260 974//974
f 975//975 3264//3264 3263//3263 1004//1004
f 976//976 3158//3158 3157//3157 947//947
f 976//976 3163//3163 3162//3162 977//977
f 976//976 3261//3261 3264//3264 975//975
f 976//976 3268//3268 3267//3267 1005//1005
f 977//977 3162//3162 3161//3161 948//948
f 977//977 3167//3167 3166//3166 978//978
f 977//977 3265//3265 3268//3268 976//976
f 977//977 3272//3272 3271//3271 1006//1006
f 978//978 3166//3166 3165//3165 949//949
f 978//978 3171//3171 3170//3170 979//979
f 978//978 3269//3269 3272//3272 977//977
f 978//978 3276//3276 3275//3275 1007//1007
f 979//979 3170//3170 3169//3169 950//950
f 979//979 3175//3175 3174//3174 980//980
f 979//979 3273//3273 3276//3276 978//978
f 979//979 3280//3280 3279//3279 1008//1008
f 980//980 3174//3174 3173//3173 951//951
f 980//980 3179//3179 3178//3178 981//981
f 980//980 3277//3277 3280//3280 979//979
f 980//980 3284//3284 3283//3283 1009//1009
f 981//981 3178//3178 3177//3177 952//952
f 981//981 3183//3183 3182//3182 982//982
f 981//981 3281//3281 3284//3284 980//980
f 981//981 3288//3288 3287//3287 1010//1010
f 982//982 3182//3182 3181//3181 953//953
f 982//982 3187//3187 3186//3186 983//983
f 982//982 3285//3285 3288//3288 981//981
f 982//982 3292//3292 3291//3291 1011//1011
f 983//983 3186//3186 3185//3185 954//954
f 983//983 3191//3191 3190//3190 984//984
f 983//983 3289//3289 3292//3292 982//982
f 983//983 3296//3296 3295//3295 1012//1012
f 984//984 3190//3190 3189//3189 955//955
f 984//984 3195//3195 3194//3194 985//985
f 984//984 3293//3293 3296//3296 983//983
f 984//984 3300//3300 3299//3299 1013//1013
f 985//985 3194//3194 3193//3193 956//956
f 985//985 3199//3199 3198//3198 986//986
f 985//985 3297//3297 3300//3300 984//984
f 985//985 3304//3304 3303//3303 1014//1014
f 986//986 3198//3198 3197//3197 957//957
f 986//986 3203//3203 3202//3202 987//987
f 986//986 3301//3301 3304//3304 985//985
f 986//986 3308//3308 3307//3307 1015//1015
f 987//987 3202//3202 3201//3201 958//958
f 987//987 3207//3207 3206//3206 988//988
f 987//987 3305//3305 3308//3308 986//986
f 987//987 3312//3312 3311//3311 1016//1016
f 988//988 3206//3206 3205//3205 959//959
f 988//988 3211//3211 3210//3210 989//989
f 988//988 3309//3309 3312//3312 987//987
f 988//988 3316//3316 3315//3315 1017//1017
f 989//989 3210//3210 3209//3209 960//960
f 989//989 3215//3215 3214//3214 990//990
f 989//989 3313//3313 3316//3316 988//988
f 989//989 3320//3320 3319//3319 1018//1018
f 990//990 3214//3214 3213//3213 961//961
f 990//990 3219//3219 3218//3218 991//991
f 990//990 3317//3317 3320//3320 989//989
f 990//990 3324//3324 3323//3323 1019//1019
f 991//991 3218//3218 3217//3217 962//962
f 991//991 3223//3223 3222//3222 992//992
f 991//991 3321//3321 3324//3324 990//990
f 991//991 3328//3328 3327//3327 1020//1020
f 992//992 3222//3222 3221//3221 963//963
f 992//992 3325//3325 3328//3328 991//991
f 994//994 1023//1023 1022//1022 993//993
f 995//995 1024//1024 1023//1023 994//994
f 995//995 3227//3227 3226//3226 996//996
f 995//995 3332//3332 3331//3331 1024//1024
f 996//996 3226//3226 3225//3225 967//967
f 996//996 3231//3231 3230//3230 997//997
f 996//996 3329//3329 3332//3332 995//995
f 996//996 3336//3336 3335//3335 1025//1025
f 997//997 3230//3230 3229//3229 968//968
f 997//997 3235//3235 3234//3234 998//998
f 997//997 3333//3333 3336//3336 996//996
f 997//997 3340//3340 3339//3339 1026//1026
f 998//998 3234//3234 3233//3233 969//969
f 998//998 3239//3239 3238//3238 999//999
f 998//998 3337//3337 3340//3340 997//997
f 998//998 3344//3344 3343//3343 1027//1027
f 999//999 3238//3238 3237//3237 970//970
f 999//999 3243//3243 3242//3242 1000//1000
f 999//999 3341//3341 3344//3344 998//998
f 999//999 3348//3348 3347//3347 1028//1028
f 1000//1000 3242//3242 3241//3241 971//971
f 1000//1000 3247//3247 3246//3246 1001//1001
f 1000//1000 3345//3345 3348//3348 999//999
f 1000//1000 3352//3352 3351//3351 1029//1029
f 1001//1001 3246//3246 3245//3245 972//972
f 1001//1001 3251//3251 3250//3250 1002//1002
f 1001//1001 3349//3349 3352//3352 1000//1000
f 1001//1001 3356//3356 3355//3355 1030//1030
f 1002//1002 3250//3250 3249//3249 973//973
f 1002//1002 3255//3255 3254//3254 1003//1003
f 1002//1002 3353//3353 3356//3356 1001//1001
f 1002//1002 3360//3360 3359//3359 1031//1031
f 1003//1003 3254//3254 3253//3253 974//974
f 1003//1003 3259//3259 3258//3258 1004//1004
f 1003//1003 3357//3357 3360//3360 1002//1002
f 1003//1003 3364//3364 3363//3363 1032//1032
f 1004//1004 3258//3258 3257//3257 975//975
f 1004//1004 3263//3263 3262//3262 1005//1005
f 1004//1004 3361//3361 3364//3364 1003//1003
f 1004//1004 3368//3368 3367//3367 1033//1033
f 1005//1005 3262//3262 3261//3261 976//976
f 1005//1005 3267//3267 3266//3266 1006//1006
f 1005//1005 3365//3365 3368//3368 1004//1004
f 1005//1005 3372//3372 3371//3371 1034//1034
f 1006//1006 3266//3266 3265//3265 977//977
f 1006//1006 3271//3271 3270//3270 1007//1007
f 1006//1006 3369//3369 3372//3372 1005//1005
f 1006//1006 3376//3376 3375//3375 1035//1035
f 1007//1007 3270//3270 3269//3269 978//978
f 1007//1007 3275//3275 3274//3274 1008//1008
f 1007//1007 3373//3373 3376//3376 1006//1006
f 1007//1007 3380//3380 3379//3379 1036//1036
f 1008//1008 3274//3274 3273//3273 979//979
f 1008//1008 3279//3279 3278//3278 1009//1009
f 1008//1008 3377//3377 3380//3380 1007//1007
f 1008//1008 3384//3384 3383//3383 1037//1037
f 1009//1009 3278//3278 3277//3277 980//980
f 1009//1009 3283//3283 3282//3282 1010//1010
f 1009//1009 3381//3381 3384//3384 1008//1008
f 1009//1009 3388//3388 3387//3387 1038//1038
f 1010//1010 3282//3282 3281//3281 981//981
f 1010//1010 3287//3287 3286//3286 1011//1011
f 1010//1010 3385//3385 3388//3388 1009//1009
f 1010//1010 3392//3392 3391//3391 1039//1039
f 1011//1011 3286//3286 3285//3285 982//982
f 1011//1011 3291//3291 3290//3290 1012//1012
f 1011//1011 3389//3389 3392//3392 1010//1010
f 1011//1011 3396//3396 3395//3395 1040//1040
f 1012//1012 3290//3290 3289//3289 983//983
f 1012//1012 3295//3295 3294//3294 1013//1013
f 1012//1012 3393//3393 3396//3396 1011//1011
f 1012//1012 3400//3400 3399//3399 1041//1041
f 1013//1013 3294//3294 3293//3293 984//984
f 1013//1013 3299//3299 3298//3298 1014//1014
f 1013//1013 3397//3397 3400//3400 1012//1012
f 1013//1013 3404//3404 3403//3403 1042//1042
f 1014//1014 3298//3298 3297//3297 985//985
f 1014//1014 3303//3303 3302//3302 1015//1015
f 1014//1014 3401//3401 3404//3404 1013//1013
f 1014//1014 3408//3408 3407//3407 1043//1043
f 1015//1015 3302//3302 3301//3301 986//986
f 1015//1015 3307//3307 3306//3306 1016//1016
f 1015//1015 3405//3405 3408//3408 1014//1014
f 1015//1015 3412//3412 3411//3411 1044//1044
f 1016//1016 3306//3306 3305//3305 987//987
f 1016//1016 3311//3311 3310//3310 1017//1017
f 1016//1016 3409//3409 3412//3412 1015//1015
f 1016//1016 3416//3416 3415//3415 1045//1045
f 1017//1017 3310//3310 3309//3309 988//988
f 1017//1017 3315//3315 3314//3314 1018//1018
f 1017//1017 3413//3413 3416//3416 1016//1016
f 1017//1017 3420//3420 3419//3419 1046//1046
f 1018//1018 3314//3314 3313//3313 989//989
f 1018//1018 3319//3319 3318//3318 1019//1019
f 1018//1018 3417//3417 3420//3420 1017//1017
f 1018//1018 3424//3424 3423//3423 1047//1047
f 1019//1019 3318//3318 3317//3317 990//990
f 1019//1019 3323//3323 3322//3322 1020//1020
f 1019//1019 3421//3421 3424//3424 1018//1018
f 1019//1019 3428//3428 3427//3427 1048//1048
f 1020//1020 3322//3322 3321//3321 991//991
f 1020//1020 3327//3327 3326//3326 1021//1021
f 1020//1020 3425//3425 3428//3428 1019//1019
f 1020//1020 3432//3432 3431//3431 1049//1049
f 1021//1021 3326//3326 3325//3325 992//992
f 1021//1021 3429//3429 3432//3432 1020//1020
f 1023//1023 1052//1052 1051//1051 1022//1022
f 1024//1024 1053//1053 1052//1052 1023//1023
f 1024//1024 3331//3331 3330//3330 1025//1025
f 1024//1024 3436//3436 3435//3435 1053//1053
f 1025//1025 3330//3330 3329//3329 996//996
f 1025//1025 3335//3335 3334//3334 1026//1026
f 1025//1025 3433//3433 3436//3436 1024//1024
f 1025//1025 3440//3440 3439//3439 1054//1054
f 1026//1026 3334//3334 3333//3333 997//997
f 1026//1026 3339//3339 3338//3338 1027//1027
f 1026//1026 3437//3437 3440//3440 1025//1025
f 1026//1026 3444//3444 3443//3443 1055//1055
f 1027//1027 3338//3338 3337//3337 998//998
f 1027//1027 3343//3343 3342//3342 1028//1028
f 1027//1027 3441//3441 3444//3444 1026//1026
f 1027//1027 3448//3448 3447//3447 1056//1056
f 1028//1028 3342//3342 3341//3341 999//999
f 1028//1028 3347//3347 3346//3346 1029//1029
f 1028//1028 3445//3445 3448//3448 1027//1027
f 1028//1028 3452//3452 3451//3451 1057//1057
f 1029//1029 3346//3346 3345//3345 1000//1000
f 1029//1029 3351//3351 3350//3350 1030//1030
f 1029//1029 3449//3449 3452//3452 1028//1028
f 1029//1029 3456//3456 3455//3455 1058//1058
f 1030//1030 3350//3350 3349//3349 1001//1001
f 1030//1030 3355//3355 3354//3354 1031//1031
f 1030//1030 3453//3453 3456//3456 1029//1029
f 1030//1030 3460//3460 3459//3459 1059//1059
f 1031//1031 3354//3354 3353//3353 1002//1002
f 1031//1031 3359//3359 3358//3358 1032//1032
f 1031//1031 3457//3457 3460//3460 1030//1030
f 1031//1031 3464//3464 3463//3463 1060//1060
f 1032//1032 3358//3358 3357//3357 1003//1003
f 1032//1032 3363//3363 3362//3362 1033//1033
f 1032//1032 3461//3461 3464//3464 1031//1031
f 1032//1032 3468//3468 3467//3467 1061//1061
f 1033//1033 3362//3362 3361//3361 1004//1004
f 1033//1033 3367//3367 3366//3366 1034//1034
f 1033//1033 3465//3465 3468//3468 1032//1032
f 1033//1033 3472//3472 3471//3471 1062//1062
f 1034//1034 3366//3366 3365//3365 1005//1005
f 1034//1034 3371//3371 3370//3370 1035//1035
f 1034//1034 3469//3469 3472//3472 1033//1033
f 1034//1034 3476//3476 3475//3475 1063//1063
f 1035//1035 3370//3370 3369//3369 1006//1006
f 1035//1035 3375//3375 3374//3374 1036//1036
f 1035//1035 3473//3473 3476//3476 1034//1034
f 1035//1035 3480//3480 3479//3479 1064//1064
f 1036//1036 3374//3374 3373//3373 1007//1007
f 1036//1036 3379//3379 3378//3378 1037//1037
f 1036//1036 3477//3477 3480//3480 1035//1035
f 1036//1036 3484//3484 3483//3483 1065//1065
f 1037//1037 3378//3378 3377//3377 1008//1008
f 1037//1037 3383//3383 3382//3382 1038//1038
f 1037//1037 3481//3481 3484//3484 1036//1036
f 1037//1037 3488//3488 3487//3487 1066//1066
f 1038//1038 3382//3382 3381//3381 1009//1009
f 1038//1038 3387//3387 3386//3386 1039//1039
f 1038//1038 3485//3485 3488//3488 1037//1037
f 1038//1038 3492//3492 3491//3491 1067//1067
f 1039//1039 3386//3386 3385//3385 1010//1010
f 1039//1039 3391//3391 3390//3390 1040//1040
f 1039//1039 3489//3489 3492//3492 1038//1038
f 1039//1039 3496//3496 3495//3495 1068//1068
f 1040//1040 3390//3390 3389//3389 1011//1011
f 1040//1040 3395//3395 3394//3394 1041//1041
f 1040//1040 3493//3493 3496//3496 1039//1039
f 1040//1040 3500//3500 3499//3499 1069//1069
f 1041//1041 3394//3394 3393//3393 1012//1012
f 1041//1041 3399//3399 3398//3398 1042//1042
f 1041//1041 3497//3497 3500//3500 1040//1040
f 1041//1041 3504//3504 3503//3503 1070//1070
f 1042//1042 3398//3398 3397//3397 1013//1013
f 1042//1042 3403//3403 3402//3402 1043//1043
f 1042//1042 3501//3501 3504//3504 1041//1041
f 1042//1042 3508//3508 3507//3507 1071//1071
f 1043//1043 3402//3402 3401//3401 1014//1014
f 1043//1043 3407//3407 3406//3406 1044//1044
f 1043//1043 3505//3505 3508//3508 1042//1042
f 1043//1043 3512//3512 3511//3511 1072//1072
f 1044//1044 3406//3406 3405//3405 1015//1015
f 1044//1044 3411//3411 3410//3410 1045//1045
f 1044//1044 3509//3509 3512//3512 1043//1043
f 1044//1044 3516//3516 3515//3515 1073//1073
f 1045//1045 3410//3410 3409//3409 1016//1016
f 1045//1045 3415//3415 3414//3414 1046//1046
f 1045//1045 3513//3513 3516//3516 1044//1044
f 1045//1045 3520//3520 3519//3519 1074//1074
f 1046//1046 3414//3414 3413//3413 1017//1017
f 1046//1046 3419//3419 3418//3418 1047//1047
f 1046//1046 3517//3517 3520//3520 1045//1045
f 1046//1046 3524//3524 3523//3523 1075//1075
f 1047//1047 3418//3418 3417//3417 1018//1018
f 1047//1047 3423//3423 3422//3422 1048//1048
f 1047//1047 3521//3521 3524//3524 1046//1046
f 1047//1047 3528//3528 3527//3527 1076//1076
f 1048//1048 3422//3422 3421//3421 1019//1019
f 1048//1048 3427//3427 3426//3426 1049//1049
f 1048//1048 3525//3525 3528//3528 1047//1047
f 1048//1048 3532//3532 3531//3531 1077//1077
f 1049//1049 3426//3426 3425//3425 1020//1020
f 1049//1049 3431//3431 3430//3430 1050//1050
f 1049//1049 3529//3529 3532//3532 1048//1048
f 1049//1049 3536//3536 3535//3535 1078//1078
f 1050//1050 3430//3430 3429//3429 1021//1021
f 1050//1050 3533//3533 3536//3536 1049//1049
f 1052//1052 1081//1081 1080//1080 1051//1051
f 1053//1053 1082//1082 1081//1081 1052//1052
f 1053//1053 3435//3435 3434//3434 1054//1054
f 1053//1053 3540//3540 3539//3539 1082//1082
f 1054//1054 3434//3434 3433//3433 1025//1025
f 1054//1054 3439//3439 3438//3438 1055//1055
f 1054//1054 3537//3537 3540//3540 1053//1053
f 1054//1054 3544//3544 3543//3543 1083//1083
f 1055//1055 3438//3438 3437//3437 1026//1026
f 1055//1055 3443//3443 3442//3442 1056//1056
f 1055//1055 3541//3541 3544//3544 1054//1054
f 1055//1055 3548//3548 3547//3547 1084//1084
f 1056//1056 3442//3442 3441//3441 1027//1027
f 1056//1056 3447//3447 3446//3446 1057//1057
f 1056//1056 3545//3545 3548//3548 1055//1055
f 1056//1056 3552//3552 3551//3551 1085//1085
f 1057//1057 3446//3446 3445//3445 1028//1028
f 1057//1057 3451//3451 3450//3450 1058//1058
f 1057//1057 3549//3549 3552//3552 1056//1056
f 1057//1057 3556//3556 3555//3555 1086//1086
f 1058//1058 3450//3450 3449//3449 1029//1029
f 1058//1058 3455//3455 3454//3454 1059//1059
f 1058//1058 3553//3553 3556//3556 1057//1057
f 1058//1058 3560//3560 3559//3559 1087//1087
f 1059//1059 3454//3454 3453//3453 1030//1030
f 1059//1059 3459//3459 3458//3458 1060//1060
f 1059//1059 3557//3557 3560//3560 1058//1058
f 1059//1059 3564//3564 3563//3563 1088//1088
f 1060//1060 3458//3458 3457//3457 1031//1031
f 1060//1060 3463//3463 3462//3462 1061//1061
f 1060//1060 3561//3561 3564//3564 1059//1059
f 1060//1060 3568//3568 3567//3567 1089//1089
f 1061//1061 3462//3462 3461//3461 1032//1032
f 1061//1061 3467//3467 3466//3466 1062//1062
f 1061//1061 3565//3565 3568//3568 1060//1060
f 1061//1061 3572//3572 3571//3571 1090//1090
f 1062//1062 3466//3466 3465//3465 1033//1033
f 1062//1062 3471//3471 3470//3470 1063//1063
f 1062//1062 3569//3569 3572//3572 1061//1061
f 1062//1062 3576//3576 3575//3575 1091//1091
f 1063//1063 3470//3470 3469//3469 1034//1034
f 1063//1063 3475//3475 3474//3474 1064//1064
f 1063//1063 3573//3573 3576//3576 1062//1062
f 1063//1063 3580//3580 3579//3579 1092//1092
f 1064//1064 3474//3474 3473//3473 1035//1035
f 1064//1064 3479//3479 3478//3478 1065//1065
f 1064//1064 3577//3577 3580//3580 1063//1063
f 1064//1064 3584//3584 3583//3583 1093//1093
f 1065//1065 3478//3478 3477//3477 1036//1036
f 1065//1065 3483//3483 3482//3482 1066//1066
f 1065//1065 3581//3581 3584//3584 1064//1064
f 1065//1065 3588//3588 3587//3587 1094//1094
f 1066//1066 3482//3482 3481//3481 1037//1037
f 1066//1066 3487//3487 3486//3486 1067//1067
f 1066//1066 3585//3585 3588//3588 1065//1065
f 1066//1066 3592//3592 3591//3591 1095//1095
f 1067//1067 3486//3486 3485//3485 1038//1038
f 1067//1067 3491//3491 3490//3490 1068//1068
f 1067//1067 3589//3589 3592//3592 1066//1066
f 1067//1067 3596//3596 3595//3595 1096//1096
f 1068//1068 3490//3490 3489//3489 1039//1039
f 1068//1068 3495//3495 3494//3494 1069//1069
f 1068//1068 3593//3593 3596//3596 1067//1067
f 1068//1068 3600//3600 3599//3599 1097//1097
f 1069//1069 3494//3494 3493//3493 1040//1040
f 1069//1069 3499//3499 3498//3498 1070//1070
f 1069//1069 3597//3597 3600//3600 1068//1068
f 1069//1069 3604//3604 3603//3603 1098//1098
f 1070//1070 3498//3498 3497//3497 1041//1041
f 1070//1070 3503//3503 3502//3502 1071//1071
f 1070//1070 3601//3601 3604//3604 1069//1069
f 1070//1070 3608//3608 3607//3607 1099//1099
f 1071//1071 3502//3502 3501//3501 1042//1042
f 1071//1071 3507//3507 3506//3506 1072//1072
f 1071//1071 3605//3605 3608//3608 1070//1070
f 1071//1071 3612//3612 3611//3611 1100//1100
f 1072//1072 3506//3506 3505//3505 1043//1043
f 1072//1072 3511//3511 3510//3510 1073//1073
f 1072//1072 3609//3609 3612//3612 1071//1071
f 1072//1072 3616//3616 3615//3615 1101//1101
f 1073//1073 3510//3510 3509//3509 1044//1044
f 1073//1073 3515//3515 3514//3514 1074//1074
f 1073//1073 3613//3613 3616//3616 1072//1072
f 1073//1073 3620//3620 3619//3619 1102//1102
f 1074//1074 3514//3514 3513//3513 1045//1045
f 1074//1074 3519//3519 3518//3518 1075//1075
f 1074//1074 3617//3617 3620//3620 1073//1073
f 1074//1074 3624//3624 3623//3623 1103//1103
f 1075//1075 3518//3518 3517//3517 1046//1046
f 1075//1075 3523//3523 3522//3522 1076//1076
f 1075//1075 3621//3621 3624//3624 1074//1074
f 1075//1075 3628//3628 3627//3627 1104//1104
f 1076//1076 3522//3522 3521//3521 1047//1047
f 1076//1076 3527//3527 3526//3526 1077//1077
f 1076//1076 3625//3625 3628//3628 1075//1075
f 1076//1076 3632//3632 3631//3631 1105//1105
f 1077//1077 3526//3526 3525//3525 1048//1048
f 1077//1077 3531//3531 3530//3530 1078//1078
f 1077//1077 3629//3629 3632//3632 1076//1076
f 1077//1077 3636//3636 3635//3635 1106//1106
f 1078//1078 3530//3530 3529//3529 1049//1049
f 1078//1078 3535//3535 3534//3534 1079//1079
f 1078//1078 3633//3633 3636//3636 1077//1077
f 1078//1078 3640//3640 3639//3639 1107//1107
f 1079//1079 3534//3534 3533//3533 1050//1050
f 1079//1079 3637//3637 3640//3640 1078//1078
f 1081//1081 1110//1110 1109//1109 1080//1080
f 1082//1082 1111//1111 1110//1110 1081//1081
f 1082//1082 3539//3539 3538//3538 1083//1083
f 1082//1082 3644//3644 3643//3643 1111//1111
f 1083//1083 3538//3538 3537//3537 1054//1054
f 1083//1083 3543//3543 3542//3542 1084//1084
f 1083//1083 3641//3641 3644//3644 1082//1082
f 1083//1083 3648//3648 3647//3647 1112//1112
f 1084//1084 3542//3542 3541//3541 1055//1055
f 1084//1084 3547//3547 3546//3546 1085//1085
f 1084//1084 3645//3645 3648//3648 1083//1083
f 1084//1084 3652//3652 3651//3651 1113//1113
f 1085//1085 3546//3546 3545//3545 1056//1056
f 1085//1085 3551//3551 3550//3550 1086//1086
f 1085//1085 3649//3649 3652//3652 1084//1084
f 1085//1085 3656//3656 3655//3655 1114//1114
f 1086//1086 3550//3550 3549//3549 1057//1057
f 1086//1086 3555//3555 3554//3554 1087//1087
f 1086//1086 3653//3653 3656//3656 1085//1085
f 1086//1086 3660//3660 3659//3659 1115//1115
f 1087//1087 3554//3554 3553//3553 1058//1058
f 1087//1087 3559//3559 3558//3558 1088//1088
f 1087//1087 3657//3657 3660//3660 1086//1086
f 1087//1087 3664//3664 3663//3663 1116//1116
f 1088//1088 3558//3558 3557//3557 1059//1059
f 1088//1088 3563//3563 3562//3562 1089//1089
f 1088//1088 3661//3661 3664//3664 1087//1087
f 1088//1088 3668//3668 3667//3667 1117//1117
f 1089//1089 3562//3562 3561//3561 1060//1060
f 1089//1089 3567//3567 3566//3566 1090//1090
f 1089//1089 3665//3665 3668//3668 1088//1088
f 1089//1089 3672//3672 3671//3671 1118//1118
f 1090//1090 3566//3566 3565//3565 1061//1061
f 1090//1090 3571//3571 3570//3570 1091//1091
f 1090//1090 3669//3669 3672//3672 1089//1089
f 1090//1090 3676//3676 3675//3675 1119//1119
f 1091//1091 3570//3570 3569//3569 1062//1062
f 1091//1091 3575//3575 3574//3574 1092//1092
f 1091//1091 3673//3673 3676//3676 1090//1090
f 1091//1091 3680//3680 3679//3679 1120//1120
f 1092//1092 3574//3574 3573//3573 1063//1063
f 1092//1092 3579//3579 3578//3578 1093//1093
f 1092//1092 3677//3677 3680//3680 1091//1091
f 1092//1092 3684//3684 3683//3683 1121//1121
f 1093//1093 3578//3578 3577//3577 1064//1064
f 1093//1093 3583//3583 3582//3582 1094//1094
f 1093//1093 3681//3681 3684//3684 1092//1092
f 1093//1093 3688//3688 3687//3687 1122//1122
f 1094//1094 3582//3582 3581//3581 1065//1065
f 1094//1094 3587//3587 3586//3586 1095//1095
f 1094//1094 3685//3685 3688//3688 1093//1093
f 1094//1094 3692//3692 3691//3691 1123//1123
f 1095//1095 3586//3586 3585//3585 1066//1066
f 1095//1095 3591//3591 3590//3590 1096//1096
f 1095//1095 3689//3689 3692//3692 1094//1094
f 1095//1095 3696//3696 3695//3695 1124//1124
f 1096//1096 3590//3590 3589//3589 1067//1067
f 1096//1096 3595//3595 3594//3594 1097//1097
f 1096//1096 3693//3693 3696//3696 1095//1095
f 1096//1096 3700//3700 3699//3699 1125//1125
f 1097//1097 3594//3594 3593//3593 1068//1068
f 1097//1097 3599//3599 3598//3598 1098//1098
f 1097//1097 3697//3697 3700//3700 1096//1096
f 1097//1097 3704//3704 3703//3703 1126//1126
f 1098//1098 3598//3598 3597//3597 1069//1069
f 1098//1098 3603//3603 3602//3602 1099//1099
f 1098//1098 3701//3701 3704//3704 1097//1097
f 1098//1098 3708//3708 3707//3707 1127//1127
f 1099//1099 3602//3602 3601//3601 1070//1070
f 1099//1099 3607//3607 3606//3606 1100//1100
f 1099//1099 3705//3705 3708//3708 1098//1098
f 1099//1099 3712//3712 3711//3711 1128//1128
f 1100//1100 3606//3606 3605//3605 1071//1071
f 1100//1100 3611//3611 3610//3610 1101//1101
f 1100//1100 3709//3709 3712//3712 1099//1099
f 1100//1100 3716//3716 3715//3715 1129//1129
f 1101//1101 3610//3610 3609//3609 1072//1072
f 1101//1101 3615//3615 3614//3614 1102//1102
f 1101//1101 3713//3713 3716//3716 1100//1100
f 1101//1101 3720//3720 3719//3719 1130//1130
f 1102//1102 3614//3614 3613//3613 1073//1073
f 1102//1102 3619//3619 3618//3618 1103//1103
f 1102//1102 3717//3717 3720//3720 1101//1101
f 1102//1102 3724//3724 3723//3723 1131//1131
f 1103//1103 3618//3618 3617//3617 1074//1074
f 1103//1103 3623//3623 3622//3622 1104//1104
f 1103//1103 3721//3721 3724//3724 1102//1102
f 1103//1103 3728//3728 3727//3727 1132//1132
f 1104//1104 3622//3622 3621//3621 1075//1075
f 1104//1104 3627//3627 3626//3626 1105//1105
f 1104//1104 3725//3725 3728//3728 1103//1103
f 1104//1104 3732//3732 3731//3731 1133//1133
f 1105//1105 3626//3626 3625//3625 1076//1076
f 1105//1105 3631//3631 3630//3630 1106//1106
f 1105//1105 3729//3729 3732//3732 1104//1104
f 1105//1105 3736//3736 3735//3735 1134//1134
f 1106//1106 3630//3630 3629//3629 1077//1077
f 1106//1106 3635//3635 3634//3634 1107//1107
f 1106//1106 3733//3733 3736//3736 1105//1105
f 1106//1106 3740//3740 3739//3739 1135//1135
f 1107//1107 3634//3634 3633//3633 1078//1078
f 1107//1107 3639//3639 3638//3638 1108//1108
f 1107//1107 3737//3737 3740//3740 1106//1106
f 1107//1107 3744//3744 3743//3743 1136//1136
f 1108//1108 3638//3638 3637//3637 1079//1079
f 1108//1108 3741//3741 3744//3744 1107//1107
f 1110//1110 1139//1139 1138//1138 1109//1109
f 1111//1111 1140//1140 1139//1139 1110//1110
f 1111//1111 3643//3643 3642//3642 1112//1112
f 1111//1111 3748//3748 3747//3747 1140//1140
f 1112//1112 3642//3642 3641//3641 1083//1083
f 1112//1112 3647//3647 3646//3646 1113//1113
f 1112//1112 3745//3745 3748//3748 1111//1111
f 1112//1112 3752//3752 3751//3751 1141//1141
f 1113//1113 3646//3646 3645//3645 1084//1084
f 1113//1113 3651//3651 3650//3650 1114//1114
f 1113//1113 3749//3749 3752//3752 1112//1112
f 1113//1113 3756//3756 3755//3755 1142//1142
f 1114//1114 3650//3650 3649//3649 1085//1085
f 1114//1114 3655//3655 3654//3654 1115//1115
f 1114//1114 3753//3753 3756//3756 1113//1113
f 1114//1114 3760//3760 3759//3759 1143//1143
f 1115//1115 3654//3654 3653//3653 1086//1086
f 1115//1115 3659//3659 3658//3658 1116//1116
f 1115//1115 3757//3757 3760//3760 1114//1114
f 1115//1115 3764//3764 3763//3763 1144//1144
f 1116//1116 3658//3658 3657//3657 1087//1087
f 1116//1116 3663//3663 3662//3662 1117//1117
f 1116//1116 3761//3761 3764//3764 1115//1115
f 1116//1116 3768//3768 3767//3767 1145//1145
f 1117//1117 3662//3662 3661//3661 1088//1088
f 1117//1117 3667//3667 3666//3666 1118//1118
f 1117//1117 3765//3765 3768//3768 1116//1116
f 1117//1117 3772//3772 3771//3771 1146//1146
f 1118//1118 3666//3666 3665//3665 1089//1089
f 1118//1118 3671//3671 3670//3670 1119//1119
f 1118//1118 3769//3769 3772//3772 1117//1117
f 1118//1118 3776//3776 3775//3775 1147//1147
f 1119//1119 3670//3670 3669//3669 1090//1090
f 1119//1119 3675//3675 3674//3674 1120//1120
f 1119//1119 3773//3773 3776//3776 1118//1118
f 1119//1119 3780//3780 3779//3779 1148//1148
f 1120//1120 3674//3674 3673//3673 1091//1091
f 1120//1120 3679//3679 3678//3678 1121//1121
f 1120//1120 3777//3777 3780//3780 1119//1119
f 1120//1120 3784//3784 3783//3783 1149//1149
f 1121//1121 3678//3678 3677//3677 1092//1092
f 1121//1121 3683//3683 3682//3682 1122//1122
f 1121//1121 3781//3781 3784//3784 1120//1120
f 1121//1121 3788//3788 3787//3787 1150//1150
f 1122//1122 3682//3682 3681//3681 1093//1093
f 1122//1122 3687//3687 3686//3686 1123//1123
f 1122//1122 3785//3785 3788//3788 1121//1121
f 1122//1122 3792//3792 3791//3791 1151//1151
f 1123//1123 3686//3686 3685//3685 1094//1094
f 1123//1123 3691//3691 3690//3690 1124//1124
f 1123//1123 3789//3789 3792//3792 1122//1122
f 1123//1123 3796//3796 3795//3795 1152//1152
f 1124//1124 3690//3690 3689//3689 1095//1095
f 1124//1124 3695//3695 3694//3694 1125//1125
f 1124//1124 3793//3793 3796//3796 1123//1123
f 1124//1124 3800//3800 3799//3799 1153//1153
f 1125//1125 3694//3694 3693//3693 1096//1096
f 1125//1125 3699//3699 3698//3698 1126//1126
f 1125//1125 3797//3797 3800//3800 1124//1124
f 1125//1125 3804//3804 3803//3803 1154//1154
f 1126//1126 3698//3698 3697//3697 1097//1097
f 1126//1126 3703//3703 3702//3702 1127//1127
f 1126//1126 3801//3801 3804//3804 1125//1125
f 1126//1126 3808//3808 3807//3807 1155//1155
f 1127//1127 3702//3702 3701//3701 1098//1098
f 1127//1127 3707//3707 3706//3706 1128//1128
f 1127//1127 3805//3805 3808//3808 1126//1126
f 1127//1127 3812//3812 3811//3811 1156//1156
f 1128//1128 3706//3706 3705//3705 1099//1099
f 1128//1128 3711//3711 3710//3710 1129//1129
f 1128//1128 3809//3809 3812//3812 1127//1127
f 1128//1128 3816//3816 3815//3815 1157//1157
f 1129//1129 3710//3710 3709//3709 1100//1100
f 1129//1129 3715//3715 3714//3714 1130//1130
f 1129//1129 3813//3813 3816//3816 1128//1128
f 1129//1129 3820//3820 3819//3819 1158//1158
f 1130//1130 3714//3714 3713//3713 1101//1101
f 1130//1130 3719//3719 3718//3718 1131//1131
f 1130//1130 3817//3817 3820//3820 1129//1129
f 1130//1130 3824//3824 3823//3823 1159//1159
f 1131//1131 3718//3718 3717//3717 1102//1102
f 1131//1131 3723//3723 3722//3722 1132//1132
f 1131//1131 3821//3821 3824//3824 1130//1130
f 1131//1131 3828//3828 3827//3827 1160//1160
f 1132//1132 3722//3722 3721//3721 1103//1103
f 1132//1132 3727//3727 3726//3726 1133//1133
f 1132//1132 3825//3825 3828//3828 1131//1131
f 1132//1132 3832//3832 3831//3831 1161//1161
f 1133//1133 3726//3726 3725//3725 1104//1104
f 1133//1133 3731//3731 3730//3730 1134//1134
f 1133//1133 3829//3829 3832//3832 1132//1132
f 1133//1133 3836//3836 3835//3835 1162//1162
f 1134//1134 3730//3730 3729//3729 1105//1105
f 1134//1134 3735//3735 3734//3734 1135//1135
f 1134//1134 3833//3833 3836//3836 1133//1133
f 1134//1134 3840//3840 3839//3839 1163//1163
f 1135//1135 3734//3734 3733//3733 1106//1106
f 1135//1135 3739//3739 3738//3738 1136//1136
f 1135//1135 3837//3837 3840//3840 1134//1134
f 1135//1135 3844//3844 3843//3843 1164//1164
f 1136//1136 3738//3738 3737//3737 1107//1107
f 1136//1136 3743//3743 3742//3742 1137//1137
f 1136//1136 3841//3841 3844//3844 1135//1135
f 1136//1136 3848//3848 3847//3847 1165//1165
f 1137//1137 3742//3742 3741//3741 1108//1108
f 1137//1137 3845//3845 3848//3848 1136//1136
f 1139//1139 1168//1168 1167//1167 1138//1138
f 1140//1140 1169//1169 1168//1168 1139//1139
f 1140//1140 3747//3747 3746//3746 1141//1141
f 1140//1140 3852//3852 3851//3851 1169//1169
f 1141//1141 3746//3746 3745//3745 1112//1112
f 1141//1141 3751//3751 3750//3750 1142//1142
f 1141//1141 3849//3849 3852//3852 1140//1140
f 1141//1141 3856//3856 3855//3855 1170//1170
f 1142//1142 3750//3750 3749//3749 1113//1113
f 1142//1142 3755//3755 3754//3754 1143//1143
f 1142//1142 3853//3853 3856//3856 1141//1141
f 1142//1142 3860//3860 3859//3859 1171//1171
f 1143//1143 3754//3754 3753//3753 1114//1114
f 1143//1143 3759//3759 3758//3758 1144//1144
f 1143//1143 3857//3857 3860//3860 1142//1142
f 1143//1143 3864//3864 3863//3863 1172//1172
f 1144//1144 3758//3758 3757//3757 1115//1115
f 1144//1144 3763//3763 3762//3762 1145//1145
f 1144//1144 3861//3861 3864//3864 1143//1143
f 1144//1144 3868//3868 3867//3867 1173//1173
f 1145//1145 3762//3762 3761//3761 1116//1116
f 1145//1145 3767//3767 3766//3766 1146//1146
f 1145//1145 3865//3865 3868//3868 1144//1144
f 1145//1145 3872//3872 3871//3871 1174//1174
f 1146//1146 3766//3766 3765//3765 1117//1117
f 1146//1146 3771//3771 3770//3770 1147//1147
f 1146//1146 3869//3869 3872//3872 1145//1145
f 1146//1146 3876//3876 3875//3875 1175//1175
f 1147//1147 3770//3770 3769//3769 1118//1118
f 1147//1147 3775//3775 3774//3774 1148//1148
f 1147//1147 3873//3873 3876//3876 1146//1146
f 1147//1147 3880//3880 3879//3879 1176//1176
f 1148//1148 3774//3774 3773//3773 1119//1119
f 1148//1148 3779//3779 3778//3778 1149//1149
f 1148//1148 3877//3877 3880//3880 1147//1147
f 1148//1148 3884//3884 3883//3883 1177//1177
f 1149//1149 3778//3778 3777//3777 1120//1120
f 1149//1149 3783//3783 3782//3782 1150//1150
f 1149//1149 3881//3881 3884//3884 1148//1148
f 1149//1149 3888//3888 3887//3887 1178//1178
f 1150//1150 3782//3782 3781//3781 1121//1121
f 1150//1150 3787//3787 3786//3786 1151//1151
f 1150//1150 3885//3885 3888//3888 1149//1149
f 1150//1150 3892//3892 3891//3891 1179//1179
f 1151//1151 3786//3786 3785//3785 1122//1122
f 1151//1151 3791//3791 3790//3790 1152//1152
f 1151//1151 3889//3889 3892//3892 1150//1150
f 1151//1151 3896//3896 3895//3895 1180//1180
f 1152//1152 3790//3790 3789//3789 1123//1123
f 1152//1152 3795//3795 3794//3794 1153//1153
f 1152//1152 3893//3893 3896//3896 1151//1151
f 1152//1152 3900//3900 3899//3899 1181//1181
f 1153//1153 3794//3794 3793//3793 1124//1124
f 1153//1153 3799//3799 3798//3798 1154//1154
f 1153//1153 3897//3897 3900//3900 1152//1152
f 1153//1153 3904//3904 3903//3903 1182//1182
f 1154//1154 3798//3798 3797//3797 1125//1125
f 1154//1154 3803//3803 3802//3802 1155//1155
f 1154//1154 3901//3901 3904//3904 1153//1153
f 1154//1154 3908//3908 3907//3907 1183//1183
f 1155//1155 3802//3802 3801//3801 1126//1126
f 1155//1155 3807//3807 3806//3806 1156//1156
f 1155//1155 3905//3905 3908//3908 1154//1154
f 1155//1155 3912//3912 3911//3911 1184//1184
f 1156//1156 3806//3806 3805//3805 1127//1127
f 1156//1156 3811//3811 3810//3810 1157//1157
f 1156//1156 3909//3909 3912//3912 1155//1155
f 1156//1156 3916//3916 3915//3915 1185//1185
f 1157//1157 3810//3810 3809//3809 1128//1128
f 1157//1157 3815//3815 3814//3814 1158//1158
f 1157//1157 3913//3913 3916//3916 1156//1156
f 1157//1157 3920//3920 3919//3919 1186//1186
f 1158//1158 3814//3814 3813//3813 1129//1129
f 1158//1158 3819//3819 3818//3818 1159//1159
f 1158//1158 3917//3917 3920//3920 1157//1157
f 1158//1158 3924//3924 3923//3923 1187//1187
f 1159//1159 3818//3818 3817//3817 1130//1130
f 1159//1159 3823//3823 3822//3822 1160//1160
f 1159//1159 3921//3921 3924//3924 1158//1158
f 1159//1159 3928//3928 3927//3927 1188//1188
f 1160//1160 3822//3822 3821//3821 1131//1131
f 1160//1160 3827//3827 3826//3826 1161//1161
f 1160//1160 3925//3925 3928//3928 1159//1159
f 1160//1160 3932//3932 3931//3931 1189//1189
f 1161//1161 3826//3826 3825//3825 1132//1132
f 1161//1161 3831//3831 3830//3830 1162//1162
f 1161//1161 3929//3929 3932//3932 1160//1160
f 1161//1161 3936//3936 3935//3935 1190//1190
f 1162//1162 3830//3830 3829//3829 1133//1133
f 1162//1162 3835//3835 3834//3834 1163//1163
f 1162//1162 3933//3933 3936//3936 1161//1161
f 1162//1162 3940//3940 3939//3939 1191//1191
f 1163//1163 3834//3834 3833//3833 1134//1134
f 1163//1163 3839//3839 3838//3838 1164//1164
f 1163//1163 3937//3937 3940//3940 1162//1162
f 1163//1163 3944//3944 3943//3943 1192//1192
f 1164//1164 3838//3838 3837//3837 1135//1135
f 1164//1164 3843//3843 3842//3842 1165//1165
f 1164//1164 3941//3941 3944//3944 1163//1163
f 1164//1164 3948//3948 3947//3947 1193//1193
f 1165//1165 3842//3842 3841//3841 1136//1136
f 1165//1165 3847//3847 3846//3846 1166//1166
f 1165//1165 3945//3945 3948//3948 1164//1164
f 1165//1165 3952//3952 3951//3951 1194//1194
f 1166//1166 3846//3846 3845//3845 1137//1137
f 1166//1166 3949//3949 3952//3952 1165//1165
f 1169//1169 3851//3851 3850//3850 1170//1170
f 1170//1170 3850//3850 3849//3849 1141//1141
f 1170//1170 3855//3855 3854//3854 1171//1171
f 1171//1171 3854//3854 3853//3853 1142//1142
f 1171//1171 3859//3859 3858//3858 1172//1172
f 1172//1172 3858//3858 3857//3857 1143//1143
f 1172//1172 3863//3863 3862//3862 1173//1173
f 1173//1173 3862//3862 3861//3861 1144//1144
f 1173//1173 3867//3867 3866//3866 1174//1174
f 1174//1174 3866//3866 3865//3865 1145//1145
f 1174//1174 3871//3871 3870//3870 1175//1175
f 1175//1175 3870//3870 3869//3869 1146//1146
f 1175//1175 3875//3875 3874//3874 1176//1176
f 1176//1176 3874//3874 3873//3873 1147//1147
f 1176//1176 3879//3879 3878//3878 1177//1177
f 1177//1177 3878//3878 3877//3877 1148//1148
f 1177//1177 3883//3883 3882//3882 1178//1178
f 1178//1178 3882//3882 3881//3881 1149//1149
f 1178//1178 3887//3887 3886//3886 1179//1179
f 1179//1179 3886//3886 3885//3885 1150//1150
f 1179//1179 3891//3891 3890//3890 1180//1180
f 1180//1180 3890//3890 3889//3889 1151//1151
f 1180//1180 3895//3895 3894//3894 1181//1181
f 1181//1181 3894//3894 3893//3893 1152//1152
f 1181//1181 3899//3899 3898//3898 1182//1182
f 1182//1182 3898//3898 3897//3897 1153//1153
f 1182//1182 3903//3903 3902//3902 1183//1183
f 1183//1183 3902//3902 3901//3901 1154//1154
f 1183//1183 3907//3907 3906//3906 1184//1184
f 1184//1184 3906//3906 3905//3905 1155//1155
f 1184//1184 3911//3911 3910//3910 1185//1185
f 1185//1185 3910//3910 3909//3909 1156//1156
f 1185//1185 3915//3915 3914//3914 1186//1186
f 1186//1186 3914//3914 3913//3913 1157//1157
f 1186//1186 3919//3919 3918//3918 1187//1187
f 1187//1187 3918//3918 3917//3917 1158//1158
f 1187//1187 3923//3923 3922//3922 1188//1188
f 1188//1188 3922//3922 3921//3921 1159//1159
f 1188//1188 3927//3927 3926//3926 1189//1189
f 1189//1189 3926//3926 3925//3925 1160//1160
f 1189//1189 3931//3931 3930//3930 1190//1190
f 1190//1190 3930//3930 3929//3929 1161//1161
f 1190//1190 3935//3935 3934//3934 1191//1191
f 1191//1191 3934//3934 3933//3933 1162//1162
f 1191//1191 3939//3939 3938//3938 1192//1192
f 1192//1192 3938//3938 3937//3937 1163//1163
f 1192//1192 3943//3943 3942//3942 1193//1193
f 1193//1193 3942//3942 3941//3941 1164//1164
f 1193//1193 3947//3947 3946//3946 1194//1194
f 1194//1194 3946//3946 3945//3945 1165//1165
f 1194//1194 3951//3951 3950//3950 1195//1195
f 1195//1195 3950//3950 3949//3949 1166//1166
f 1196//1196 4054//4054 4053//4053 1225//1225
f 1197//1197 4050//4050 4049//4049 1226//1226
f 1197//1197 4055//4055 4054//4054 1196//1196
f 1198//1198 4046//4046 4045//4045 1227//1227
f 1198//1198 4051//4051 4050//4050 1197//1197
f 1199//1199 4042//4042 4041//4041 1228//1228
f 1199//1199 4047//4047 4046//4046 1198//1198
f 1200//1200 4038//4038 4037//4037 1229//1229
f 1200//1200 4043//4043 4042//4042 1199//1199
f 1201//1201 4034//4034 4033//4033 1230//1230
f 1201//1201 4039//4039 4038//4038 1200//1200
f 1202//1202 4030//4030 4029//4029 1231//1231
f 1202//1202 4035//4035 4034//4034 1201//1201
f 1203//1203 4026//4026 4025//4025 1232//1232
f 1203//1203 4031//4031 4030//4030 1202//1202
f 1204//1204 4022//4022 4021//4021 1233//1233
f 1204//1204 4027//4027 4026//4026 1203//1203
f 1205//1205 4018//4018 4017//4017 1234//1234
f 1205//1205 4023//4023 4022//4022 1204//1204
f 1206//1206 4014//4014 4013//4013 1235//1235
f 1206//1206 4019//4019 4018//4018 1205//1205
f 1207//1207 4010//4010 4009//4009 1236//1236
f 1207//1207 4015//4015 4014//4014 1206//1206
f 1208//1208 4006//4006 4005//4005 1237//1237
f 1208//1208 4011//4011 4010//4010 1207//1207
f 1209//1209 4002//4002 4001//4001 1238//1238
f 1209//1209 4007//4007 4006//4006 1208//1208
f 1210//1210 3998//3998 3997//3997 1239//1239
f 1210//1210 4003//4003 4002//4002 1209//1209
f 1211//1211 3994//3994 3993//3993 1240//1240
f 1211//1211 3999//3999 3998//3998 1210//1210
f 1212//1212 3990//3990 3989//3989 1241//1241
f 1212//1212 3995//3995 3994//3994 1211//1211
f 1213//1213 3986//3986 3985//3985 1242//1242
f 1213//1213 3991//3991 3990//3990 1212//1212
f 1214//1214 3982//3982 3981//3981 1243//1243
f 1214//1214 3987//3987 3986//3986 1213//1213
f 1215//1215 3978//3978 3977//3977 1244//1244
f 1215//1215 3983//3983 3982//3982 1214//1214
f 1216//1216 3974//3974 3973//3973 1245//1245
f 1216//1216 3979//3979 3978//3978 1215//1215
f 1217//1217 3970//3970 3969//3969 1246//1246
f 1217//1217 3975//3975 3974//3974 1216//1216
f 1218//1218 3966//3966 3965//3965 1247//1247
f 1218//1218 3971//3971 3970//3970 1217//1217
f 1219//1219 3962//3962 3961//3961 1248//1248
f 1219//1219 3967//3967 3966//3966 1218//1218
f 1220//1220 3958//3958 3957//3957 1249//1249
f 1220//1220 3963//3963 3962//3962 1219//1219
f 1221//1221 3954//3954 3953//3953 1250//1250
f 1221//1221 3959//3959 3958//3958 1220//1220
f 1222//1222 3955//3955 3954//3954 1221//1221
f 1223//1223 1252//1252 1251//1251 1222//1222
f 1224//1224 1253//1253 1252//1252 1223//1223
f 1225//1225 4053//4053 4056//4056 1226//1226
f 1225//1225 4158//4158 4157//4157 1254//1254
f 1226//1226 4049//4049 4052//4052 1227//1227
f 1226//1226 4056//4056 4055//4055 1197//1197
f 1226//1226 4154//4154 4153//4153 1255//1255
f 1226//1226 4159//4159 4158//4158 1225//1225
f 1227//1227 4045//4045 4048//4048 1228//1228
f 1227//1227 4052//4052 4051//4051 1198//1198
f 1227//1227 4150//4150 4149//4149 1256//1256
f 1227//1227 4155//4155 4154//4154 1226//1226
f 1228//1228 4041//4041 4044//4044 1229//1229
f 1228//1228 4048//4048 4047//4047 1199//1199
f 1228//1228 4146//4146 4145//4145 1257//1257
f 1228//1228 4151//4151 4150//4150 1227//1227
f 1229//1229 4037//4037 4040//4040 1230//1230
f 1229//1229 4044//4044 4043//4043 1200//1200
f 1229//1229 4142//4142 4141//4141 1258//1258
f 1229//1229 4147//4147 4146//4146 1228//1228
f 1230//1230 4033//4033 4036//4036 1231//1231
f 1230//1230 4040//4040 4039//4039 1201//1201
f 1230//1230 4138//4138 4137//4137 1259//1259
f 1230//1230 4143//4143 4142//4142 1229//1229
f 1231//1231 4029//4029 4032//4032 1232//1232
f 1231//1231 4036//4036 4035//4035 1202//1202
f 1231//1231 4134//4134 4133//4133 1260//1260
f 1231//1231 4139//4139 4138//4138 1230//1230
f 1232//1232 4025//4025 4028//4028 1233//1233
f 1232//1232 4032//4032 4031//4031 1203//1203
f 1232//1232 4130//4130 4129//4129 1261//1261
f 1232//1232 4135//4135 4134//4134 1231//1231
f 1233//1233 4021//4021 4024//4024 1234//1234
f 1233//1233 4028//4028 4027//4027 1204//1204
f 1233//1233 4126//4126 4125//4125 1262//1262
f 1233//1233 4131//4131 4130//4130 1232//1232
f 1234//1234 4017//4017 4020//4020 1235//1235
f 1234//1234 4024//4024 4023//4023 1205//1205
f 1234//1234 4122//4122 4121//4121 1263//1263
f 1234//1234 4127//4127 4126//4126 1233//1233
f 1235//1235 4013//4013 4016//4016 1236//1236
f 1235//1235 4020//4020 4019//4019 1206//1206
f 1235//1235 4118//4118 4117//4117 1264//1264
f 1235//1235 4123//4123 4122//4122 1234//1234
f 1236//1236 4009//4009 4012//4012 1237//1237
f 1236//1236 4016//4016 4015//4015 1207//1207
f 1236//1236 4114//4114 4113//4113 1265//1265
f 1236//1236 4119//4119 4118//4118 1235//1235
f 1237//1237 4005//4005 4008//4008 1238//1238
f 1237//1237 4012//4012 4011//4011 1208//1208
f 1237//1237 4110//4110 4109//4109 1266//1266
f 1237//1237 4115//4115 4114//4114 1236//1236
f 1238//1238 4001//4001 4004//4004 1239//1239
f 1238//1238 4008//4008 4007//4007 1209//1209
f 1238//1238 4106//4106 4105//4105 1267//1267
f 1238//1238 4111//4111 4110//4110 1237//1237
f 1239//1239 3997//3997 4000//4000 1240//1240
f 1239//1239 4004//4004 4003//4003 1210//1210
f 1239//1239 4102//4102 4101//4101 1268//1268
f 1239//1239 4107//4107 4106//4106 1238//1238
f 1240//1240 3993//3993 3996//3996 1241//1241
f 1240//1240 4000//4000 3999//3999 1211//1211
f 1240//1240 4098//4098 4097//4097 1269//1269
f 1240//1240 4103//4103 4102//4102 1239//1239
f 1241//1241 3989//3989 3992//3992 1242//1242
f 1241//1241 3996//3996 3995//3995 1212//1212
f 1241//1241 4094//4094 4093//4093 1270//1270
f 1241//1241 4099//4099 4098//4098 1240//1240
f 1242//1242 3985//3985 3988//3988 1243//1243
f 1242//1242 3992//3992 3991//3991 1213//1213
f 1242//1242 4090//4090 4089//4089 1271//1271
f 1242//1242 4095//4095 4094//4094 1241//1241
f 1243//1243 3981//3981 3984//3984 1244//1244
f 1243//1243 3988//3988 3987//3987 1214//1214
f 1243//1243 4086//4086 4085//4085 1272//1272
f 1243//1243 4091//4091 4090//4090 1242//1242
f 1244//1244 3977//3977 3980//3980 1245//1245
f 1244//1244 3984//3984 3983//3983 1215//1215
f 1244//1244 4082//4082 4081//4081 1273//1273
f 1244//1244 4087//4087 4086//4086 1243//1243
f 1245//1245 3973//3973 3976//3976 1246//1246
f 1245//1245 3980//3980 3979//3979 1216//1216
f 1245//1245 4078//4078 4077//4077 1274//1274
f 1245//1245 4083//4083 4082//4082 1244//1244
f 1246//1246 3969//3969 3972//3972 1247//1247
f 1246//1246 3976//3976 3975//3975 1217//1217
f 1246//1246 4074//4074 4073//4073 1275//1275
f 1246//1246 4079//4079 4078//4078 1245//1245
f 1247//1247 3965//3965 3968//3968 1248//1248
f 1247//1247 3972//3972 3971//3971 1218//1218
f 1247//1247 4070//4070 4069//4069 1276//1276
f 1247//1247 4075//4075 4074//4074 1246//1246
f 1248//1248 3961//3961 3964//3964 1249//1249
f 1248//1248 3968//3968 3967//3967 1219//1219
f 1248//1248 4066//4066 4065//4065 1277//1277
f 1248//1248 4071//4071 4070//4070 1247//1247
f 1249//1249 3957//3957 3960//3960 1250//1250
f 1249//1249 3964//3964 3963//3963 1220//1220
f 1249//1249 4062//4062 4061//4061 1278//1278
f 1249//1249 4067//4067 4066//4066 1248//1248
f 1250//1250 3953//3953 3956//3956 1251//1251
f 1250//1250 3960//3960 3959//3959 1221//1221
f 1250//1250 4058//4058 4057//4057 1279//1279
f 1250//1250 4063//4063 4062//4062 1249//1249
f 1251//1251 3956//3956 3955//3955 1222//1222
f 1251//1251 4059//4059 4058//4058 1250//1250
f 1252//1252 1281//1281 1280//1280 1251//1251
f 1253//1253 1282//1282 1281//1281 1252//1252
f 1254//1254 4157//4157 4160//4160 1255//1255
f 1254//1254 4262//4262 4261//4261 1283//1283
f 1255//1255 4153//4153 4156//4156 1256//1256
f 1255//1255 4160//4160 4159//4159 1226//1226
f 1255//1255 4258//4258 4257//4257 1284//1284
f 1255//1255 4263//4263 4262//4262 1254//1254
f 1256//1256 4149//4149 4152//4152 1257//1257
f 1256//1256 4156//4156 4155//4155 1227//1227
f 1256//1256 4254//4254 4253//4253 1285//1285
f 1256//1256 4259//4259 4258//4258 1255//1255
f 1257//1257 4145//4145 4148//4148 1258//1258
f 1257//1257 4152//4152 4151//4151 1228//1228
f 1257//1257 4250//4250 4249//4249 1286//1286
f 1257//1257 4255//4255 4254//4254 1256//1256
f 1258//1258 4141//4141 4144//4144 1259//1259
f 1258//1258 4148//4148 4147//4147 1229//1229
f 1258//1258 4246//4246 4245//4245 1287//1287
f 1258//1258 4251//4251 4250//4250 1257//1257
f 1259//1259 4137//4137 4140//4140 1260//1260
f 1259//1259 4144//4144 4143//4143 1230//1230
f 1259//1259 4242//4242 4241//4241 1288//1288
f 1259//1259 4247//4247 4246//4246 1258//1258
f 1260//1260 4133//4133 4136//4136 1261//1261
f 1260//1260 4140//4140 4139//4139 1231//1231
f 1260//1260 4238//4238 4237//4237 1289//1289
f 1260//1260 4243//4243 4242//4242 1259//1259
f 1261//1261 4129//4129 4132//4132 1262//1262
f 1261//1261 4136//4136 4135//4135 1232//1232
f 1261//1261 4234//4234 4233//4233 1290//1290
f 1261//1261 4239//4239 4238//4238 1260//1260
f 1262//1262 4125//4125 4128//4128 1263//1263
f 1262//1262 4132//4132 4131//4131 1233//1233
f 1262//1262 4230//4230 4229//4229 1291//1291
f 1262//1262 4235//4235 4234//4234 1261//1261
f 1263//1263 4121//4121 4124//4124 1264//1264
f 1263//1263 4128//4128 4127//4127 1234//1234
f 1263//1263 4226//4226 4225//4225 1292//1292
f 1263//1263 4231//4231 4230//4230 1262//1262
f 1264//1264 4117//4117 4120//4120 1265//1265
f 1264//1264 4124//4124 4123//4123 1235//1235
f 1264//1264 4222//4222 4221//4221 1293//1293
f 1264//1264 4227//4227 4226//4226 1263//1263
f 1265//1265 4113//4113 4116//4116 1266//1266
f 1265//1265 4120//4120 4119//4119 1236//1236
f 1265//1265 4218//4218 4217//4217 1294//1294
f 1265//1265 4223//4223 4222//4222 1264//1264
f 1266//1266 4109//4109 4112//4112 1267//1267
f 1266//1266 4116//4116 4115//4115 1237//1237
f 1266//1266 4214//4214 4213//4213 1295//1295
f 1266//1266 4219//4219 4218//4218 1265//1265
f 1267//1267 4105//4105 4108//4108 1268//1268
f 1267//1267 4112//4112 4111//4111 1238//1238
f 1267//1267 4210//4210 4209//4209 1296//1296
f 1267//1267 4215//4215 4214//4214 1266//1266
f 1268//1268 4101//4101 4104//4104 1269//1269
f 1268//1268 4108//4108 4107//4107 1239//1239
f 1268//1268 4206//4206 4205//4205 1297//1297
f 1268//1268 4211//4211 4210//4210 1267//1267
f 1269//1269 4097//4097 4100//4100 1270//1270
f 1269//1269 4104//4104 4103//4103 1240//1240
f 1269//1269 4202//4202 4201//4201 1298//1298
f 1269//1269 4207//4207 4206//4206 1268//1268
f 1270//1270 4093//4093 4096//4096 1271//1271
f 1270//1270 4100//4100 4099//4099 1241//1241
f 1270//1270 4198//4198 4197//4197 1299//1299
f 1270//1270 4203//4203 4202//4202 1269//1269
f 1271//1271 4089//4089 4092//4092 1272//1272
f 1271//1271 4096//4096 4095//4095 1242//1242
f 1271//1271 4194//4194 4193//4193 1300//1300
f 1271//1271 4199//4199 4198//4198 1270//1270
f 1272//1272 4085//4085 4088//4088 1273//1273
f 1272//1272 4092//4092 4091//4091 1243//1243
f 1272//1272 4190//4190 4189//4189 1301//1301
f 1272//1272 4195//4195 4194//4194 1271//1271
f 1273//1273 4081//4081 4084//4084 1274//1274
f 1273//1273 4088//4088 4087//4087 1244//1244
f 1273//1273 4186//4186 4185//4185 1302//1302
f 1273//1273 4191//4191 4190//4190 1272//1272
f 1274//1274 4077//4077 4080//4080 1275//1275
f 1274//1274 4084//4084 4083//4083 1245//1245
f 1274//1274 4182//4182 4181//4181 1303//1303
f 1274//1274 4187//4187 4186//4186 1273//1273
f 1275//1275 4073//4073 4076//4076 1276//1276
f 1275//1275 4080//4080 4079//4079 1246//1246
f 1275//1275 4178//4178 4177//4177 1304//1304
f 1275//1275 4183//4183 4182//4182 1274//1274
f 1276//1276 4069//4069 4072//4072 1277//1277
f 1276//1276 4076//4076 4075//4075 1247//1247
f 1276//1276 4174//4174 4173//4173 1305//1305
f 1276//1276 4179//4179 4178//4178 1275//1275
f 1277//1277 4065//4065 4068//4068 1278//1278
f 1277//1277 4072//4072 4071//4071 1248//1248
f 1277//1277 4170//4170 4169//4169 1306//1306
f 1277//1277 4175//4175 4174//4174 1276//1276
f 1278//1278 4061//4061 4064//4064 1279//1279
f 1278//1278 4068//4068 4067//4067 1249//1249
f 1278//1278 4166//4166 4165//4165 1307//1307
f 1278//1278 4171//4171 4170//4170 1277//1277
f 1279//1279 4057//4057 4060//4060 1280//1280
f 1279//1279 4064//4064 4063//4063 1250//1250
f 1279//1279 4162//4162 4161//4161 1308//1308
f 1279//1279 4167//4167 4166//4166 1278//1278
f 1280//1280 4060//4060 4059//4059 1251//1251
f 1280//1280 4163//4163 4162//4162 1279//1279
f 1281//1281 1310//1310 1309//1309 1280//1280
f 1282//1282 1311//1311 1310//1310 1281//1281
f 1283//1283 4261//4261 4264//4264 1284//1284
f 1283//1283 4366//4366 4365//4365 1312//1312
f 1284//1284 4257//4257 4260//4260 1285//1285
f 1284//1284 4264//4264 4263//4263 1255//1255
f 1284//1284 4362//4362 4361//4361 1313//1313
f 1284//1284 4367//4367 4366//4366 1283//1283
f 1285//1285 4253//4253 4256//4256 1286//1286
f 1285//1285 4260//4260 4259//4259 1256//1256
f 1285//1285 4358//4358 4357//4357 1314//1314
f 1285//1285 4363//4363 4362//4362 1284//1284
f 1286//1286 4249//4249 4252//4252 1287//1287
f 1286//1286 4256//4256 4255//4255 1257//1257
f 1286//1286 4354//4354 4353//4353 1315//1315
f 1286//1286 4359//4359 4358//4358 1285//1285
f 1287//1287 4245//4245 4248//4248 1288//1288
f 1287//1287 4252//4252 4251//4251 1258//1258
f 1287//1287 4350//4350 4349//4349 1316//1316
f 1287//1287 4355//4355 4354//4354 1286//1286
f 1288//1288 4241//4241 4244//4244 1289//1289
f 1288//1288 4248//4248 4247//4247 1259//1259
f 1288//1288 4346//4346 4345//4345 1317//1317
f 1288//1288 4351//4351 4350//4350 1287//1287
f 1289//1289 4237//4237 4240//4240 1290//1290
f 1289//1289 4244//4244 4243//4243 1260//1260
f 1289//1289 4342//4342 4341//4341 1318//1318
f 1289//1289 4347//4347 4346//4346 1288//1288
f 1290//1290 4233//4233 4236//4236 1291//1291
f 1290//1290 4240//4240 4239//4239 1261//1261
f 1290//1290 4338//4338 4337//4337 1319//1319
f 1290//1290 4343//4343 4342//4342 1289//1289
f 1291//1291 4229//4229 4232//4232 1292//1292
f 1291//1291 4236//4236 4235//4235 1262//1262
f 1291//1291 4334//4334 4333//4333 1320//1320
f 1291//1291 4339//4339 4338//4338 1290//1290
f 1292//1292 4225//4225 4228//4228 1293//1293
f 1292//1292 4232//4232 4231//4231 1263//1263
f 1292//1292 4330//4330 4329//4329 1321//1321
f 1292//1292 4335//4335 4334//4334 1291//1291
f 1293//1293 4221//4221 4224//4224 1294//1294
f 1293//1293 4228//4228 4227//4227 1264//1264
f 1293//1293 4326//4326 4325//4325 1322//1322
f 1293//1293 4331//4331 4330//4330 1292//1292
f 1294//1294 4217//4217 4220//4220 1295//1295
f 1294//1294 4224//4224 4223//4223 1265//1265
f 1294//1294 4322//4322 4321//4321 1323//1323
f 1294//1294 4327//4327 4326//4326 1293//1293
f 1295//1295 4213//4213 4216//4216 1296//1296
f 1295//1295 4220//4220 4219//4219 1266//1266
f 1295//1295 4318//4318 4317//4317 1324//1324
f 1295//1295 4323//4323 4322//4322 1294//1294
f 1296//1296 4209//4209 4212//4212 1297//1297
f 1296//1296 4216//4216 4215//4215 1267//1267
f 1296//1296 4314//4314 4313//4313 1325//1325
f 1296//1296 4319//4319 4318//4318 1295//1295
f 1297//1297 4205//4205 4208//4208 1298//1298
f 1297//1297 4212//4212 4211//4211 1268//1268
f 1297//1297 4310//4310 4309//4309 1326//1326
f 1297//1297 4315//4315 4314//4314 1296//1296
f 1298//1298 4201//4201 4204//4204 1299//1299
f 1298//1298 4208//4208 4207//4207 1269//1269
f 1298//1298 4306//4306 4305//4305 1327//1327
f 1298//1298 4311//4311 4310//4310 1297//1297
f 1299//1299 4197//4197 4200//4200 1300//1300
f 1299//1299 4204//4204 4203//4203 1270//1270
f 1299//1299 4302//4302 4301//4301 1328//1328
f 1299//1299 4307//4307 4306//4306 1298//1298
f 1300//1300 4193//4193 4196//4196 1301//1301
f 1300//1300 4200//4200 4199//4199 1271//1271
f 1300//1300 4298//4298 4297//4297 1329//1329
f 1300//1300 4303//4303 4302//4302 1299//1299
f 1301//1301 4189//4189 4192//4192 1302//1302
f 1301//1301 4196//4196 4195//4195 1272//1272
f 1301//1301 4294//4294 4293//4293 1330//1330
f 1301//1301 4299//4299 4298//4298 1300//1300
f 1302//1302 4185//4185 4188//4188 1303//1303
f 1302//1302 4192//4192 4191//4191 1273//1273
f 1302//1302 4290//4290 4289//4289 1331//1331
f 1302//1302 4295//4295 4294//4294 1301//1301
f 1303//1303 4181//4181 4184//4184 1304//1304
f 1303//1303 4188//4188 4187//4187 1274//1274
f 1303//1303 4286//4286 4285//4285 1332//1332
f 1303//1303 4291//4291 4290//4290 1302//1302
f 1304//1304 4177//4177 4180//4180 1305//1305
f 1304//1304 4184//4184 4183//4183 1275//1275
f 1304//1304 4282//4282 4281//4281 1333//1333
f 1304//1304 4287//4287 4286//4286 1303//1303
f 1305//1305 4173//4173 4176//4176 1306//1306
f 1305//1305 4180//4180 4179//4179 1276//1276
f 1305//1305 4278//4278 4277//4277 1334//1334
f 1305//1305 4283//4283 4282//4282 1304//1304
f 1306//1306 4169//4169 4172//4172 1307//1307
f 1306//1306 4176//4176 4175//4175 1277//1277
f 1306//1306 4274//4274 4273//4273 1335//1335
f 1306//1306 4279//4279 4278//4278 1305//1305
f 1307//1307 4165//4165 4168//4168 1308//1308
f 1307//1307 4172//4172 4171//4171 1278//1278
f 1307//1307 4270//4270 4269//4269 1336//1336
f 1307//1307 4275//4275 4274//4274 1306//1306
f 1308//1308 4161//4161 4164//4164 1309//1309
f 1308//1308 4168//4168 4167//4167 1279//1279
f 1308//1308 4266//4266 4265//4265 1337//1337
f 1308//1308 4271//4271 4270//4270 1307//1307
f 1309//1309 4164//4164 4163//4163 1280//1280
f 1309//1309 4267//4267 4266//4266 1308//1308
f 1310//1310 1339//1339 1338//1338 1309//1309
f 1311//1311 1340//1340 1339//1339 1310//1310
f 1312//1312 4365//4365 4368//4368 1313//1313
f 1312//1312 4470//4470 4469//4469 1341//1341
f 1313//1313 4361//4361 4364//4364 1314//1314
f 1313//1313 4368//4368 4367//4367 1284//1284
f 1313//1313 4466//4466 4465//4465 1342//1342
f 1313//1313 4471//4471 4470//4470 1312//1312
f 1314//1314 4357//4357 4360//4360 1315//1315
f 1314//1314 4364//4364 4363//4363 1285//1285
f 1314//1314 4462//4462 4461//4461 1343//1343
f 1314//1314 4467//4467 4466//4466 1313//1313
f 1315//1315 4353//4353 4356//4356 1316//1316
f 1315//1315 4360//4360 4359//4359 1286//1286
f 1315//1315 4458//4458 4457//4457 1344//1344
f 1315//1315 4463//4463 4462//4462 1314//1314
f 1316//1316 4349//4349 4352//4352 1317//1317
f 1316//1316 4356//4356 4355//4355 1287//1287
f 1316//1316 4454//4454 4453//4453 1345//1345
f 1316//1316 4459//4459 4458//4458 1315//1315
f 1317//1317 4345//4345 4348//4348 1318//1318
f 1317//1317 4352//4352 4351//4351 1288//1288
f 1317//1317 4450//4450 4449//4449 1346//1346
f 1317//1317 4455//4455 4454//4454 1316//1316
f 1318//1318 4341//4341 4344//4344 1319//1319
f 1318//1318 4348//4348 4347//4347 1289//1289
f 1318//1318 4446//4446 4445//4445 1347//1347
f 1318//1318 4451//4451 4450//4450 1317//1317
f 1319//1319 4337//4337 4340//4340 1320//1320
f 1319//1319 4344//4344 4343//4343 1290//1290
f 1319//1319 4442//4442 4441//4441 1348//1348
f 1319//1319 4447//4447 4446//4446 1318//1318
f 1320//1320 4333//4333 4336//4336 1321//1321
f 1320//1320 4340//4340 4339//4339 1291//1291
f 1320//1320 4438//4438 4437//4437 1349//1349
f 1320//1320 4443//4443 4442//4442 1319//1319
f 1321//1321 4329//4329 4332//4332 1322//1322
f 1321//1321 4336//4336 4335//4335 1292//1292
f 1321//1321 4434//4434 4433//4433 1350//1350
f 1321//1321 4439//4439 4438//4438 1320//1320
f 1322//1322 4325//4325 4328//4328 1323//1323
f 1322//1322 4332//4332 4331//4331 1293//1293
f 1322//1322 4430//4430 4429//4429 1351//1351
f 1322//1322 4435//4435 4434//4434 1321//1321
f 1323//1323 4321//4321 4324//4324 1324//1324
f 1323//1323 4328//4328 4327//4327 1294//1294
f 1323//1323 4426//4426 4425//4425 1352//1352
f 1323//1323 4431//4431 4430//4430 1322//1322
f 1324//1324 4317//4317 4320//4320 1325//1325
f 1324//1324 4324//4324 4323//4323 1295//1295
f 1324//1324 4422//4422 4421//4421 1353//1353
f 1324//1324 4427//4427 4426//4426 1323//1323
f 1325//1325 4313//4313 4316//4316 1326//1326
f 1325//1325 4320//4320 4319//4319 1296//1296
f 1325//1325 4418//4418 4417//4417 1354//1354
f 1325//1325 4423//4423 4422//4422 1324//1324
f 1326//1326 4309//4309 4312//4312 1327//1327
f 1326//1326 4316//4316 4315//4315 1297//1297
f 1326//1326 4414//4414 4413//4413 1355//1355
f 1326//1326 4419//4419 4418//4418 1325//1325
f 1327//1327 4305//4305 4308//4308 1328//1328
f 1327//1327 4312//4312 4311//4311 1298//1298
f 1327//1327 4410//4410 4409//4409 1356//1356
f 1327//1327 4415//4415 4414//4414 1326//1326
f 1328//1328 4301//4301 4304//4304 1329//1329
f 1328//1328 4308//4308 4307//4307 1299//1299
f 1328//1328 4406//4406 4405//4405 1357//1357
f 1328//1328 4411//4411 4410//4410 1327//1327
f 1329//1329 4297//4297 4300//4300 1330//1330
f 1329//1329 4304//4304 4303//4303 1300//1300
f 1329//1329 4402//4402 4401//4401 1358//1358
f 1329//1329 4407//4407 4406//4406 1328//1328
f 1330//1330 4293//4293 4296//4296 1331//1331
f 1330//1330 4300//4300 4299//4299 1301//1301
f 1330//1330 4398//4398 4397//4397 1359//1359
f 1330//1330 4403//4403 4402//4402 1329//1329
f 1331//1331 4289//4289 4292//4292 1332//1332
f 1331//1331 4296//4296 4295//4295 1302//1302
f 1331//1331 4394//4394 4393//4393 1360//1360
f 1331//1331 4399//4399 4398//4398 1330//1330
f 1332//1332 4285//4285 4288//4288 1333//1333
f 1332//1332 4292//4292 4291//4291 1303//1303
f 1332//1332 4390//4390 4389//4389 1361//1361
f 1332//1332 4395//4395 4394//4394 1331//1331
f 1333//1333 4281//4281 4284//4284 1334//1334
f 1333//1333 4288//4288 4287//4287 1304//1304
f 1333//1333 4386//4386 4385//4385 1362//1362
f 1333//1333 4391//4391 4390//4390 1332//1332
f 1334//1334 4277//4277 4280//4280 1335//1335
f 1334//1334 4284//4284 4283//4283 1305//1305
f 1334//1334 4382//4382 4381//4381 1363//1363
f 1334//1334 4387//4387 4386//4386 1333//1333
f 1335//1335 4273//4273 4276//4276 1336//1336
f 1335//1335 4280//4280 4279//4279 1306//1306
f 1335//1335 4378//4378 4377//4377 1364//1364
f 1335//1335 4383//4383 4382//4382 1334//1334
f 1336//1336 4269//4269 4272//4272 1337//1337
f 1336//1336 4276//4276 4275//4275 1307//1307
f 1336//1336 4374//4374 4373//4373 1365//1365
f 1336//1336 4379//4379 4378//4378 1335//1335
f 1337//1337 4265//4265 4268//4268 1338//1338
f 1337//1337 4272//4272 4271//4271 1308//1308
f 1337//1337 4370//4370 4369//4369 1366//1366
f 1337//1337 4375//4375 4374//4374 1336//1336
f 1338//1338 4268//4268 4267//4267 1309//1309
f 1338//1338 4371//4371 4370//4370 1337//1337
f 1339//1339 1368//1368 1367//1367 1338//1338
f 1340//1340 1369//1369 1368//1368 1339//1339
f 1341//1341 4469//4469 4472//4472 1342//1342
f 1341//1341 4574//4574 4573//4573 1370//1370
f 1342//1342 4465//4465 4468//4468 1343//1343
f 1342//1342 4472//4472 4471//4471 1313//1313
f 1342//1342 4570//4570 4569//4569 1371//1371
f 1342//1342 4575//4575 4574//4574 1341//1341
f 1343//1343 4461//4461 4464//4464 1344//1344
f 1343//1343 4468//4468 4467//4467 1314//1314
f 1343//1343 4566//4566 4565//4565 1372//1372
f 1343//1343 4571//4571 4570//4570 1342//1342
f 1344//1344 4457//4457 4460//4460 1345//1345
f 1344//1344 4464//4464 4463//4463 1315//1315
f 1344//1344 4562//4562 4561//4561 1373//1373
f 1344//1344 4567//4567 4566//4566 1343//1343
f 1345//1345 4453//4453 4456//4456 1346//1346
f 1345//1345 4460//4460 4459//4459 1316//1316
f 1345//1345 4558//4558 4557//4557 1374//1374
f 1345//1345 4563//4563 4562//4562 1344//1344
f 1346//1346 4449//4449 4452//4452 1347//1347
f 1346//1346 4456//4456 4455//4455 1317//1317
f 1346//1346 4554//4554 4553//4553 1375//1375
f 1346//1346 4559//4559 4558//4558 1345//1345
f 1347//1347 4445//4445 4448//4448 1348//1348
f 1347//1347 4452//4452 4451//4451 1318//1318
f 1347//1347 4550//4550 4549//4549 1376//1376
f 1347//1347 4555//4555 4554//4554 1346//1346
f 1348//1348 4441//4441 4444//4444 1349//1349
f 1348//1348 4448//4448 4447//4447 1319//1319
f 1348//1348 4546//4546 4545//4545 1377//1377
f 1348//1348 4551//4551 4550//4550 1347//1347
f 1349//1349 4437//4437 4440//4440 1350//1350
f 1349//1349 4444//4444 4443//4443 1320//1320
f 1349//1349 4542//4542 4541//4541 1378//1378
f 1349//1349 4547//4547 4546//4546 1348//1348
f 1350//1350 4433//4433 4436//4436 1351//1351
f 1350//1350 4440//4440 4439//4439 1321//1321
f 1350//1350 4538//4538 4537//4537 1379//1379
f 1350//1350 4543//4543 4542//4542 1349//1349
f 1351//1351 4429//4429 4432//4432 1352//1352
f 1351//1351 4436//4436 4435//4435 1322//1322
f 1351//1351 4534//4534 4533//4533 1380//1380
f 1351//1351 4539//4539 4538//4538 1350//1350
f 1352//1352 4425//4425 4428//4428 1353//1353
f 1352//1352 4432//4432 4431//4431 1323//1323
f 1352//1352 4530//4530 4529//4529 1381//1381
f 1352//1352 4535//4535 4534//4534 1351//1351
f 1353//1353 4421//4421 4424//4424 1354//1354
f 1353//1353 4428//4428 4427//4427 1324//1324
f 1353//1353 4526//4526 4525//4525 1382//1382
f 1353//1353 4531//4531 4530//4530 1352//1352
f 1354//1354 4417//4417 4420//4420 1355//1355
f 1354//1354 4424//4424 4423//4423 1325//1325
f 1354//1354 4522//4522 4521//4521 1383//1383
f 1354//1354 4527//4527 4526//4526 1353//1353
f 1355//1355 4413//4413 4416//4416 1356//1356
f 1355//1355 4420//4420 4419//4419 1326//1326
f 1355//1355 4518//4518 4517//4517 1384//1384
f 1355//1355 4523//4523 4522//4522 1354//1354
f 1356//1356 4409//4409 4412//4412 1357//1357
f 1356//1356 4416//4416 4415//4415 1327//1327
f 1356//1356 4514//4514 4513//4513 1385//1385
f 1356//1356 4519//4519 4518//4518 1355//1355
f 1357//1357 4405//4405 4408//4408 1358//1358
f 1357//1357 4412//4412 4411//4411 1328//1328
f 1357//1357 4510//4510 4509//4509 1386//1386
f 1357//1357 4515//4515 4514//4514 1356//1356
f 1358//1358 4401//4401 4404//4404 1359//1359
f 1358//1358 4408//4408 4407//4407 1329//1329
f 1358//1358 4506//4506 4505//4505 1387//1387
f 1358//1358 4511//4511 4510//4510 1357//1357
f 1359//1359 4397//4397 4400//4400 1360//1360
f 1359//1359 4404//4404 4403//4403 1330//1330
f 1359//1359 4502//4502 4501//4501 1388//1388
f 1359//1359 4507//4507 4506//4506 1358//1358
f 1360//1360 4393//4393 4396//4396 1361//1361
f 1360//1360 4400//4400 4399//4399 1331//1331
f 1360//1360 4498//4498 4497//4497 1389//1389
f 1360//1360 4503//4503 4502//4502 1359//1359
f 1361//1361 4389//4389 4392//4392 1362//1362
f 1361//1361 4396//4396 4395//4395 1332//1332
f 1361//1361 4494//4494 4493//4493 1390//1390
f 1361//1361 4499//4499 4498//4498 1360//1360
f 1362//1362 4385//4385 4388//4388 1363//1363
f 1362//1362 4392//4392 4391//4391 1333//1333
f 1362//1362 4490//4490 4489//4489 1391//1391
f 1362//1362 4495//4495 4494//4494 1361//1361
f 1363//1363 4381//4381 4384//4384 1364//1364
f 1363//1363 4388//4388 4387//4387 1334//1334
f 1363//1363 4486//4486 4485//4485 1392//1392
f 1363//1363 4491//4491 4490//4490 1362//1362
f 1364//1364 4377//4377 4380//4380 1365//1365
f 1364//1364 4384//4384 4383//4383 1335//1335
f 1364//1364 4482//4482 4481//4481 1393//1393
f 1364//1364 4487//4487 4486//4486 1363//1363
f 1365//1365 4373//4373 4376//4376 1366//1366
f 1365//1365 4380//4380 4379//4379 1336//1336
f 1365//1365 4478//4478 4477//4477 1394//1394
f 1365//1365 4483//4483 4482//4482 1364//1364
f 1366//1366 4369//4369 4372//4372 1367//1367
f 1366//1366 4376//4376 4375//4375 1337//1337
f 1366//1366 4474//4474 4473//4473 1395//1395
f 1366//1366 4479//4479 4478//4478 1365//1365
f 1367//1367 4372//4372 4371//4371 1338//1338
f 1367//1367 4475//4475 4474//4474 1366//1366
f 1368//1368 1397//1397 1396//1396 1367//1367
f 1369//1369 1398//1398 1397//1397 1368//1368
f 1370//1370 4573//4573 4576//4576 1371//1371
f 1370//1370 4678//4678 4677//4677 1399//1399
f 1371//1371 4569//4569 4572//4572 1372//1372
f 1371//1371 4576//4576 4575//4575 1342//1342
f 1371//1371 4674//4674 4673//4673 1400//1400
f 1371//1371 4679//4679 4678//4678 1370//1370
f 1372//1372 4565//4565 4568//4568 1373//1373
f 1372//1372 4572//4572 4571//4571 1343//1343
f 1372//1372 4670//4670 4669//4669 1401//1401
f 1372//1372 4675//4675 4674//4674 1371//1371
f 1373//1373 4561//4561 4564//4564 1374//1374
f 1373//1373 4568//4568 4567//4567 1344//1344
f 1373//1373 4666//4666 4665//4665 1402//1402
f 1373//1373 4671//4671 4670//4670 1372//1372
f 1374//1374 4557//4557 4560//4560 1375//1375
f 1374//1374 4564//4564 4563//4563 1345//1345
f 1374//1374 4662//4662 4661//4661 1403//1403
f 1374//1374 4667//4667 4666//4666 1373//1373
f 1375//1375 4553//4553 4556//4556 1376//1376
f 1375//1375 4560//4560 4559//4559 1346//1346
f 1375//1375 4658//4658 4657//4657 1404//1404
f 1375//1375 4663//4663 4662//4662 1374//1374
f 1376//1376 4549//4549 4552//4552 1377//1377
f 1376//1376 4556//4556 4555//4555 1347//1347
f 1376//1376 4654//4654 4653//4653 1405//1405
f 1376//1376 4659//4659 4658//4658 1375//1375
f 1377//1377 4545//4545 4548//4548 1378//1378
f 1377//1377 4552//4552 4551//4551 1348//1348
f 1377//1377 4650//4650 4649//4649 1406//1406
f 1377//1377 4655//4655 4654//4654 1376//1376
f 1378//1378 4541//4541 4544//4544 1379//1379
f 1378//1378 4548//4548 4547//4547 1349//1349
f 1378//1378 4646//4646 4645//4645 1407//1407
f 1378//1378 4651//4651 4650//4650 1377//1377
f 1379//1379 4537//4537 4540//4540 1380//1380
f 1379//1379 4544//4544 4543//4543 1350//1350
f 1379//1379 4642//4642 4641//4641 1408//1408
f 1379//1379 4647//4647 4646//4646 1378//1378
f 1380//1380 4533//4533 4536//4536 1381//1381
f 1380//1380 4540//4540 4539//4539 1351//1351
f 1380//1380 4638//4638 4637//4637 1409//1409
f 1380//1380 4643//4643 4642//4642 1379//1379
f 1381//1381 4529//4529 4532//4532 1382//1382
f 1381//1381 4536//4536 4535//4535 1352//1352
f 1381//1381 4634//4634 4633//4633 1410//1410
f 1381//1381 4639//4639 4638//4638 1380//1380
f 1382//1382 4525//4525 4528//4528 1383//1383
f 1382//1382 4532//4532 4531//4531 1353//1353
f 1382//1382 4630//4630 4629//4629 1411//1411
f 1382//1382 4635//4635 4634//4634 1381//1381
f 1383//1383 4521//4521 4524//4524 1384//1384
f 1383//1383 4528//4528 4527//4527 1354//1354
f 1383//1383 4626//4626 4625//4625 1412//1412
f 1383//1383 4631//4631 4630//4630 1382//1382
f 1384//1384 4517//4517 4520//4520 1385//1385
f 1384//1384 4524//4524 4523//4523 1355//1355
f 1384//1384 4622//4622 4621//4621 1413//1413
f 1384//1384 4627//4627 4626//4626 1383//1383
f 1385//1385 4513//4513 4516//4516 1386//1386
f 1385//1385 4520//4520 4519//4519 1356//1356
f 1385//1385 4618//4618 4617//4617 1414//1414
f 1385//1385 4623//4623 4622//4622 1384//1384
f 1386//1386 4509//4509 4512//4512 1387//1387
f 1386//1386 4516//4516 4515//4515 1357//1357
f 1386//1386 4614//4614 4613//4613 1415//1415
f 1386//1386 4619//4619 4618//4618 1385//1385
f 1387//1387 4505//4505 4508//4508 1388//1388
f 1387//1387 4512//4512 4511//4511 1358//1358
f 1387//1387 4610//4610 4609//4609 1416//1416
f 1387//1387 4615//4615 4614//4614 1386//1386
f 1388//1388 4501//4501 4504//4504 1389//1389
f 1388//1388 4508//4508 4507//4507 1359//1359
f 1388//1388 4606//4606 4605//4605 1417//1417
f 1388//1388 4611//4611 4610//4610 1387//1387
f 1389//1389 4497//4497 4500//4500 1390//1390
f 1389//1389 4504//4504 4503//4503 1360//1360
f 1389//1389 4602//4602 4601//4601 1418//1418
f 1389//1389 4607//4607 4606//4606 1388//1388
f 1390//1390 4493//4493 4496//4496 1391//1391
f 1390//1390 4500//4500 4499//4499 1361//1361
f 1390//1390 4598//4598 4597//4597 1419//1419
f 1390//1390 4603//4603 4602//4602 1389//1389
f 1391//1391 4489//4489 4492//4492 1392//1392
f 1391//1391 4496//4496 4495//4495 1362//1362
f 1391//1391 4594//4594 4593//4593 1420//1420
f 1391//1391 4599//4599 4598//4598 1390//1390
f 1392//1392 4485//4485 4488//4488 1393//1393
f 1392//1392 4492//4492 4491//4491 1363//1363
f 1392//1392 4590//4590 4589//4589 1421//1421
f 1392//1392 4595//4595 4594//4594 1391//1391
f 1393//1393 4481//4481 4484//4484 1394//1394
f 1393//1393 4488//4488 4487//4487 1364//1364
f 1393//1393 4586//4586 4585//4585 1422//1422
f 1393//1393 4591//4591 4590//4590 1392//1392
f 1394//1394 4477//4477 4480//4480 1395//1395
f 1394//1394 4484//4484 4483//4483 1365//1365
f 1394//1394 4582//4582 4581//4581 1423//1423
f 1394//1394 4587//4587 4586//4586 1393//1393
f 1395//1395 4473//4473 4476//4476 1396//1396
f 1395//1395 4480//4480 4479//4479 1366//1366
f 1395//1395 4578//4578 4577//4577 1424//1424
f 1395//1395 4583//4583 4582//4582 1394//1394
f 1396//1396 4476//4476 4475//4475 1367//1367
f 1396//1396 4579//4579 4578//4578 1395//1395
f 1397//1397 1426//1426 1425//1425 1396//1396
f 1398//1398 1427//1427 1426//1426 1397//1397
f 1399//1399 4677//4677 4680//4680 1400//1400
f 1399//1399 4782//4782 4781//4781 1428//1428
f 1400//1400 4673//4673 4676//4676 1401//1401
f 1400//1400 4680//4680 4679//4679 1371//1371
f 1400//1400 4778//4778 4777//4777 1429//1429
f 1400//1400 4783//4783 4782//4782 1399//1399
f 1401//1401 4669//4669 4672//4672 1402//1402
f 1401//1401 4676//4676 4675//4675 1372//1372
f 1401//1401 4774//4774 4773//4773 1430//1430
f 1401//1401 4779//4779 4778//4778 1400//1400
f 1402//1402 4665//4665 4668//4668 1403//1403
f 1402//1402 4672//4672 4671//4671 1373//1373
f 1402//1402 4770//4770 4769//4769 1431//1431
f 1402//1402 4775//4775 4774//4774 1401//1401
f 1403//1403 4661//4661 4664//4664 1404//1404
f 1403//1403 4668//4668 4667//4667 1374//1374
f 1403//1403 4766//4766 4765//4765 1432//1432
f 1403//1403 4771//4771 4770//4770 1402//1402
f 1404//1404 4657//4657 4660//4660 1405//1405
f 1404//1404 4664//4664 4663//4663 1375//1375
f 1404//1404 4762//4762 4761//4761 1433//1433
f 1404//1404 4767//4767 4766//4766 1403//1403
f 1405//1405 4653//4653 4656//4656 1406//1406
f 1405//1405 4660//4660 4659//4659 1376//1376
f 1405//1405 4758//4758 4757//4757 1434//1434
f 1405//1405 4763//4763 4762//4762 1404//1404
f 1406//1406 4649//4649 4652//4652 1407//1407
f 1406//1406 4656//4656 4655//4655 1377//1377
f 1406//1406 4754//4754 4753//4753 1435//1435
f 1406//1406 4759//4759 4758//4758 1405//1405
f 1407//1407 4645//4645 4648//4648 1408//1408
f 1407//1407 4652//4652 4651//4651 1378//1378
f 1407//1407 4750//4750 4749//4749 1436//1436
f 1407//1407 4755//4755 4754//4754 1406//1406
f 1408//1408 4641//4641 4644//4644 1409//1409
f 1408//1408 4648//4648 4647//4647 1379//1379
f 1408//1408 4746//4746 4745//4745 1437//1437
f 1408//1408 4751//4751 4750//4750 1407//1407
f 1409//1409 4637//4637 4640//4640 1410//1410
f 1409//1409 4644//4644 4643//4643 1380//1380
f 1409//1409 4742//4742 4741//4741 1438//1438
f 1409//1409 4747//4747 4746//4746 1408//1408
f 1410//1410 4633//4633 4636//4636 1411//1411
f 1410//1410 4640//4640 4639//4639 1381//1381
f 1410//1410 4738//4738 4737//4737 1439//1439
f 1410//1410 4743//4743 4742//4742 1409//1409
f 1411//1411 4629//4629 4632//4632 1412//1412
f 1411//1411 4636//4636 4635//4635 1382//1382
f 1411//1411 4734//4734 4733//4733 1440//1440
f 1411//1411 4739//4739 4738//4738 1410//1410
f 1412//1412 4625//4625 4628//4628 1413//1413
f 1412//1412 4632//4632 4631//4631 1383//1383
f 1412//1412 4730//4730 4729//4729 1441//1441
f 1412//1412 4735//4735 4734//4734 1411//1411
f 1413//1413 4621//4621 4624//4624 1414//1414
f 1413//1413 4628//4628 4627//4627 1384//1384
f 1413//1413 4726//4726 4725//4725 1442//1442
f 1413//1413 4731//4731 4730//4730 1412//1412
f 1414//1414 4617//4617 4620//4620 1415//1415
f 1414//1414 4624//4624 4623//4623 1385//1385
f 1414//1414 4722//4722 4721//4721 1443//1443
f 1414//1414 4727//4727 4726//4726 1413//1413
f 1415//1415 4613//4613 4616//4616 1416//1416
f 1415//1415 4620//4620 4619//4619 1386//1386
f 1415//1415 4718//4718 4717//4717 1444//1444
f 1415//1415 4723//4723 4722//4722 1414//1414
f 1416//1416 4609//4609 4612//4612 1417//1417
f 1416//1416 4616//4616 4615//4615 1387//1387
f 1416//1416 4714//4714 4713//4713 1445//1445
f 1416//1416 4719//4719 4718//4718 1415//1415
f 1417//1417 4605//4605 4608//4608 1418//1418
f 1417//1417 4612//4612 4611//4611 1388//1388
f 1417//1417 4710//4710 4709//4709 1446//1446
f 1417//1417 4715//4715 4714//4714 1416//1416
f 1418//1418 4601//4601 4604//4604 1419//1419
f 1418//1418 4608//4608 4607//4607 1389//1389
f 1418//1418 4706//4706 4705//4705 1447//1447
f 1418//1418 4711//4711 4710//4710 1417//1417
f 1419//1419 4597//4597 4600//4600 1420//1420
f 1419//1419 4604//4604 4603//4603 1390//1390
f 1419//1419 4702//4702 4701//4701 1448//1448
f 1419//1419 4707//4707 4706//4706 1418//1418
f 1420//1420 4593//4593 4596//4596 1421//1421
f 1420//1420 4600//4600 4599//4599 1391//1391
f 1420//1420 4698//4698 4697//4697 1449//1449
f 1420//1420 4703//4703 4702//4702 1419//1419
f 1421//1421 4589//4589 4592//4592 1422//1422
f 1421//1421 4596//4596 4595//4595 1392//1392
f 1421//1421 4694//4694 4693//4693 1450//1450
f 1421//1421 4699//4699 4698//4698 1420//1420
f 1422//1422 4585//4585 4588//4588 1423//1423
f 1422//1422 4592//4592 4591//4591 1393//1393
f 1422//1422 4690//4690 4689//4689 1451//1451
f 1422//1422 4695//4695 4694//4694 1421//1421
f 1423//1423 4581//4581 4584//4584 1424//1424
f 1423//1423 4588//4588 4587//4587 1394//1394
f 1423//1423 4686//4686 4685//4685 1452//1452
f 1423//1423 4691//4691 4690//4690 1422//1422
f 1424//1424 4577//4577 4580//4580 1425//1425
f 1424//1424 4584//4584 4583//4583 1395//1395
f 1424//1424 4682//4682 4681//4681 1453//1453
f 1424//1424 4687//4687 4686//4686 1423//1423
f 1425//1425 4580//4580 4579//4579 1396//1396
f 1425//1425 4683//4683 4682//4682 1424//1424
f 1426//1426 1455//1455 1454//1454 1425//1425
f 1427//1427 1456//1456 1455//1455 1426//1426
f 1428//1428 4781//4781 4784//4784 1429//1429
f 1429//1429 4777//4777 4780//4780 1430//1430
f 1429//1429 4784//4784 4783//4783 1400//1400
f 1430//1430 4773//4773 4776//4776 1431//1431
f 1430//1430 4780//4780 4779//4779 1401//1401
f 1431//1431 4769//4769 4772//4772 1432//1432
f 1431//1431 4776//4776 4775//4775 1402//1402
f 1432//1432 4765//4765 4768//4768 1433//1433
f 1432//1432 4772//4772 4771//4771 1403//1403
f 1433//1433 4761//4761 4764//4764 1434//1434
f 1433//1433 4768//4768 4767//4767 1404//1404
f 1434//1434 4757//4757 4760//4760 1435//1435
f 1434//1434 4764//4764 4763//4763 1405//1405
f 1435//1435 4753//4753 4756//4756 1436//1436
f 1435//1435 4760//4760 4759//4759 1406//1406
f 1436//1436 4749//4749 4752//4752 1437//1437
f 1436//1436 4756//4756 4755//4755 1407//1407
f 1437//1437 4745//4745 4748//4748 1438//1438
f 1437//1437 4752//4752 4751//4751 1408//1408
f 1438//1438 4741//4741 4744//4744 1439//1439
f 1438//1438 4748//4748 4747//4747 1409//1409
f 1439//1439 4737//4737 4740//4740 1440//1440
f 1439//1439 4744//4744 4743//4743 1410//1410
f 1440//1440 4733//4733 4736//4736 1441//1441
f 1440//1440 4740//4740 4739//4739 1411//1411
f 1441//1441 4729//4729 4732//4732 1442//1442
f 1441//1441 4736//4736 4735//4735 1412//1412
f 1442//1442 4725//4725 4728//4728 1443//1443
f 1442//1442 4732//4732 4731//4731 1413//1413
f 1443//1443 4721//4721 4724//4724 1444//1444
f 1443//1443 4728//4728 4727//4727 1414//1414
f 1444//1444 4717//4717 4720//4720 1445//1445
f 1444//1444 4724//4724 4723//4723 1415//1415
f 1445//1445 4713//4713 4716//4716 1446//1446
f 1445//1445 4720//4720 4719//4719 1416//1416
f 1446//1446 4709//4709 4712//4712 1447//1447
f 1446//1446 4716//4716 4715//4715 1417//1417
f 1447//1447 4705//4705 4708//4708 1448//1448
f 1447//1447 4712//4712 4711//4711 1418//1418
f 1448//1448 4701//4701 4704//4704 1449//1449
f 1448//1448 4708//4708 4707//4707 1419//1419
f 1449//1449 4697//4697 4700//4700 1450//1450
f 1449//1449 4704//4704 4703//4703 1420//1420
f 1450//1450 4693//4693 4696//4696 1451//1451
f 1450//1450 4700//4700 4699//4699 1421//1421
f 1451//1451 4689//4689 4692//4692 1452//1452
f 1451//1451 4696//4696 4695//4695 1422//1422
f 1452//1452 4685//4685 4688//4688 1453//1453
f 1452//1452 4692//4692 4691//4691 1423//1423
f 1453//1453 4681//4681 4684//4684 1454//1454
f 1453//1453 4688//4688 4687//4687 1424//1424
f 1454//1454 4684//4684 4683//4683 1425//1425
f 1458//1458 1459//1459 1460//1460 1457//1457
f 1462//1462 1463//1463 1464//1464 1461//1461
f 1466//1466 1467//1467 1468//1468 1465//1465
f 1470//1470 1471//1471 1472//1472 1469//1469
f 1474//1474 1475//1475 1476//1476 1473//1473
f 1478//1478 1479//1479 1480//1480 1477//1477
f 1482//1482 1483//1483 1484//1484 1481//1481
f 1486//1486 1487//1487 1488//1488 1485//1485
f 1490//1490 1491//1491 1492//1492 1489//1489
f 1494//1494 1495//1495 1496//1496 1493//1493
f 1498//1498 1499//1499 1500//1500 1497//1497
f 1502//1502 1503//1503 1504//1504 1501//1501
f 1506//1506 1507//1507 1508//1508 1505//1505
f 1510//1510 1511//1511 1512//1512 1509//1509
f 1514//1514 1515//1515 1516//1516 1513//1513
f 1518//1518 1519//1519 1520//1520 1517//1517
f 1522//1522 1523//1523 1524//1524 1521//1521
f 1526//1526 1527//1527 1528//1528 1525//1525
f 1530//1530 1531//1531 1532//1532 1529//1529
f 1534//1534 1535//1535 1536//1536 1533//1533
f 1538//1538 1539//1539 1540//1540 1537//1537
f 1542//1542 1543//1543 1544//1544 1541//1541
f 1546//1546 1547//1547 1548//1548 1545//1545
f 1550//1550 1551//1551 1552//1552 1549//1549
f 1554//1554 1555//1555 1556//1556 1553//1553
f 1558//1558 1559//1559 1560//1560 1557//1557
f 1562//1562 1563//1563 1564//1564 1561//1561
f 1566//1566 1567//1567 1568//1568 1565//1565
f 1570//1570 1571//1571 1572//1572 1569//1569
f 1574//1574 1575//1575 1576//1576 1573//1573
f 1578//1578 1579//1579 1580//1580 1577//1577
f 1582//1582 1583//1583 1584//1584 1581//1581
f 1586//1586 1587//1587 1588//1588 1585//1585
f 1590//1590 1591//1591 1592//1592 1589//1589
f 1594//1594 1595//1595 1596//1596 1593//1593
f 1598//1598 1599//1599 1600//1600 1597//1597
f 1602//1602 1603//1603 1604//1604 1601//1601
f 1606//1606 1607//1607 1608//1608 1605//1605
f 1610//1610 1611//1611 1612//1612 1609//1609
f 1614//1614 1615//1615 1616//1616 1613//1613
f 1618//1618 1619//1619 1620//1620 1617//1617
f 1622//1622 1623//1623 1624//1624 1621//1621
f 1626//1626 1627//1627 1628//1628 1625//1625
f 1630//1630 1631//1631 1632//1632 1629//1629
f 1634//1634 1635//1635 1636//1636 1633//1633
f 1638//1638 1639//1639 1640//1640 1637//1637
f 1642//1642 1643//1643 1644//1644 1641//1641
f 1646//1646 1647//1647 1648//1648 1645//1645
f 1650//1650 1651//1651 1652//1652 1649//1649
f 1654//1654 1655//1655 1656//1656 1653//1653
f 1658//1658 1659//1659 1660//1660 1657//1657
f 1662//1662 1663//1663 1664//1664 1661//1661
f 1666//1666 1667//1667 1668//1668 1665//1665
f 1670//1670 1671//1671 1672//1672 1669//1669
f 1674//1674 1675//1675 1676//1676 1673//1673
f 1678//1678 1679//1679 1680//1680 1677//1677
f 1682//1682 1683//1683 1684//1684 1681//1681
f 1686//1686 1687//1687 1688//1688 1685//1685
f 1690//1690 1691//1691 1692//1692 1689//1689
f 1694//1694 1695//1695 1696//1696 1693//1693
f 1698//1698 1699//1699 1700//1700 1697//1697
f 1702//1702 1703//1703 1704//1704 1701//1701
f 1706//1706 1707//1707 1708//1708 1705//1705
f 1710//1710 1711//1711 1712//1712 1709//1709
f 1714//1714 1715//1715 1716//1716 1713//1713
f 1718//1718 1719//1719 1720//1720 1717//1717
f 1722//1722 1723//1723 1724//1724 1721//1721
f 1726//1726 1727//1727 1728//1728 1725//1725
f 1730//1730 1731//1731 1732//1732 1729//1729
f 1734//1734 1735//1735 1736//1736 1733//1733
f 1738//1738 1739//1739 1740//1740 1737//1737
f 1742//1742 1743//1743 1744//1744 1741//1741
f 1746//1746 1747//1747 1748//1748 1745//1745
f 1750//1750 1751//1751 1752//1752 1749//1749
f 1754//1754 1755//1755 1756//1756 1753//1753
f 1758//1758 1759//1759 1760//1760 1757//1757
f 1762//1762 1763//1763 1764//1764 1761//1761
f 1766//1766 1767//1767 1768//1768 1765//1765
f 1770//1770 1771//1771 1772//1772 1769//1769
f 1774//1774 1775//1775 1776//1776 1773//1773
f 1778//1778 1779//1779 1780//1780 1777//1777
f 1782//1782 1783//1783 1784//1784 1781//1781
f 1786//1786 1787//1787 1788//1788 1785//1785
f 1790//1790 1791//1791 1792//1792 1789//1789
f 1794//1794 1795//1795 1796//1796 1793//1793
f 1798//1798 1799//1799 1800//1800 1797//1797
f 1802//1802 1803//1803 1804//1804 1801//1801
f 1806//1806 1807//1807 1808//1808 1805//1805
f 1810//1810 1811//1811 1812//1812 1809//1809
f 1814//1814 1815//1815 1816//1816 1813//1813
f 1818//1818 1819//1819 1820//1820 1817//1817
f 1822//1822 1823//1823 1824//1824 1821//1821
f 1826//1826 1827//1827 1828//1828 1825//1825
f 1830//1830 1831//1831 1832//1832 1829//1829
f 1834//1834 1835//1835 1836//1836 1833//1833
f 1838//1838 1839//1839 1840//1840 1837//1837
f 1842//1842 1843//1843 1844//1844 1841//1841
f 1846//1846 1847//1847 1848//1848 1845//1845
f 1850//1850 1851//1851 1852//1852 1849//1849
f 1854//1854 1855//1855 1856//1856 1853//1853
f 1858//1858 1859//1859 1860//1860 1857//1857
f 1862//1862 1863//1863 1864//1864 1861//1861
f 1866//1866 1867//1867 1868//1868 1865//1865
f 1870//1870 1871//1871 1872//1872 1869//1869
f 1874//1874 1875//1875 1876//1876 1873//1873
f 1878//1878 1879//1879 1880//1880 1877//1877
f 1882//1882 1883//1883 1884//1884 1881//1881
f 1886//1886 1887//1887 1888//1888 1885//1885
f 1890//1890 1891//1891 1892//1892 1889//1889
f 1894//1894 1895//1895 1896//1896 1893//1893
f 1898//1898 1899//1899 1900//1900 1897//1897
f 1902//1902 1903//1903 1904//1904 1901//1901
f 1906//1906 1907//1907 1908//1908 1905//1905
f 1910//1910 1911//1911 1912//1912 1909//1909
f 1914//1914 1915//1915 1916//1916 1913//1913
f 1918//1918 1919//1919 1920//1920 1917//1917
f 1922//1922 1923//1923 1924//1924 1921//1921
f 1926//1926 1927//1927 1928//1928 1925//1925
f 1930//1930 1931//1931 1932//1932 1929//1929
f 1934//1934 1935//1935 1936//1936 1933//1933
f 1938//1938 1939//1939 1940//1940 1937//1937
f 1942//1942 1943//1943 1944//1944 1941//1941
f 1946//1946 1947//1947 1948//1948 1945//1945
f 1950//1950 1951//1951 1952//1952 1949//1949
f 1954//1954 1955//1955 1956//1956 1953//1953
f 1958//1958 1959//1959 1960//1960 1957//1957
f 1962//1962 1963//1963 1964//1964 1961//1961
f 1966//1966 1967//1967 1968//1968 1965//1965
f 1970//1970 1971//1971 1972//1972 1969//1969
f 1974//1974 1975//1975 1976//1976 1973//1973
f 1978//1978 1979//1979 1980//1980 1977//1977
f 1982//1982 1983//1983 1984//1984 1981//1981
f 1986//1986 1987//1987 1988//1988 1985//1985
f 1990//1990 1991//1991 1992//1992 1989//1989
f 1994//1994 1995//1995 1996//1996 1993//1993
f 1998//1998 1999//1999 2000//2000 1997//1997
f 2002//2002 2003//2003 2004//2004 2001//2001
f 2006//2006 2007//2007 2008//2008 2005//2005
f 2010//2010 2011//2011 2012//2012 2009//2009
f 2014//2014 2015//2015 2016//2016 2013//2013
f 2018//2018 2019//2019 2020//2020 2017//2017
f 2022//2022 2023//2023 2024//2024 2021//2021
f 2026//2026 2027//2027 2028//2028 2025//2025
f 2030//2030 2031//2031 2032//2032 2029//2029
f 2034//2034 2035//2035 2036//2036 2033//2033
f 2038//2038 2039//2039 2040//2040 2037//2037
f 2042//2042 2043//2043 2044//2044 2041//2041
f 2046//2046 2047//2047 2048//2048 2045//2045
f 2050//2050 2051//2051 2052//2052 2049//2049
f 2054//2054 2055//2055 2056//2056 2053//2053
f 2058//2058 2059//2059 2060//2060 2057//2057
f 2062//2062 2063//2063 2064//2064 2061//2061
f 2066//2066 2067//2067 2068//2068 2065//2065
f 2070//2070 2071//2071 2072//2072 2069//2069
f 2074//2074 2075//2075 2076//2076 2073//2073
f 2078//2078 2079//2079 2080//2080 2077//2077
f 2082//2082 2083//2083 2084//2084 2081//2081
f 2086//2086 2087//2087 2088//2088 2085//2085
f 2090//2090 2091//2091 2092//2092 2089//2089
f 2094//2094 2095//2095 2096//2096 2093//2093
f 2098//2098 2099//2099 2100//2100 2097//2097
f 2102//2102 2103//2103 2104//2104 2101//2101
f 2106//2106 2107//2107 2108//2108 2105//2105
f 2110//2110 2111//2111 2112//2112 2109//2109
f 2114//2114 2115//2115 2116//2116 2113//2113
f 2118//2118 2119//2119 2120//2120 2117//2117
f 2122//2122 2123//2123 2124//2124 2121//2121
f 2126//2126 2127//2127 2128//2128 2125//2125
f 2130//2130 2131//2131 2132//2132 2129//2129
f 2134//2134 2135//2135 2136//2136 2133//2133
f 2138//2138 2139//2139 2140//2140 2137//2137
f 2142//2142 2143//2143 2144//2144 2141//2141
f 2146//2146 2147//2147 2148//2148 2145//2145
f 2150//2150 2151//2151 2152//2152 2149//2149
f 2154//2154 2155//2155 2156//2156 2153//2153
f 2158//2158 2159//2159 2160//2160 2157//2157
f 2162//2162 2163//2163 2164//2164 2161//2161
f 2166//2166 2167//2167 2168//2168 2165//2165
f 2170//2170 2171//2171 2172//2172 2169//2169
f 2174//2174 2175//2175 2176//2176 2173//2173
f 2178//2178 2179//2179 2180//2180 2177//2177
f 2182//2182 2183//2183 2184//2184 2181//2181
f 2186//2186 2187//2187 2188//2188 2185//2185
f 2190//2190 2191//2191 2192//2192 2189//2189
f 2194//2194 2195//2195 2196//2196 2193//2193
f 2198//2198 2199//2199 2200//2200 2197//2197
f 2202//2202 2203//2203 2204//2204 2201//2201
f 2206//2206 2207//2207 2208//2208 2205//2205
f 2210//2210 2211//2211 2212//2212 2209//2209
f 2214//2214 2215//2215 2216//2216 2213//2213
f 2218//2218 2219//2219 2220//2220 2217//2217
f 2222//2222 2223//2223 2224//2224 2221//2221
f 2226//2226 2227//2227 2228//2228 2225//2225
f 2230//2230 2231//2231 2232//2232 2229//2229
f 2234//2234 2235//2235 2236//2236 2233//2233
f 2238//2238 2239//2239 2240//2240 2237//2237
f 2242//2242 2243//2243 2244//2244 2241//2241
f 2246//2246 2247//2247 2248//2248 2245//2245
f 2250//2250 2251//2251 2252//2252 2249//2249
f 2254//2254 2255//2255 2256//2256 2253//2253
f 2258//2258 2259//2259 2260//2260 2257//2257
f 2262//2262 2263//2263 2264//2264 2261//2261
f 2266//2266 2267//2267 2268//2268 2265//2265
f 2270//2270 2271//2271 2272//2272 2269//2269
f 2274//2274 2275//2275 2276//2276 2273//2273
f 2278//2278 2279//2279 2280//2280 2277//2277
f 2282//2282 2283//2283 2284//2284 2281//2281
f 2286//2286 2287//2287 2288//2288 2285//2285
f 2290//2290 2291//2291 2292//2292 2289//2289
f 2294//2294 2295//2295 2296//2296 2293//2293
f 2298//2298 2299//2299 2300//2300 2297//2297
f 2302//2302 2303//2303 2304//2304 2301//2301
f 2306//2306 2307//2307 2308//2308 2305//2305
f 2310//2310 2311//2311 2312//2312 2309//2309
f 2314//2314 2315//2315 2316//2316 2313//2313
f 2318//2318 2319//2319 2320//2320 2317//2317
f 2322//2322 2323//2323 2324//2324 2321//2321
f 2326//2326 2327//2327 2328//2328 2325//2325
f 2330//2330 2331//2331 2332//2332 2329//2329
f 2334//2334 2335//2335 2336//2336 2333//2333
f 2338//2338 2339//2339 2340//2340 2337//2337
f 2342//2342 2343//2343 2344//2344 2341//2341
f 2346//2346 2347//2347 2348//2348 2345//2345
f 2350//2350 2351//2351 2352//2352 2349//2349
f 2354//2354 2355//2355 2356//2356 2353//2353
f 2358//2358 2359//2359 2360//2360 2357//2357
f 2362//2362 2363//2363 2364//2364 2361//2361
f 2366//2366 2367//2367 2368//2368 2365//2365
f 2370//2370 2371//2371 2372//2372 2369//2369
f 2374//2374 2375//2375 2376//2376 2373//2373
f 2378//2378 2379//2379 2380//2380 2377//2377
f 2382//2382 2383//2383 2384//2384 2381//2381
f 2386//2386 2387//2387 2388//2388 2385//2385
f 2390//2390 2391//2391 2392//2392 2389//2389
f 2394//2394 2395//2395 2396//2396 2393//2393
f 2398//2398 2399//2399 2400//2400 2397//2397
f 2402//2402 2403//2403 2404//2404 2401//2401
f 2406//2406 2407//2407 2408//2408 2405//2405
f 2410//2410 2411//2411 2412//2412 2409//2409
f 2414//2414 2415//2415 2416//2416 2413//2413
f 2418//2418 2419//2419 2420//2420 2417//2417
f 2422//2422 2423//2423 2424//2424 2421//2421
f 2426//2426 2427//2427 2428//2428 2425//2425
f 2430//2430 2431//2431 2432//2432 2429//2429
f 2434//2434 2435//2435 2436//2436 2433//2433
f 2438//2438 2439//2439 2440//2440 2437//2437
f 2442//2442 2443//2443 2444//2444 2441//2441
f 2446//2446 2447//2447 2448//2448 2445//2445
f 2450//2450 2451//2451 2452//2452 2449//2449
f 2454//2454 2455//2455 2456//2456 2453//2453
f 2458//2458 2459//2459 2460//2460 2457//2457
f 2462//2462 2463//2463 2464//2464 2461//2461
f 2466//2466 2467//2467 2468//2468 2465//2465
f 2470//2470 2471//2471 2472//2472 2469//2469
f 2474//2474 2475//2475 2476//2476 2473//2473
f 2478//2478 2479//2479 2480//2480 2477//2477
f 2482//2482 2483//2483 2484//2484 2481//2481
f 2486//2486 2487//2487 2488//2488 2485//2485
f 2490//2490 2491//2491 2492//2492 2489//2489
f 2494//2494 2495//2495 2496//2496 2493//2493
f 2498//2498 2499//2499 2500//2500 2497//2497
f 2502//2502 2503//2503 2504//2504 2501//2501
f 2506//2506 2507//2507 2508//2508 2505//2505
f 2510//2510 2511//2511 2512//2512 2509//2509
f 2514//2514 2515//2515 2516//2516 2513//2513
f 2518//2518 2519//2519 2520//2520 2517//2517
f 2522//2522 2523//2523 2524//2524 2521//2521
f 2526//2526 2527//2527 2528//2528 2525//2525
f 2530//2530 2531//2531 2532//2532 2529//2529
f 2534//2534 2535//2535 2536//2536 2533//2533
f 2538//2538 2539//2539 2540//2540 2537//2537
f 2542//2542 2543//2543 2544//2544 2541//2541
f 2546//2546 2547//2547 2548//2548 2545//2545
f 2550//2550 2551//2551 2552//2552 2549//2549
f 2554//2554 2555//2555 2556//2556 2553//2553
f 2558//2558 2559//2559 2560//2560 2557//2557
f 2562//2562 2563//2563 2564//2564 2561//2561
f 2566//2566 2567//2567 2568//2568 2565//2565
f 2570//2570 2571//2571 2572//2572 2569//2569
f 2574//2574 2575//2575 2576//2576 2573//2573
f 2578//2578 2579//2579 2580//2580 2577//2577
f 2582//2582 2583//2583 2584//2584 2581//2581
f 2586//2586 2587//2587 2588//2588 2585//2585
f 2590//2590 2591//2591 2592//2592 2589//2589
f 2594//2594 2595//2595 2596//2596 2593//2593
f 2598//2598 2599//2599 2600//2600 2597//2597
f 2602//2602 2603//2603 2604//2604 2601//2601
f 2606//2606 2607//2607 2608//2608 2605//2605
f 2610//2610 2611//2611 2612//2612 2609//2609
f 2614//2614 2615//2615 2616//2616 2613//2613
f 2618//2618 2619//2619 2620//2620 2617//2617
f 2622//2622 2623//2623 2624//2624 2621//2621
f 2626//2626 2627//2627 2628//2628 2625//2625
f 2630//2630 2631//2631 2632//2632 2629//2629
f 2634//2634 2635//2635 2636//2636 2633//2633
f 2638//2638 2639//2639 2640//2640 2637//2637
f 2642//2642 2643//2643 2644//2644 2641//2641
f 2646//2646 2647//2647 2648//2648 2645//2645
f 2650//2650 2651//2651 2652//2652 2649//2649
f 2654//2654 2655//2655 2656//2656 2653//2653
f 2658//2658 2659//2659 2660//2660 2657//2657
f 2662//2662 2663//2663 2664//2664 2661//2661
f 2666//2666 2667//2667 2668//2668 2665//2665
f 2670//2670 2671//2671 2672//2672 2669//2669
f 2674//2674 2675//2675 2676//2676 2673//2673
f 2678//2678 2679//2679 2680//2680 2677//2677
f 2682//2682 2683//2683 2684//2684 2681//2681
f 2686//2686 2687//2687 2688//2688 2685//2685
f 2690//2690 2691//2691 2692//2692 2689//2689
f 2694//2694 2695//2695 2696//2696 2693//2693
f 2698//2698 2699//2699 2700//2700 2697//2697
f 2702//2702 2703//2703 2704//2704 2701//2701
f 2706//2706 2707//2707 2708//2708 2705//2705
f 2710//2710 2711//2711 2712//2712 2709//2709
f 2714//2714 2715//2715 2716//2716 2713//2713
f 2718//2718 2719//2719 2720//2720 2717//2717
f 2722//2722 2723//2723 2724//2724 2721//2721
f 2726//2726 2727//2727 2728//2728 2725//2725
f 2730//2730 2731//2731 2732//2732 2729//2729
f 2734//2734 2735//2735 2736//2736 2733//2733
f 2738//2738 2739//2739 2740//2740 2737//2737
f 2742//2742 2743//2743 2744//2744 2741//2741
f 2746//2746 2747//2747 2748//2748 2745//2745
f 2750//2750 2751//2751 2752//2752 2749//2749
f 2754//2754 2755//2755 2756//2756 2753//2753
f 2758//2758 2759//2759 2760//2760 2757//2757
f 2762//2762 2763//2763 2764//2764 2761//2761
f 2766//2766 2767//2767 2768//2768 2765//2765
f 2770//2770 2771//2771 2772//2772 2769//2769
f 2774//2774 2775//2775 2776//2776 2773//2773
f 2778//2778 2779//2779 2780//2780 2777//2777
f 2782//2782 2783//2783 2784//2784 2781//2781
f 2786//2786 2787//2787 2788//2788 2785//2785
f 2790//2790 2791//2791 2792//2792 2789//2789
f 2794//2794 2795//2795 2796//2796 2793//2793
f 2798//2798 2799//2799 2800//2800 2797//2797
f 2802//2802 2803//2803 2804//2804 2801//2801
f 2806//2806 2807//2807 2808//2808 2805//2805
f 2810//2810 2811//2811 2812//2812 2809//2809
f 2814//2814 2815//2815 2816//2816 2813//2813
f 2818//2818 2819//2819 2820//2820 2817//2817
f 2822//2822 2823//2823 2824//2824 2821//2821
f 2826//2826 2827//2827 2828//2828 2825//2825
f 2830//2830 2831//2831 2832//2832 2829//2829
f 2834//2834 2835//2835 2836//2836 2833//2833
f 2838//2838 2839//2839 2840//2840 2837//2837
f 2842//2842 2843//2843 2844//2844 2841//2841
f 2846//2846 2847//2847 2848//2848 2845//2845
f 2850//2850 2851//2851 2852//2852 2849//2849
f 2854//2854 2855//2855 2856//2856 2853//2853
f 2858//2858 2859//2859 2860//2860 2857//2857
f 2862//2862 2863//2863 2864//2864 2861//2861
f 2866//2866 2867//2867 2868//2868 2865//2865
f 2870//2870 2871//2871 2872//2872 2869//2869
f 2874//2874 2875//2875 2876//2876 2873//2873
f 2878//2878 2879//2879 2880//2880 2877//2877
f 2882//2882 2883//2883 2884//2884 2881//2881
f 2886//2886 2887//2887 2888//2888 2885//2885
f 2890//2890 2891//2891 2892//2892 2889//2889
f 2894//2894 2895//2895 2896//2896 2893//2893
f 2898//2898 2899//2899 2900//2900 2897//2897
f 2902//2902 2903//2903 2904//2904 2901//2901
f 2906//2906 2907//2907 2908//2908 2905//2905
f 2910//2910 2911//2911 2912//2912 2909//2909
f 2914//2914 2915//2915 2916//2916 2913//2913
f 2918//2918 2919//2919 2920//2920 2917//2917
f 2922//2922 2923//2923 2924//2924 2921//2921
f 2926//2926 2927//2927 2928//2928 2925//2925
f 2930//2930 2931//2931 2932//2932 2929//2929
f 2934//2934 2935//2935 2936//2936 2933//2933
f 2938//2938 2939//2939 2940//2940 2937//2937
f 2942//2942 2943//2943 2944//2944 2941//2941
f 2946//2946 2947//2947 2948//2948 2945//2945
f 2950//2950 2951//2951 2952//2952 2949//2949
f 2954//2954 2955//2955 2956//2956 2953//2953
f 2958//2958 2959//2959 2960//2960 2957//2957
f 2962//2962 2963//2963 2964//2964 2961//2961
f 2966//2966 2967//2967 2968//2968 2965//2965
f 2970//2970 2971//2971 2972//2972 2969//2969
f 2974//2974 2975//2975 2976//2976 2973//2973
f 2978//2978 2979//2979 2980//2980 2977//2977
f 2982//2982 2983//2983 2984//2984 2981//2981
f 2986//2986 2987//2987 2988//2988 2985//2985
f 2990//2990 2991//2991 2992//2992 2989//2989
f 2994//2994 2995//2995 2996//2996 2993//2993
f 2998//2998 2999//2999 3000//3000 2997//2997
f 3002//3002 3003//3003 3004//3004 3001//3001
f 3006//3006 3007//3007 3008//3008 3005//3005
f 3010//3010 3011//3011 3012//3012 3009//3009
f 3014//3014 3015//3015 3016//3016 3013//3013
f 3018//3018 3019//3019 3020//3020 3017//3017
f 3022//3022 3023//3023 3024//3024 3021//3021
f 3026//3026 3027//3027 3028//3028 3025//3025
f 3030//3030 3031//3031 3032//3032 3029//3029
f 3034//3034 3035//3035 3036//3036 3033//3033
f 3038//3038 3039//3039 3040//3040 3037//3037
f 3042//3042 3043//3043 3044//3044 3041//3041
f 3046//3046 3047//3047 3048//3048 3045//3045
f 3050//3050 3051//3051 3052//3052 3049//3049
f 3054//3054 3055//3055 3056//3056 3053//3053
f 3058//3058 3059//3059 3060//3060 3057//3057
f 3062//3062 3063//3063 3064//3064 3061//3061
f 3066//3066 3067//3067 3068//3068 3065//3065
f 3070//3070 3071//3071 3072//3072 3069//3069
f 3074//3074 3075//3075 3076//3076 3073//3073
f 3078//3078 3079//3079 3080//3080 3077//3077
f 3082//3082 3083//3083 3084//3084 3081//3081
f 3086//3086 3087//3087 3088//3088 3085//3085
f 3090//3090 3091//3091 3092//3092 3089//3089
f 3094//3094 3095//3095 3096//3096 3093//3093
f 3098//3098 3099//3099 3100//3100 3097//3097
f 3102//3102 3103//3103 3104//3104 3101//3101
f 3106//3106 3107//3107 3108//3108 3105//3105
f 3110//3110 3111//3111 3112//3112 3109//3109
f 3114//3114 3115//3115 3116//3116 3113//3113
f 3118//3118 3119//3119 3120//3120 3117//3117
f 3122//3122 3123//3123 3124//3124 3121//3121
f 3126//3126 3127//3127 3128//3128 3125//3125
f 3130//3130 3131//3131 3132//3132 3129//3129
f 3134//3134 3135//3135 3136//3136 3133//3133
f 3138//3138 3139//3139 3140//3140 3137//3137
f 3142//3142 3143//3143 3144//3144 3141//3141
f 3146//3146 3147//3147 3148//3148 3145//3145
f 3150//3150 3151//3151 3152//3152 3149//3149
f 3154//3154 3155//3155 3156//3156 3153//3153
f 3158//3158 3159//3159 3160//3160 3157//3157
f 3162//3162 3163//3163 3164//3164 3161//3161
f 3166//3166 3167//3167 3168//3168 3165//3165
f 3170//3170 3171//3171 3172//3172 3169//3169
f 3174//3174 3175//3175 3176//3176 3173//3173
f 3178//3178 3179//3179 3180//3180 3177//3177
f 3182//3182 3183//3183 3184//3184 3181//3181
f 3186//3186 3187//3187 3188//3188 3185//3185
f 3190//3190 3191//3191 3192//3192 3189//3189
f 3194//3194 3195//3195 3196//3196 3193//3193
f 3198//3198 3199//3199 3200//3200 3197//3197
f 3202//3202 3203//3203 3204//3204 3201//3201
f 3206//3206 3207//3207 3208//3208 3205//3205
f 3210//3210 3211//3211 3212//3212 3209//3209
f 3214//3214 3215//3215 3216//3216 3213//3213
f 3218//3218 3219//3219 3220//3220 3217//3217
f 3222//3222 3223//3223 3224//3224 3221//3221
f 3226//3226 3227//3227 3228//3228 3225//3225
f 3230//3230 3231//3231 3232//3232 3229//3229
f 3234//3234 3235//3235 3236//3236 3233//3233
f 3238//3238 3239//3239 3240//3240 3237//3237
f 3242//3242 3243//3243 3244//3244 3241//3241
f 3246//3246 3247//3247 3248//3248 3245//3245
f 3250//3250 3251//3251 3252//3252 3249//3249
f 3254//3254 3255//3255 3256//3256 3253//3253
f 3258//3258 3259//3259 3260//3260 3257//3257
f 3262//3262 3263//3263 3264//3264 3261//3261
f 3266//3266 3267//3267 3268//3268 3265//3265
f 3270//3270 3271//3271 3272//3272 3269//3269
f 3274//3274 3275//3275 3276//3276 3273//3273
f 3278//3278 3279//3279 3280//3280 3277//3277
f 3282//3282 3283//3283 3284//3284 3281//3281
f 3286//3286 3287//3287 3288//3288 3285//3285
f 3290//3290 3291//3291 3292//3292 3289//3289
f 3294//3294 3295//3295 3296//3296 3293//3293
f 3298//3298 3299//3299 3300//3300 3297//3297
f 3302//3302 3303//3303 3304//3304 3301//3301
f 3306//3306 3307//3307 3308//3308 3305//3305
f 3310//3310 3311//3311 3312//3312 3309//3309
f 3314//3314 3315//3315 3316//3316 3313//3313
f 3318//3318 3319//3319 3320//3320 3317//3317
f 3322//3322 3323//3323 3324//3324 3321//3321
f 3326//3326 3327//3327 3328//3328 3325//3325
f 3330//3330 3331//3331 3332//3332 3329//3329
f 3334//3334 3335//3335 3336//3336 3333//3333
f 3338//3338 3339//3339 3340//3340 3337//3337
f 3342//3342 3343//3343 3344//3344 3341//3341
f 3346//3346 3347//3347 3348//3348 3345//3345
f 3350//3350 3351//3351 3352//3352 3349//3349
f 3354//3354 3355//3355 3356//3356 3353//3353
f 3358//3358 3359//3359 3360//3360 3357//3357
f 3362//3362 3363//3363 3364//3364 3361//3361
f 3366//3366 3367//3367 3368//3368 3365//3365
f 3370//3370 3371//3371 3372//3372 3369//3369
f 3374//3374 3375//3375 3376//3376 3373//3373
f 3378//3378 3379//3379 3380//3380 3377//3377
f 3382//3382 3383//3383 3384//3384 3381//3381
f 3386//3386 3387//3387 3388//3388 3385//3385
f 3390//3390 3391//3391 3392//3392 3389//3389
f 3394//3394 3395//3395 3396//3396 3393//3393
f 3398//3398 3399//3399 3400//3400 3397//3397
f 3402//3402 3403//3403 3404//3404 3401//3401
f 3406//3406 3407//3407 3408//3408 3405//3405
f 3410//3410 3411//3411 3412//3412 3409//3409
f 3414//3414 3415//3415 3416//3416 3413//3413
f 3418//3418 3419//3419 3420//3420 3417//3417
f 3422//3422 3423//3423 3424//3424 3421//3421
f 3426//3426 3427//3427 3428//3428 3425//3425
f 3430//3430 3431//3431 3432//3432 3429//3429
f 3434//3434 3435//3435 3436//3436 3433//3433
f 3438//3438 3439//3439 3440//3440 3437//3437
f 3442//3442 3443//3443 3444//3444 3441//3441
f 3446//3446 3447//3447 3448//3448 3445//3445
f 3450//3450 3451//3451 3452//3452 3449//3449
f 3454//3454 3455//3455 3456//3456 3453//3453
f 3458//3458 3459//3459 3460//3460 3457//3457
f 3462//3462 3463//3463 3464//3464 3461//3461
f 3466//3466 3467//3467 3468//3468 3465//3465
f 3470//3470 3471//3471 3472//3472 3469//3469
f 3474//3474 3475//3475 3476//3476 3473//3473
f 3478//3478 3479//3479 3480//3480 3477//3477
f 3482//3482 3483//3483 3484//3484 3481//3481
f 3486//3486 3487//3487 3488//3488 3485//3485
f 3490//3490 3491//3491 3492//3492 3489//3489
f 3494//3494 3495//3495 3496//3496 3493//3493
f 3498//3498 3499//3499 3500//3500 3497//3497
f 3502//3502 3503//3503 3504//3504 3501//3501
f 3506//3506 3507//3507 3508//3508 3505//3505
f 3510//3510 3511//3511 3512//3512 3509//3509
f 3514//3514 3515//3515 3516//3516 3513//3513
f 3518//3518 3519//3519 3520//3520 3517//3517
f 3522//3522 3523//3523 3524//3524 3521//3521
f 3526//3526 3527//3527 3528//3528 3525//3525
f 3530//3530 3531//3531 3532//3532 3529//3529
f 3534//3534 3535//3535 3536//3536 3533//3533
f 3538//3538 3539//3539 3540//3540 3537//3537
f 3542//3542 3543//3543 3544//3544 3541//3541
f 3546//3546 3547//3547 3548//3548 3545//3545
f 3550//3550 3551//3551 3552//3552 3549//3549
f 3554//3554 3555//3555 3556//3556 3553//3553
f 3558//3558 3559//3559 3560//3560 3557//3557
f 3562//3562 3563//3563 3564//3564 3561//3561
f 3566//3566 3567//3567 3568//3568 3565//3565
f 3570//3570 3571//3571 3572//3572 3569//3569
f 3574//3574 3575//3575 3576//3576 3573//3573
f 3578//3578 3579//3579 3580//3580 3577//3577
f 3582//3582 3583//3583 3584//3584 3581//3581
f 3586//3586 3587//3587 3588//3588 3585//3585
f 3590//3590 3591//3591 3592//3592 3589//3589
f 3594//3594 3595//3595 3596//3596 3593//3593
f 3598//3598 3599//3599 3600//3600 3597//3597
f 3602//3602 3603//3603 3604//3604 3601//3601
f 3606//3606 3607//3607 3608//3608 3605//3605
f 3610//3610 3611//3611 3612//3612 3609//3609
f 3614//3614 3615//3615 3616//3616 3613//3613
f 3618//3618 3619//3619 3620//3620 3617//3617
f 3622//3622 3623//3623 3624//3624 3621//3621
f 3626//3626 3627//3627 3628//3628 3625//3625
f 3630//3630 3631//3631 3632//3632 3629//3629
f 3634//3634 3635//3635 3636//3636 3633//3633
f 3638//3638 3639//3639 3640//3640 3637//3637
f 3642//3642 3643//3643 3644//3644 3641//3641
f 3646//3646 3647//3647 3648//3648 3645//3645
f 3650//3650 3651//3651 3652//3652 3649//3649
f 3654//3654 3655//3655 3656//3656 3653//3653
f 3658//3658 3659//3659 3660//3660 3657//3657
f 3662//3662 3663//3663 3664//3664 3661//3661
f 3666//3666 3667//3667 3668//3668 3665//3665
f 3670//3670 3671//3671 3672//3672 3669//3669
f 3674//3674 3675//3675 3676//3676 3673//3673
f 3678//3678 3679//3679 3680//3680 3677//3677
f 3682//3682 3683//3683 3684//3684 3681//3681
f 3686//3686 3687//3687 3688//3688 3685//3685
f 3690//3690 3691//3691 3692//3692 3689//3689
f 3694//3694 3695//3695 3696//3696 3693//3693
f 3698//3698 3699//3699 3700//3700 3697//3697
f 3702//3702 3703//3703 3704//3704 3701//3701
f 3706//3706 3707//3707 3708//3708 3705//3705
f 3710//3710 3711//3711 3712//3712 3709//3709
f 3714//3714 3715//3715 3716//3716 3713//3713
f 3718//3718 3719//3719 3720//3720 3717//3717
f 3722//3722 3723//3723 3724//3724 3721//3721
f 3726//3726 3727//3727 3728//3728 3725//3725
f 3730//3730 3731//3731 3732//3732 3729//3729
f 3734//3734 3735//3735 3736//3736 3733//3733
f 3738//3738 3739//3739 3740//3740 3737//3737
f 3742//3742 3743//3743 3744//3744 3741//3741
f 3746//3746 3747//3747 3748//3748 3745//3745
f 3750//3750 3751//3751 3752//3752 3749//3749
f 3754//3754 3755//3755 3756//3756 3753//3753
f 3758//3758 3759//3759 3760//3760 3757//3757
f 3762//3762 3763//3763 3764//3764 3761//3761
f 3766//3766 3767//3767 3768//3768 3765//3765
f 3770//3770 3771//3771 3772//3772 3769//3769
f 3774//3774 3775//3775 3776//3776 3773//3773
f 3778//3778 3779//3779 3780//3780 3777//3777
f 3782//3782 3783//3783 3784//3784 3781//3781
f 3786//3786 3787//3787 3788//3788 3785//3785
f 3790//3790 3791//3791 3792//3792 3789//3789
f 3794//3794 3795//3795 3796//3796 3793//3793
f 3798//3798 3799//3799 3800//3800 3797//3797
f 3802//3802 3803//3803 3804//3804 3801//3801
f 3806//3806 3807//3807 3808//3808 3805//3805
f 3810//3810 3811//3811 3812//3812 3809//3809
f 3814//3814 3815//3815 3816//3816 3813//3813
f 3818//3818 3819//3819 3820//3820 3817//3817
f 3822//3822 3823//3823 3824//3824 3821//3821
f 3826//3826 3827//3827 3828//3828 3825//3825
f 3830//3830 3831//3831 3832//3832 3829//3829
f 3834//3834 3835//3835 3836//3836 3833//3833
f 3838//3838 3839//3839 3840//3840 3837//3837
f 3842//3842 3843//3843 3844//3844 3841//3841
f 3846//3846 3847//3847 3848//3848 3845//3845
f 3850//3850 3851//3851 3852//3852 3849//3849
f 3854//3854 3855//3855 3856//3856 3853//3853
f 3858//3858 3859//3859 3860//3860 3857//3857
f 3862//3862 3863//3863 3864//3864 3861//3861
f 3866//3866 3867//3867 3868//3868 3865//3865
f 3870//3870 3871//3871 3872//3872 3869//3869
f 3874//3874 3875//3875 3876//3876 3873//3873
f 3878//3878 3879//3879 3880//3880 3877//3877
f 3882//3882 3883//3883 3884//3884 3881//3881
f 3886//3886 3887//3887 3888//3888 3885//3885
f 3890//3890 3891//3891 3892//3892 3889//3889
f 3894//3894 3895//3895 3896//3896 3893//3893
f 3898//3898 3899//3899 3900//3900 3897//3897
f 3902//3902 3903//3903 3904//3904 3901//3901
f 3906//3906 3907//3907 3908//3908 3905//3905
f 3910//3910 3911//3911 3912//3912 3909//3909
f 3914//3914 3915//3915 3916//3916 3913//3913
f 3918//3918 3919//3919 3920//3920 3917//3917
f 3922//3922 3923//3923 3924//3924 3921//3921
f 3926//3926 3927//3927 3928//3928 3925//3925
f 3930//3930 3931//3931 3932//3932 3929//3929
f 3934//3934 3935//3935 3936//3936 3933//3933
f 3938//3938 3939//3939 3940//3940 3937//3937
f 3942//3942 3943//3943 3944//3944 3941//3941
f 3946//3946 3947//3947 3948//3948 3945//3945
f 3950//3950 3951//3951 3952//3952 3949//3949
f 3954//3954 3955//3955 3956//3956 3953//3953
f 3958//3958 3959//3959 3960//3960 3957//3957
f 3962//3962 3963//3963 3964//3964 3961//3961
f 3966//3966 3967//3967 3968//3968 3965//3965
f 3970//3970 3971//3971 3972//3972 3969//3969
f 3974//3974 3975//3975 3976//3976 3973//3973
f 3978//3978 3979//3979 3980//3980 3977//3977
f 3982//3982 3983//3983 3984//3984 3981//3981
f 3986//3986 3987//3987 3988//3988 3985//3985
f 3990//3990 3991//3991 3992//3992 3989//3989
f 3994//3994 3995//3995 3996//3996 3993//3993
f 3998//3998 3999//3999 4000//4000 3997//3997
f 4002//4002 4003//4003 4004//4004 4001//4001
f 4006//4006 4007//4007 4008//4008 4005//4005
f 4010//4010 4011//4011 4012//4012 4009//4009
f 4014//4014 4015//4015 4016//4016 4013//4013
f 4018//4018 4019//4019 4020//4020 4017//4017
f 4022//4022 4023//4023 4024//4024 4021//4021
f 4026//4026 4027//4027 4028//4028 4025//4025
f 4030//4030 4031//4031 4032//4032 4029//4029
f 4034//4034 4035//4035 4036//4036 4033//4033
f 4038//4038 4039//4039 4040//4040 4037//4037
f 4042//4042 4043//4043 4044//4044 4041//4041
f 4046//4046 4047//4047 4048//4048 4045//4045
f 4050//4050 4051//4051 4052//4052 4049//4049
f 4054//4054 4055//4055 4056//4056 4053//4053
f 4058//4058 4059//4059 4060//4060 4057//4057
f 4062//4062 4063//4063 4064//4064 4061//4061
f 4066//4066 4067//4067 4068//4068 4065//4065
f 4070//4070 4071//4071 4072//4072 4069//4069
f 4074//4074 4075//4075 4076//4076 4073//4073
f 4078//4078 4079//4079 4080//4080 4077//4077
f 4082//4082 4083//4083 4084//4084 4081//4081
f 4086//4086 4087//4087 4088//4088 4085//4085
f 4090//4090 4091//4091 4092//4092 4089//4089
f 4094//4094 4095//4095 4096//4096 4093//4093
f 4098//4098 4099//4099 4100//4100 4097//4097
f 4102//4102 4103//4103 4104//4104 4101//4101
f 4106//4106 4107//4107 4108//4108 4105//4105
f 4110//4110 4111//4111 4112//4112 4109//4109
f 4114//4114 4115//4115 4116//4116 4113//4113
f 4118//4118 4119//4119 4120//4120 4117//4117
f 4122//4122 4123//4123 4124//4124 4121//4121
f 4126//4126 4127//4127 4128//4128 4125//4125
f 4130//4130 4131//4131 4132//4132 4129//4129
f 4134//4134 4135//4135 4136//4136 4133//4133
f 4138//4138 4139//4139 4140//4140 4137//4137
f 4142//4142 4143//4143 4144//4144 4141//4141
f 4146//4146 4147//4147 4148//4148 4145//4145
f 4150//4150 4151//4151 4152//4152 4149//4149
f 4154//4154 4155//4155 4156//4156 4153//4153
f 4158//4158 4159//4159 4160//4160 4157//4157
f 4162//4162 4163//4163 4164//4164 4161//4161
f 4166//4166 4167//4167 4168//4168 4165//4165
f 4170//4170 4171//4171 4172//4172 4169//4169
f 4174//4174 4175//4175 4176//4176 4173//4173
f 4178//4178 4179//4179 4180//4180 4177//4177
f 4182//4182 4183//4183 4184//4184 4181//4181
f 4186//4186 4187//4187 4188//4188 4185//4185
f 4190//4190 4191//4191 4192//4192 4189//4189
f 4194//4194 4195//4195 4196//4196 4193//4193
f 4198//4198 4199//4199 4200//4200 4197//4197
f 4202//4202 4203//4203 4204//4204 4201//4201
f 4206//4206 4207//4207 4208//4208 4205//4205
f 4210//4210 4211//4211 4212//4212 4209//4209
f 4214//4214 4215//4215 4216//4216 4213//4213
f 4218//4218 4219//4219 4220//4220 4217//4217
f 4222//4222 4223//4223 4224//4224 4221//4221
f 4226//4226 4227//4227 4228//4228 4225//4225
f 4230//4230 4231//4231 4232//4232 4229//4229
f 4234//4234 4235//4235 4236//4236 4233//4233
f 4238//4238 4239//4239 4240//4240 4237//4237
f 4242//4242 4243//4243 4244//4244 4241//4241
f 4246//4246 4247//4247 4248//4248 4245//4245
f 4250//4250 4251//4251 4252//4252 4249//4249
f 4254//4254 4255//4255 4256//4256 4253//4253
f 4258//4258 4259//4259 4260//4260 4257//4257
f 4262//4262 4263//4263 4264//4264 4261//4261
f 4266//4266 4267//4267 4268//4268 4265//4265
f 4270//4270 4271//4271 4272//4272 4269//4269
f 4274//4274 4275//4275 4276//4276 4273//4273
f 4278//4278 4279//4279 4280//4280 4277//4277
f 4282//4282 4283//4283 4284//4284 4281//4281
f 4286//4286 4287//4287 4288//4288 4285//4285
f 4290//4290 4291//4291 4292//4292 4289//4289
f 4294//4294 4295//4295 4296//4296 4293//4293
f 4298//4298 4299//4299 4300//4300 4297//4297
f 4302//4302 4303//4303 4304//4304 4301//4301
f 4306//4306 4307//4307 4308//4308 4305//4305
f 4310//4310 4311//4311 4312//4312 4309//4309
f 4314//4314 4315//4315 4316//4316 4313//4313
f 4318//4318 4319//4319 4320//4320 4317//4317
f 4322//4322 4323//4323 4324//4324 4321//4321
f 4326//4326 4327//4327 4328//4328 4325//4325
f 4330//4330 4331//4331 4332//4332 4329//4329
f 4334//4334 4335//4335 4336//4336 4333//4333
f 4338//4338 4339//4339 4340//4340 4337//4337
f 4342//4342 4343//4343 4344//4344 4341//4341
f 4346//4346 4347//4347 4348//4348 4345//4345
f 4350//4350 4351//4351 4352//4352 4349//4349
f 4354//4354 4355//4355 4356//4356 4353//4353
f 4358//4358 4359//4359 4360//4360 4357//4357
f 4362//4362 4363//4363 4364//4364 4361//4361
f 4366//4366 4367//4367 4368//4368 4365//4365
f 4370//4370 4371//4371 4372//4372 4369//4369
f 4374//4374 4375//4375 4376//4376 4373//4373
f 4378//4378 4379//4379 4380//4380 4377//4377
f 4382//4382 4383//4383 4384//4384 4381//4381
f 4386//4386 4387//4387 4388//4388 4385//4385
f 4390//4390 4391//4391 4392//4392 4389//4389
f 4394//4394 4395//4395 4396//4396 4393//4393
f 4398//4398 4399//4399 4400//4400 4397//4397
f 4402//4402 4403//4403 4404//4404 4401//4401
f 4406//4406 4407//4407 4408//4408 4405//4405
f 4410//4410 4411//4411 4412//4412 4409//4409
f 4414//4414 4415//4415 4416//4416 4413//4413
f 4418//4418 4419//4419 4420//4420 4417//4417
f 4422//4422 4423//4423 4424//4424 4421//4421
f 4426//4426 4427//4427 4428//4428 4425//4425
f 4430//4430 4431//4431 4432//4432 4429//4429
f 4434//4434 4435//4435 4436//4436 4433//4433
f 4438//4438 4439//4439 4440//4440 4437//4437
f 4442//4442 4443//4443 4444//4444 4441//4441
f 4446//4446 4447//4447 4448//4448 4445//4445
f 4450//4450 4451//4451 4452//4452 4449//4449
f 4454//4454 4455//4455 4456//4456 4453//4453
f 4458//4458 4459//4459 4460//4460 4457//4457
f 4462//4462 4463//4463 4464//4464 4461//4461
f 4466//4466 4467//4467 4468//4468 4465//4465
f 4470//4470 4471//4471 4472//4472 4469//4469
f 4474//4474 4475//4475 4476//4476 4473//4473
f 4478//4478 4479//4479 4480//4480 4477//4477
f 4482//4482 4483//4483 4484//4484 4481//4481
f 4486//4486 4487//4487 4488//4488 4485//4485
f 4490//4490 4491//4491 4492//4492 4489//4489
f 4494//4494 4495//4495 4496//4496 4493//4493
f 4498//4498 4499//4499 4500//4500 4497//4497
f 4502//4502 4503//4503 4504//4504 4501//4501
f 4506//4506 4507//4507 4508//4508 4505//4505
f 4510//4510 4511//4511 4512//4512 4509//4509
f 4514//4514 4515//4515 4516//4516 4513//4513
f 4518//4518 4519//4519 4520//4520 4517//4517
f 4522//4522 4523//4523 4524//4524 4521//4521
f 4526//4526 4527//4527 4528//4528 4525//4525
f 4530//4530 4531//4531 4532//4532 4529//4529
f 4534//4534 4535//4535 4536//4536 4533//4533
f 4538//4538 4539//4539 4540//4540 4537//4537
f 4542//4542 4543//4543 4544//4544 4541//4541
f 4546//4546 4547//4547 4548//4548 4545//4545
f 4550//4550 4551//4551 4552//4552 4549//4549
f 4554//4554 4555//4555 4556//4556 4553//4553
f 4558//4558 4559//4559 4560//4560 4557//4557
f 4562//4562 4563//4563 4564//4564 4561//4561
f 4566//4566 4567//4567 4568//4568 4565//4565
f 4570//4570 4571//4571 4572//4572 4569//4569
f 4574//4574 4575//4575 4576//4576 4573//4573
f 4578//4578 4579//4579 4580//4580 4577//4577
f 4582//4582 4583//4583 4584//4584 4581//4581
f 4586//4586 4587//4587 4588//4588 4585//4585
f 4590//4590 4591//4591 4592//4592 4589//4589
f 4594//4594 4595//4595 4596//4596 4593//4593
f 4598//4598 4599//4599 4600//4600 4597//4597
f 4602//4602 4603//4603 4604//4604 4601//4601
f 4606//4606 4607//4607 4608//4608 4605//4605
f 4610//4610 4611//4611 4612//4612 4609//4609
f 4614//4614 4615//4615 4616//4616 4613//4613
f 4618//4618 4619//4619 4620//4620 4617//4617
f 4622//4622 4623//4623 4624//4624 4621//4621
f 4626//4626 4627//4627 4628//4628 4625//4625
f 4630//4630 4631//4631 4632//4632 4629//4629
f 4634//4634 4635//4635 4636//4636 4633//4633
f 4638//4638 4639//4639 4640//4640 4637//4637
f 4642//4642 4643//4643 4644//4644 4641//4641
f 4646//4646 4647//4647 4648//4648 4645//4645
f 4650//4650 4651//4651 4652//4652 4649//4649
f 4654//4654 4655//4655 4656//4656 4653//4653
f 4658//4658 4659//4659 4660//4660 4657//4657
f 4662//4662 4663//4663 4664//4664 4661//4661
f 4666//4666 4667//4667 4668//4668 4665//4665
f 4670//4670 4671//4671 4672//4672 4669//4669
f 4674//4674 4675//4675 4676//4676 4673//4673
f 4678//4678 4679//4679 4680//4680 4677//4677
f 4682//4682 4683//4683 4684//4684 4681//4681
f 4686//4686 4687//4687 4688//4688 4685//4685
f 4690//4690 4691//4691 4692//4692 4689//4689
f 4694//4694 4695//4695 4696//4696 4693//4693
f 4698//4698 4699//4699 4700//4700 4697//4697
f 4702//4702 4703//4703 4704//4704 4701//4701
f 4706//4706 4707//4707 4708//4708 4705//4705
f 4710//4710 4711//4711 4712//4712 4709//4709
f 4714//4714 4715//4715 4716//4716 4713//4713
f 4718//4718 4719//4719 4720//4720 4717//4717
f 4722//4722 4723//4723 4724//4724 4721//4721
f 4726//4726 4727//4727 4728//4728 4725//4725
f 4730//4730 4731//4731 4732//4732 4729//4729
f 4734//4734 4735//4735 4736//4736 4733//4733
f 4738//4738 4739//4739 4740//4740 4737//4737
f 4742//4742 4743//4743 4744//4744 4741//4741
f 4746//4746 4747//4747 4748//4748 4745//4745
f 4750//4750 4751//4751 4752//4752 4749//4749
f 4754//4754 4755//4755 4756//4756 4753//4753
f 4758//4758 4759//4759 4760//4760 4757//4757
f 4762//4762 4763//4763 4764//4764 4761//4761
f 4766//4766 4767//4767 4768//4768 4765//4765
f 4770//4770 4771//4771 4772//4772 4769//4769
f 4774//4774 4775//4775 4776//4776 4773//4773
f 4778//4778 4779//4779 4780//4780 4777//4777
f 4782//4782 4783//4783 4784//4784 4781//4781
f 4786//4786 4787//4787 4788//4788 4789//4789 4790//4790 4791//4791 4792//4792 4793//4793 4794//4794 4795//4795 4796//4796 4797//4797 4798//4798 4799//4799 4800//4800 4801//4801 4802//4802 4803//4803 4804//4804 4805//4805 4806//4806 4807//4807 4808//4808 4809//4809 4810//4810 4811//4811 4812//4812 4813//4813 4814//4814 4815//4815 4816//4816 4817//4817 4818//4818 4819//4819 4820//4820 4821//4821 4822//4822 4823//4823 4824//4824 4785//4785
