# Converted from 3D Studio ASCII for HOVERTANK
o NoName1
v 1.257778 -1.023459 -0.757777
v -1.257778 -1.02346 -0.757777
v 1.257778 -1.023459 1.351243
v -1.257778 -1.02346 1.351243
v 1 -0.385459 2.400618
v -1 -0.38546 2.400618
v 1.257778 0.222382 -0.519659
v -1.257778 0.222381 -0.519659
v 1.257778 0.222382 1.113125
v -1.257778 0.222381 1.113125
v 1 0.222382 2.692289
v -1 0.222381 2.692289
v 0 0.222381 2.692289
v 0 -0.38546 2.400618
v 0.024271 -0.363577 2.411118
v 0.024271 0.200499 2.681789
v 0.975729 0.200499 2.681789
v 0.975729 -0.363577 2.411118
v -0.024271 0.200499 2.681789
v -0.024271 -0.363577 2.411118
v -0.975729 -0.363577 2.411118
v -0.975729 0.200499 2.681789
v -0.024271 0.200499 3.170678
v -0.024271 -0.363577 2.900007
v -0.975729 -0.363577 2.900007
v -0.975729 0.200499 3.170678
v 0.024271 -0.363577 2.900007
v 0.024271 0.200499 3.170678
v 0.975729 0.200499 3.170678
v 0.975729 -0.363577 2.900007
v 0.050938 -0.339535 2.93821
v 0.050938 0.176457 3.185808
v 0.949062 0.176457 3.185808
v 0.949062 -0.339535 2.93821
v -0.050938 0.176457 3.185808
v -0.050938 -0.339535 2.93821
v -0.949062 -0.339535 2.93821
v -0.949062 0.176457 3.185808
v 0.10073 -0.295509 2.961554
v 0.10073 0.130701 3.16607
v 0.89927 0.130701 3.16607
v 0.89927 -0.295509 2.961554
v -0.10073 0.130701 3.16607
v -0.10073 -0.295509 2.961554
v -0.89927 -0.295509 2.961554
v -0.89927 0.1307 3.16607
v -0.10073 0.130701 2.808737
v -0.10073 -0.295509 2.604221
v -0.89927 -0.295509 2.604221
v -0.89927 0.1307 2.808737
v 0.10073 -0.295509 2.604221
v 0.10073 0.130701 2.808737
v 0.89927 0.130701 2.808737
v 0.89927 -0.295509 2.604221
v 0.953778 0.500382 -0.703267
v 1.031428 0.466488 -0.703267
v -0.953778 0.500381 -0.703267
v -1.031428 0.466488 -0.703267
v 1.031428 0.466488 1.296733
v 0.953778 0.500382 1.296733
v -0.953778 0.500381 1.296733
v -1.031428 0.466488 1.296733
v 0.953778 0.323018 -1.803711
v -0.953778 0.323017 -1.803711
v -0.778461 -0.38546 -2.683595
v -1.006534 -0.401632 -2.640791
v -1 -0.376619 -2.638227
v 0.778462 -0.385459 -2.683595
v 1.006534 -0.401632 -2.640791
v 1 -0.376618 -2.638227
v -0.953778 0.323017 2.692289
v -1 0.276795 2.692289
v 1 0.276795 2.692289
v 0.953778 0.323018 2.692289
v -0.778462 0.222381 -2.098822
v -1 0.19308 -2.063074
v -1.008396 0.222381 -2.053369
v 0.778461 0.222382 -2.098822
v 1.008396 0.222382 -2.053369
v 1 0.19308 -2.063074
v -1.029389 0.288277 -1.795049
v 1.029389 0.288277 -1.795049
v 0.890828 0.500382 -0.640317
v 0.890828 0.500382 1.233784
v -0.890828 0.500381 1.233784
v -0.890828 0.500381 -0.640317
v 1.257778 -1.023459 0.2244
v 1.257778 -1.023459 0.369067
v -1.257778 -1.02346 0.2244
v -1.257778 -1.02346 0.369067
v -1.257778 0.222381 0.240733
v -1.257778 0.222381 0.352733
v 1.257778 0.222382 0.240733
v 1.257778 0.222382 0.352733
v 1.257778 -1.023459 -0.62243
v -1.257778 -1.02346 -0.62243
v -1.257778 0.222381 -0.414875
v 1.257778 0.222382 -0.414875
v 1.257778 -1.023459 1.215897
v -1.257778 -1.02346 1.215897
v -1.257778 0.222381 1.008341
v 1.257778 0.222382 1.008341
v 1.257778 0.187554 -0.38537
v 1.257778 -0.988632 -0.581321
v 1.257778 -0.988632 0.190026
v 1.257778 0.187554 0.205447
v -1.257778 -0.988633 -0.581321
v -1.257778 0.187554 -0.38537
v -1.257778 0.187554 0.205447
v -1.257778 -0.988633 0.190026
v 1.257778 -0.988632 1.174787
v 1.257778 0.187554 0.978836
v 1.257778 0.187554 0.38802
v 1.257778 -0.988632 0.403441
v -1.257778 0.187554 0.978836
v -1.257778 -0.988633 1.174787
v -1.257778 -0.988633 0.403441
v -1.257778 0.187554 0.38802
v -1.311299 0.187554 0.978836
v -1.311299 -0.988633 1.174787
v -1.311299 -0.988633 0.403441
v -1.311299 0.187554 0.38802
v 1.311299 -0.988632 1.174787
v 1.311299 0.187554 0.978836
v 1.311299 0.187554 0.38802
v 1.311299 -0.988632 0.403441
v -1.311299 -0.988633 -0.581321
v -1.311299 0.187554 -0.38537
v -1.311299 0.187554 0.205447
v -1.311299 -0.988633 0.190026
v 1.311299 0.187554 -0.38537
v 1.311299 -0.988632 -0.581321
v 1.311299 -0.988632 0.190026
v 1.311299 0.187554 0.205447
v -1.342974 -0.956957 -0.543931
v -1.342975 0.155878 -0.358534
v -1.342975 0.155878 0.173353
v -1.342974 -0.956957 0.158763
v 1.342975 -0.956956 1.137398
v 1.342975 0.155879 0.952001
v 1.342975 0.155879 0.420114
v 1.342975 -0.956956 0.434704
v 1.342975 0.155879 -0.358534
v 1.342975 -0.956956 -0.543931
v 1.342975 -0.956956 0.158763
v 1.342975 0.155879 0.173353
v -1.342975 0.155878 0.952001
v -1.342974 -0.956957 1.137398
v -1.342974 -0.956957 0.434704
v -1.342975 0.155878 0.420114
v 0.628889 -1.023459 1.351243
v 0 -1.02346 1.351243
v -0.628889 -1.02346 1.351243
v -0.75 -0.38546 2.400618
v -0.5 -0.38546 2.400618
v -0.25 -0.38546 2.400618
v 0.25 -0.38546 2.400618
v 0.5 -0.385459 2.400618
v 0.75 -0.385459 2.400618
v 0.943334 -1.023459 1.351243
v 0.314445 -1.02346 1.351243
v -0.314444 -1.02346 1.351243
v -0.943333 -1.02346 1.351243
v 0.528217 -0.39866 2.378905
v 0.728277 -0.39866 2.378905
v 0.91361 -1.010259 1.372956
v 0.651772 -1.010259 1.372956
v 1.22648 -1.010258 1.372956
v 0.965057 -1.010259 1.372956
v 0.779724 -0.39866 2.378905
v 0.979369 -0.39866 2.378905
v 0.600672 -1.010259 1.372956
v 0.338557 -1.010259 1.372956
v 0.276779 -0.39866 2.378905
v 0.477117 -0.39866 2.378905
v 0.025411 -0.39866 2.378905
v 0.225888 -0.39866 2.378905
v 0.287666 -1.010259 1.372956
v 0.025411 -1.010259 1.372956
v -0.025411 -1.010259 1.372956
v -0.287665 -1.010259 1.372956
v -0.225888 -0.39866 2.378905
v -0.025411 -0.39866 2.378905
v -0.477117 -0.398661 2.378905
v -0.276779 -0.39866 2.378905
v -0.338556 -1.010259 1.372956
v -0.600672 -1.010259 1.372956
v -0.651772 -1.010259 1.372956
v -0.913609 -1.010259 1.372956
v -0.728277 -0.398661 2.378905
v -0.528217 -0.398661 2.378905
v -0.979369 -0.398661 2.378905
v -0.779724 -0.398661 2.378905
v -0.965057 -1.010259 1.372956
v -1.226479 -1.010259 1.372956
v -0.979369 -0.414143 2.388318
v -0.779724 -0.414143 2.388318
v -0.965057 -1.025741 1.382369
v -1.226479 -1.025741 1.382369
v -0.651772 -1.025741 1.382369
v -0.913609 -1.025741 1.382369
v -0.728277 -0.414143 2.388318
v -0.528217 -0.414143 2.388318
v -0.477117 -0.414143 2.388318
v -0.276779 -0.414143 2.388318
v -0.338556 -1.025741 1.382369
v -0.600672 -1.025741 1.382369
v -0.025411 -1.025741 1.382369
v -0.287665 -1.025741 1.382369
v -0.225888 -0.414143 2.388318
v -0.025411 -0.414143 2.388318
v 0.025411 -0.414143 2.388318
v 0.225888 -0.414143 2.388318
v 0.287666 -1.025741 1.382369
v 0.025411 -1.025741 1.382369
v 0.600672 -1.025741 1.382369
v 0.338557 -1.025741 1.382369
v 0.276779 -0.414143 2.388318
v 0.477117 -0.414143 2.388318
v 1.22648 -1.025741 1.382369
v 0.965057 -1.025741 1.382369
v 0.779724 -0.414143 2.388318
v 0.979369 -0.414143 2.388318
v 0.528217 -0.414143 2.388318
v 0.728277 -0.414143 2.388318
v 0.91361 -1.025741 1.382369
v 0.651772 -1.025741 1.382369
v 0.587258 -1.029787 1.398966
v 0.350019 -1.029787 1.398966
v 0.289509 -0.43074 2.384272
v 0.466238 -0.43074 2.384272
v -0.66265 -1.029788 1.398966
v -0.899479 -1.029788 1.398966
v -0.71795 -0.43074 2.384272
v -0.541631 -0.43074 2.384272
v 0.03749 -0.43074 2.384272
v 0.214425 -0.43074 2.384272
v 0.274935 -1.029787 1.398966
v 0.03749 -1.029787 1.398966
v -0.466238 -0.43074 2.384272
v -0.289509 -0.43074 2.384272
v -0.350019 -1.029787 1.398966
v -0.587258 -1.029788 1.398966
v -0.969562 -0.43074 2.384272
v -0.793854 -0.43074 2.384272
v -0.975383 -1.029788 1.398966
v -1.211601 -1.029788 1.398966
v 0.541631 -0.43074 2.384272
v 0.71795 -0.43074 2.384272
v 0.89948 -1.029787 1.398966
v 0.662651 -1.029787 1.398966
v 1.211601 -1.029787 1.398966
v 0.975384 -1.029787 1.398966
v 0.793854 -0.43074 2.384272
v 0.969562 -0.43074 2.384272
v -0.03749 -1.029787 1.398966
v -0.274935 -1.029787 1.398966
v -0.214425 -0.43074 2.384272
v -0.03749 -0.43074 2.384272
v 1 -0.162484 -1.207586
v 1.0112 -0.145762 -1.14442
v 1 -0.197273 -1.172797
v 1 -0.197273 -1.629292
v 1 -0.14043 -1.656198
v 1 -0.162484 -1.594503
v 1 -0.333126 -1.594801
v 1 -0.330238 -1.664042
v 1 -0.293795 -1.629292
v 1 -0.35391 -1.172797
v 1 -0.384157 -1.207288
v 1.011196 -0.416268 -1.154771
v -1 -0.162484 1.801053
v -1.0112 -0.145763 1.737886
v -1 -0.197273 1.766263
v -1 -0.197273 2.222759
v -1 -0.14043 2.249665
v -1 -0.162484 2.18797
v -1 -0.333126 2.188268
v -1 -0.339181 2.255895
v -1 -0.293795 2.222759
v -1 -0.35391 1.766263
v -1 -0.384157 1.800755
v -1.011196 -0.416268 1.748238
v -1 -0.162484 -1.594503
v -1 -0.14043 -1.656198
v -1 -0.197273 -1.629292
v -1 -0.197273 -1.172797
v -1.0112 -0.145763 -1.14442
v -1 -0.162484 -1.207586
v -1 -0.384157 -1.207288
v -1.011196 -0.416268 -1.154771
v -1 -0.35391 -1.172797
v -1 -0.293795 -1.629292
v -1 -0.333126 -1.594801
v -1 -0.330239 -1.664042
v 1 -0.162484 2.18797
v 1 -0.14043 2.249665
v 1 -0.197273 2.222759
v 1 -0.197273 1.766263
v 1.0112 -0.145762 1.737886
v 1 -0.162484 1.801053
v 1 -0.384157 1.800755
v 1.011196 -0.416268 1.748238
v 1 -0.35391 1.766263
v 1 -0.293795 2.222759
v 1 -0.333126 2.188268
v 1 -0.33918 2.255895
v 2.546667 -0.213733 2.030277
v 2.546667 -0.237738 2.054282
v 2.546667 -0.237738 1.93474
v 2.546667 -0.213733 1.958745
v 2.546667 -0.273211 1.958744
v 2.546667 -0.248967 1.93474
v 2.546667 -0.250161 2.054282
v 2.546667 -0.273926 2.030278
v -2.546667 -0.213734 -1.43681
v -2.546667 -0.237739 -1.460815
v -2.546667 -0.237739 -1.341274
v -2.546667 -0.213734 -1.365278
v -2.546667 -0.273212 -1.365277
v -2.546667 -0.248968 -1.341274
v -2.546667 -0.250162 -1.460815
v -2.546667 -0.273927 -1.436812
v -2.546667 -0.213734 1.958745
v -2.546667 -0.237739 1.93474
v -2.546667 -0.237739 2.054282
v -2.546667 -0.213734 2.030277
v -2.546667 -0.273927 2.030278
v -2.546667 -0.250162 2.054282
v -2.546667 -0.248968 1.93474
v -2.546667 -0.273212 1.958744
v 2.546667 -0.213733 -1.365278
v 2.546667 -0.237738 -1.341274
v 2.546667 -0.237738 -1.460815
v 2.546667 -0.213733 -1.43681
v 2.546667 -0.273926 -1.436812
v 2.546667 -0.250161 -1.460815
v 2.546667 -0.248967 -1.341274
v 2.546667 -0.273211 -1.365277
v 0.12876 -0.38546 -2.683595
v 0 -0.38546 -2.683595
v -0.12876 -0.38546 -2.683595
v 0.12876 0.222381 -2.098822
v 0 0.222381 -2.098822
v -0.12876 0.222381 -2.098822
v -0.716585 0.222381 -2.098822
v -0.716585 -0.38546 -2.683595
v 0.716585 0.222382 -2.098822
v 0.716585 -0.385459 -2.683595
v 0.670147 -0.351994 -2.6514
v 0.670147 0.188916 -2.131018
v 0.175198 0.188916 -2.131018
v 0.175198 -0.351994 -2.6514
v -0.670147 0.188916 -2.131018
v -0.670147 -0.351994 -2.6514
v -0.175198 -0.351994 -2.6514
v -0.175198 0.188916 -2.131018
v -0.670147 0.188916 -3.333628
v -0.670147 -0.351994 -3.014059
v -0.175198 -0.351994 -3.014059
v -0.175198 0.188916 -3.333628
v 0.670147 -0.351994 -3.014059
v 0.670147 0.188916 -3.333628
v 0.175198 0.188916 -3.333628
v 0.175198 -0.351994 -3.014059
v -0.647063 0.169041 -3.34497
v -0.647062 -0.332119 -3.048885
v -0.198283 -0.332119 -3.048885
v -0.198283 0.169041 -3.34497
v 0.647063 -0.332119 -3.048885
v 0.647062 0.169041 -3.34497
v 0.198283 0.169041 -3.34497
v 0.198283 -0.332119 -3.048885
v 0.61475 -0.306334 -3.068765
v 0.61475 0.139187 -3.331978
v 0.230595 0.139187 -3.331978
v 0.230595 -0.306334 -3.068765
v -0.61475 0.139186 -3.331978
v -0.61475 -0.306334 -3.068765
v -0.230595 -0.306334 -3.068765
v -0.230595 0.139186 -3.331978
v -0.61475 0.139186 -2.905685
v -0.61475 -0.306334 -2.642472
v -0.230595 -0.306334 -2.642472
v -0.230595 0.139186 -2.905685
v 0.61475 -0.306334 -2.642472
v 0.61475 0.139187 -2.905685
v 0.230595 0.139187 -2.905685
v 0.230595 -0.306334 -2.642472
v 0.055506 0.500381 1.296733
v 0.006808 0.500381 1.296733
v -0.006808 0.500381 1.296733
v -0.055506 0.500381 1.296733
v -0.006808 1.050432 3.34497
v -0.031157 1.032309 3.328709
v -0.006808 0.931199 1.949414
v 0.006808 0.931199 1.949414
v 0.006808 1.050432 3.34497
v 0.031157 1.032309 3.328709
v 0.031157 0.907208 1.957988
v -0.031157 0.907208 1.957988
v 0.062313 0.323017 2.692289
v 0 0.323017 2.692289
v 0.031157 0.346208 2.713097
v 0 0.323017 2.692289
v -0.062314 0.323017 2.692289
v -0.031157 0.346208 2.713097
v 0.053188 0.500089 1.299033
v 0.009126 0.500089 1.299033
v 0.031157 0.515733 1.346015
v -0.031157 0.515733 1.346015
v -0.009126 0.500089 1.299033
v -0.053188 0.500089 1.299033
v -1.076076 -1.050433 -0.83425
v -1.257778 -1.02346 -0.757777
v 1.076076 -1.050432 -0.83425
v 1.257778 -1.023459 -0.757777
v 0.962924 -0.732165 -2.614031
v 0.77366 -0.718532 -2.64944
v 0.716585 -0.718521 -2.649441
v 0.12876 -0.718521 -2.649441
v 0 -0.718521 -2.649441
v -0.12876 -0.718521 -2.649441
v -0.716585 -0.718521 -2.649441
v -0.77366 -0.718532 -2.64944
v -0.962924 -0.732166 -2.614031
v 0.851009 -0.851054 -2.514016
v 0.761605 -0.840193 -2.530196
v 0.716585 -0.840193 -2.530196
v 0.12876 -0.840194 -2.530196
v 0 -0.840194 -2.530196
v -0.12876 -0.840194 -2.530196
v -0.716585 -0.840194 -2.530196
v -0.761604 -0.840194 -2.530196
v -0.851008 -0.851054 -2.514016
f 271 1 270
f 270 1 266
f 266 1 267
f 267 1 70
f 70 1 69
f 2 417 1
f 2 415 417
f 415 414 416
f 415 416 417
f 97 8 96
f 96 8 2
f 96 2 1
f 96 1 95
f 2 8 288
f 2 288 291
f 291 288 287
f 291 287 292
f 66 415 2
f 66 426 415
f 4 100 163
f 163 100 153
f 153 100 162
f 162 100 152
f 152 100 161
f 161 100 151
f 151 100 160
f 160 100 99
f 160 99 3
f 5 171 168
f 5 168 3
f 299 304 303
f 299 303 300
f 300 303 3
f 300 3 9
f 100 4 10
f 100 10 101
f 195 4 194
f 194 4 163
f 6 279 278
f 6 278 282
f 6 282 283
f 6 283 4
f 18 5 17
f 17 5 11
f 159 170 171
f 159 171 5
f 307 5 306
f 306 5 302
f 302 5 303
f 303 5 3
f 156 14 20
f 155 156 20
f 154 155 20
f 6 154 20
f 6 20 21
f 4 195 6
f 6 195 192
f 6 12 279
f 279 12 276
f 279 276 275
f 279 275 280
f 7 261 260
f 7 260 265
f 7 265 264
f 7 264 79
f 79 264 80
f 7 1 261
f 261 1 271
f 261 271 269
f 261 269 262
f 10 62 101
f 101 62 92
f 92 62 91
f 91 62 97
f 97 62 8
f 8 62 58
f 8 58 81
f 8 81 77
f 3 99 9
f 9 99 102
f 11 297 296
f 11 296 301
f 11 301 300
f 11 300 9
f 12 72 62
f 12 62 10
f 281 274 283
f 283 274 273
f 283 273 4
f 4 273 10
f 13 11 73
f 12 13 73
f 12 73 72
f 72 73 74
f 72 74 402
f 72 402 403
f 72 403 71
f 403 405 71
f 405 406 71
f 16 17 11
f 16 11 13
f 11 5 307
f 11 307 297
f 297 307 305
f 297 305 298
f 6 21 22
f 6 22 12
f 276 12 277
f 277 12 272
f 272 12 273
f 273 12 10
f 14 15 16
f 14 16 13
f 22 19 13
f 22 13 12
f 159 5 18
f 158 159 18
f 157 158 18
f 14 157 18
f 14 18 15
f 20 14 19
f 19 14 13
f 14 152 179
f 14 179 176
f 156 182 183
f 156 183 14
f 27 15 18
f 27 18 30
f 27 28 16
f 27 16 15
f 16 28 29
f 16 29 17
f 29 30 17
f 17 30 18
f 22 26 23
f 22 23 19
f 23 24 19
f 19 24 20
f 25 21 20
f 25 20 24
f 25 26 22
f 25 22 21
f 37 25 36
f 36 25 24
f 38 26 37
f 37 26 25
f 38 35 23
f 38 23 26
f 32 33 29
f 32 29 28
f 34 30 33
f 33 30 29
f 31 27 34
f 34 27 30
f 31 34 42
f 31 42 39
f 27 31 32
f 27 32 28
f 31 39 40
f 31 40 32
f 40 41 33
f 40 33 32
f 42 34 41
f 41 34 33
f 46 43 35
f 46 35 38
f 23 35 36
f 23 36 24
f 44 36 43
f 43 36 35
f 37 36 44
f 37 44 45
f 37 45 46
f 37 46 38
f 51 39 42
f 51 42 54
f 40 39 52
f 52 39 51
f 40 52 53
f 40 53 41
f 42 41 53
f 42 53 54
f 46 50 47
f 46 47 43
f 44 43 47
f 44 47 48
f 49 45 44
f 49 44 48
f 46 45 50
f 50 45 49
f 49 48 47
f 49 47 50
f 51 54 53
f 51 53 52
f 63 55 82
f 82 55 56
f 57 86 83
f 57 83 55
f 55 60 59
f 55 59 56
f 56 7 82
f 82 7 79
f 58 62 61
f 58 61 57
f 64 57 55
f 64 55 63
f 57 61 85
f 57 85 86
f 81 58 57
f 81 57 64
f 60 74 73
f 60 73 59
f 390 408 402
f 390 402 74
f 390 74 60
f 83 84 60
f 83 60 55
f 62 72 71
f 62 71 61
f 61 71 406
f 61 406 393
f 393 406 413
f 75 64 346
f 346 64 345
f 345 64 344
f 344 64 343
f 343 64 348
f 348 64 78
f 78 64 63
f 347 65 75
f 347 75 346
f 424 425 65
f 424 65 347
f 67 65 66
f 2 291 290
f 2 290 294
f 2 294 295
f 2 295 67
f 2 67 66
f 425 426 66
f 425 66 65
f 293 286 285
f 293 285 295
f 295 285 76
f 295 76 67
f 70 68 80
f 80 68 78
f 68 349 348
f 68 348 78
f 418 419 69
f 69 419 68
f 1 418 69
f 1 417 418
f 69 68 70
f 73 11 59
f 59 11 9
f 65 67 76
f 65 76 75
f 77 75 76
f 78 63 79
f 79 63 82
f 80 78 79
f 77 81 64
f 77 64 75
f 86 85 84
f 86 84 83
f 90 89 87
f 90 87 88
f 89 96 95
f 89 95 87
f 105 87 104
f 104 87 95
f 100 90 88
f 100 88 99
f 94 88 93
f 93 88 87
f 113 114 88
f 113 88 94
f 90 92 91
f 90 91 89
f 89 91 109
f 89 109 110
f 100 116 117
f 100 117 90
f 109 91 108
f 108 91 97
f 117 118 90
f 90 118 92
f 93 87 106
f 106 87 105
f 102 112 113
f 102 113 94
f 7 98 95
f 7 95 1
f 98 103 104
f 98 104 95
f 89 110 107
f 89 107 96
f 108 97 107
f 107 97 96
f 7 9 98
f 7 56 9
f 56 59 9
f 98 9 93
f 9 102 93
f 102 94 93
f 93 106 103
f 93 103 98
f 111 99 114
f 114 99 88
f 116 100 101
f 116 101 115
f 115 101 118
f 118 101 92
f 99 111 102
f 102 111 112
f 103 106 134
f 103 134 131
f 132 104 103
f 132 103 131
f 105 104 132
f 105 132 133
f 105 133 134
f 105 134 106
f 130 127 107
f 130 107 110
f 107 127 128
f 107 128 108
f 128 129 109
f 128 109 108
f 130 110 109
f 130 109 129
f 111 114 126
f 111 126 123
f 111 123 124
f 111 124 112
f 113 112 124
f 113 124 125
f 126 114 113
f 126 113 125
f 122 119 115
f 122 115 118
f 120 116 115
f 120 115 119
f 120 121 117
f 120 117 116
f 117 121 122
f 117 122 118
f 120 148 149
f 120 149 121
f 149 150 121
f 121 150 122
f 150 147 119
f 150 119 122
f 125 124 140
f 125 140 141
f 141 142 126
f 141 126 125
f 139 123 142
f 142 123 126
f 136 137 129
f 136 129 128
f 130 129 137
f 130 137 138
f 130 138 135
f 130 135 127
f 145 133 144
f 144 133 132
f 134 133 146
f 146 133 145
f 131 134 146
f 131 146 143
f 136 128 135
f 135 128 127
f 138 137 136
f 138 136 135
f 123 139 124
f 124 139 140
f 140 139 142
f 140 142 141
f 131 143 144
f 131 144 132
f 146 145 143
f 143 145 144
f 148 120 119
f 148 119 147
f 148 147 149
f 149 147 150
f 167 151 166
f 166 151 160
f 158 175 172
f 158 172 151
f 179 152 178
f 178 152 161
f 183 180 152
f 183 152 14
f 187 153 186
f 186 153 162
f 188 153 191
f 191 153 155
f 163 189 154
f 154 189 190
f 6 192 193
f 6 193 154
f 153 187 155
f 155 187 184
f 154 190 191
f 154 191 155
f 162 181 156
f 156 181 182
f 155 184 185
f 155 185 156
f 174 157 161
f 174 161 173
f 14 176 177
f 14 177 157
f 164 158 151
f 164 151 167
f 157 174 175
f 157 175 158
f 158 164 165
f 158 165 159
f 170 159 160
f 170 160 169
f 159 165 166
f 159 166 160
f 169 160 168
f 168 160 3
f 173 161 172
f 172 161 151
f 157 177 178
f 157 178 161
f 181 162 180
f 180 162 152
f 186 162 185
f 185 162 156
f 189 163 188
f 188 163 153
f 194 163 193
f 193 163 154
f 224 164 227
f 227 164 167
f 224 225 165
f 224 165 164
f 165 225 226
f 165 226 166
f 226 227 167
f 226 167 166
f 171 223 220
f 171 220 168
f 220 221 169
f 220 169 168
f 222 170 221
f 221 170 169
f 222 223 171
f 222 171 170
f 175 219 216
f 175 216 172
f 216 217 173
f 216 173 172
f 218 174 217
f 217 174 173
f 218 219 175
f 218 175 174
f 212 176 215
f 215 176 179
f 212 213 177
f 212 177 176
f 177 213 214
f 177 214 178
f 214 215 179
f 214 179 178
f 183 211 208
f 183 208 180
f 208 209 181
f 208 181 180
f 210 182 209
f 209 182 181
f 210 211 183
f 210 183 182
f 204 184 207
f 207 184 187
f 204 205 185
f 204 185 184
f 185 205 206
f 185 206 186
f 206 207 187
f 206 187 186
f 191 203 200
f 191 200 188
f 200 201 189
f 200 189 188
f 202 190 201
f 201 190 189
f 202 203 191
f 202 191 190
f 196 192 199
f 199 192 195
f 196 197 193
f 196 193 192
f 193 197 198
f 193 198 194
f 198 199 195
f 198 195 194
f 197 245 246
f 197 246 198
f 247 199 246
f 246 199 198
f 244 196 247
f 247 196 199
f 234 202 233
f 233 202 201
f 234 235 203
f 234 203 202
f 203 235 232
f 203 232 200
f 205 241 242
f 205 242 206
f 243 207 242
f 242 207 206
f 240 204 243
f 243 204 207
f 258 210 257
f 257 210 209
f 258 259 211
f 258 211 210
f 211 259 256
f 211 256 208
f 213 237 238
f 213 238 214
f 239 215 238
f 238 215 214
f 236 212 239
f 239 212 215
f 230 218 229
f 229 218 217
f 230 231 219
f 230 219 218
f 219 231 228
f 219 228 216
f 254 222 253
f 253 222 221
f 254 255 223
f 254 223 222
f 223 255 252
f 223 252 220
f 225 249 250
f 225 250 226
f 251 227 250
f 250 227 226
f 248 224 251
f 251 224 227
f 229 217 228
f 228 217 216
f 230 229 231
f 231 229 228
f 233 201 232
f 232 201 200
f 234 233 232
f 234 232 235
f 236 237 213
f 236 213 212
f 236 239 237
f 237 239 238
f 240 241 205
f 240 205 204
f 240 243 242
f 240 242 241
f 244 245 197
f 244 197 196
f 247 246 244
f 244 246 245
f 248 249 225
f 248 225 224
f 248 251 249
f 249 251 250
f 253 221 252
f 252 221 220
f 255 254 253
f 255 253 252
f 257 209 256
f 256 209 208
f 258 257 256
f 258 256 259
f 261 262 260
f 333 332 262
f 262 332 260
f 269 338 333
f 269 333 262
f 264 265 263
f 265 260 332
f 265 332 335
f 268 266 267
f 263 268 264
f 264 268 267
f 264 267 80
f 80 267 70
f 337 268 334
f 334 268 263
f 270 266 336
f 270 336 339
f 270 269 271
f 274 272 273
f 281 330 325
f 281 325 274
f 277 275 276
f 324 327 277
f 324 277 272
f 279 280 278
f 329 280 326
f 326 280 275
f 328 331 282
f 328 282 278
f 282 281 283
f 285 286 284
f 317 316 286
f 286 316 284
f 293 322 317
f 293 317 286
f 288 289 287
f 288 8 289
f 289 8 284
f 284 8 285
f 285 8 77
f 285 77 76
f 316 319 289
f 316 289 284
f 291 292 290
f 321 292 318
f 318 292 287
f 295 294 293
f 320 323 294
f 320 294 290
f 298 296 297
f 305 314 309
f 305 309 298
f 301 299 300
f 311 310 299
f 311 299 301
f 301 296 308
f 301 308 311
f 303 304 302
f 313 304 310
f 310 304 299
f 307 306 305
f 306 302 312
f 306 312 315
f 309 308 298
f 298 308 296
f 309 314 315
f 309 315 308
f 308 315 311
f 311 315 312
f 311 312 313
f 311 313 310
f 302 304 312
f 312 304 313
f 305 306 315
f 305 315 314
f 321 318 320
f 320 318 319
f 320 319 316
f 320 316 323
f 323 316 317
f 323 317 322
f 319 318 287
f 319 287 289
f 290 292 320
f 320 292 321
f 323 322 293
f 323 293 294
f 325 324 272
f 325 272 274
f 329 326 328
f 328 326 327
f 328 327 324
f 328 324 331
f 331 324 325
f 331 325 330
f 327 326 275
f 327 275 277
f 329 328 278
f 329 278 280
f 281 282 331
f 281 331 330
f 333 338 339
f 333 339 332
f 332 339 335
f 335 339 336
f 335 336 337
f 335 337 334
f 263 265 335
f 263 335 334
f 266 268 337
f 266 337 336
f 269 270 339
f 269 339 338
f 340 341 344
f 340 344 343
f 353 340 352
f 352 340 343
f 420 421 340
f 420 340 349
f 341 342 345
f 341 345 344
f 421 422 341
f 421 341 340
f 342 347 355
f 342 355 356
f 422 423 342
f 422 342 341
f 351 352 343
f 351 343 348
f 342 356 357
f 342 357 345
f 357 354 346
f 357 346 345
f 355 347 354
f 354 347 346
f 423 424 347
f 423 347 342
f 349 350 351
f 349 351 348
f 349 340 353
f 349 353 350
f 419 420 349
f 419 349 68
f 353 365 362
f 353 362 350
f 351 350 362
f 351 362 363
f 364 352 351
f 364 351 363
f 353 352 365
f 365 352 364
f 358 354 357
f 358 357 361
f 355 354 359
f 359 354 358
f 355 359 360
f 355 360 356
f 357 356 360
f 357 360 361
f 359 367 368
f 359 368 360
f 360 368 369
f 360 369 361
f 369 366 358
f 369 358 361
f 371 372 364
f 371 364 363
f 373 365 364
f 373 364 372
f 365 373 370
f 365 370 362
f 381 378 366
f 381 366 369
f 367 359 366
f 366 359 358
f 379 367 378
f 378 367 366
f 368 367 379
f 368 379 380
f 368 380 381
f 368 381 369
f 370 373 377
f 370 377 374
f 362 370 371
f 362 371 363
f 370 374 375
f 370 375 371
f 375 376 372
f 375 372 371
f 377 373 376
f 376 373 372
f 377 389 386
f 377 386 374
f 386 387 374
f 374 387 375
f 388 376 375
f 388 375 387
f 388 389 377
f 388 377 376
f 382 378 381
f 382 381 385
f 382 383 379
f 382 379 378
f 379 383 384
f 379 384 380
f 384 385 380
f 380 385 381
f 384 383 382
f 384 382 385
f 386 389 388
f 386 388 387
f 61 393 390
f 393 392 390
f 392 391 390
f 391 390 390
f 390 391 390
f 61 390 390
f 390 391 390
f 391 390 390
f 390 391 390
f 391 409 408
f 391 408 390
f 392 396 397
f 392 397 391
f 393 413 412
f 393 412 392
f 396 394 398
f 396 398 397
f 401 395 394
f 401 394 396
f 401 396 411
f 411 396 412
f 412 396 392
f 397 400 410
f 397 410 409
f 397 409 391
f 407 405 395
f 395 405 398
f 395 398 394
f 405 399 398
f 405 404 399
f 405 403 404
f 398 399 400
f 398 400 397
f 399 404 400
f 400 404 410
f 407 395 401
f 407 401 411
f 410 404 408
f 408 404 402
f 402 404 403
f 407 406 405
f 410 408 409
f 413 411 412
f 413 406 407
f 413 407 411
f 414 435 434
f 414 434 433
f 414 433 432
f 414 432 431
f 414 431 430
f 414 430 429
f 414 429 428
f 414 428 427
f 414 427 416
f 427 428 418
f 418 428 419
f 428 429 419
f 419 429 420
f 429 430 421
f 429 421 420
f 430 431 422
f 430 422 421
f 431 432 423
f 431 423 422
f 432 433 424
f 432 424 423
f 433 434 425
f 433 425 424
f 434 435 426
f 434 426 425
f 414 415 426
f 414 426 435
f 427 418 416
f 416 418 417
o Cylinder2
v 0 0.576633 0.334898
v 0.12816 0.576633 0.309405
v 0.236809 0.576633 0.236809
v 0.309405 0.576633 0.12816
v 0.334898 0.576633 0
v 0.309405 0.576633 -0.12816
v 0.236809 0.576633 -0.236809
v 0.12816 0.576633 -0.309405
v 0 0.576633 -0.334898
v -0.12816 0.576633 -0.309405
v -0.236809 0.576633 -0.236809
v -0.309405 0.576633 -0.12816
v -0.334898 0.576633 0
v -0.309405 0.576633 0.12816
v -0.236809 0.576633 0.236809
v -0.12816 0.576633 0.309405
v 0.218785 1.271429 0.218785
v 0.285856 1.271429 0.118405
v 0.309408 1.271429 0
v 0.285856 1.271429 -0.118405
v 0.218785 1.271429 -0.218785
v -0.218785 1.271429 -0.218785
v -0.285856 1.271429 -0.118405
v -0.309408 1.271429 0
v -0.285856 1.271429 0.118405
v -0.218785 1.271429 0.218785
v 0.236809 1.246429 0.236809
v 0.309405 1.246429 0.12816
v 0.334898 1.246429 0
v 0.309405 1.246429 -0.12816
v 0.236809 1.246429 -0.236809
v -0.236809 1.246429 -0.236809
v -0.309405 1.246429 -0.12816
v -0.334898 1.246429 0
v -0.309405 1.246429 0.12816
v -0.236809 1.246429 0.236809
v -0.21344 1.271429 0.222355
v -0.21344 1.271429 -0.222355
v -0.12816 0.772276 -0.309405
v -0.21344 1.246429 -0.252423
v 0.12816 0.772276 -0.309405
v 0 0.772276 -0.334898
v -0.21344 1.246429 0.252423
v -0.12816 0.772276 0.309405
v 0 0.772276 0.334898
v 0.12816 0.772276 0.309405
v 0.21344 1.271429 -0.222355
v 0.21344 1.246429 -0.252423
v 0.21344 1.246429 0.252423
v 0.21344 1.271429 0.222355
v 0.21344 0.772276 0.252423
v 0.21344 0.772276 -0.252423
v -0.21344 0.772276 0.252423
v -0.21344 0.772276 -0.252423
v -0.21344 0.772276 -0.252423
v -0.21344 0.772276 0.252423
v 0.21344 0.772276 -0.252423
v 0.21344 0.772276 0.252423
v -0.21344 1.271429 0.222355
v -0.21344 1.271429 -0.222355
v -0.12816 0.772276 -0.309405
v -0.21344 1.246429 -0.252423
v 0.12816 0.772276 -0.309405
v 0 0.772276 -0.334898
v -0.21344 1.246429 0.252423
v -0.12816 0.772276 0.309405
v 0 0.772276 0.334898
v 0.12816 0.772276 0.309405
v 0.21344 1.271429 -0.222355
v 0.21344 1.246429 -0.252423
v 0.21344 1.246429 0.252423
v 0.21344 1.271429 0.222355
f 462 452 485
f 462 485 484
f 463 453 462
f 462 453 452
f 464 454 463
f 463 454 453
f 454 464 465
f 454 465 455
f 455 465 466
f 455 466 456
f 456 466 483
f 456 483 482
f 457 467 458
f 458 467 468
f 458 468 459
f 459 468 469
f 470 460 459
f 470 459 469
f 471 461 460
f 471 460 470
f 454 455 453
f 453 455 456
f 453 456 452
f 452 456 482
f 452 482 485
f 440 439 441
f 441 439 438
f 441 438 442
f 442 438 437
f 442 437 443
f 443 437 436
f 443 436 444
f 444 436 451
f 444 451 445
f 445 451 450
f 445 450 446
f 446 450 449
f 446 449 447
f 447 449 448
f 481 480 436
f 481 436 437
f 462 438 439
f 462 439 463
f 463 439 440
f 463 440 464
f 464 440 441
f 464 441 465
f 465 441 442
f 465 442 466
f 477 476 443
f 477 443 444
f 447 468 467
f 447 467 446
f 448 469 468
f 448 468 447
f 449 470 469
f 449 469 448
f 450 471 470
f 450 470 449
f 478 471 488
f 488 471 450
f 479 488 450
f 479 450 451
f 462 484 486
f 486 481 437
f 462 486 438
f 486 437 438
f 483 466 487
f 487 466 442
f 476 487 442
f 476 442 443
f 467 475 489
f 489 474 445
f 467 489 446
f 489 445 446
f 474 477 444
f 474 444 445
f 473 475 457
f 457 475 467
f 478 472 461
f 478 461 471
f 472 473 457
f 472 457 461
f 461 457 458
f 461 458 460
f 460 458 459
f 480 479 451
f 480 451 436
f 486 487 476
f 486 476 481
f 481 476 480
f 480 476 477
f 480 477 474
f 480 474 479
f 479 474 489
f 479 489 488
f 478 488 472
f 472 488 473
f 473 488 489
f 473 489 475
f 486 484 485
f 486 485 482
f 486 482 483
f 486 483 487
o NoName3
v -0.525589 0.503375 0.237049
v -0.209778 0.503375 0.55286
v -0.209778 0.503375 -0.55286
v -0.525589 0.503375 -0.237049
v 0.525589 0.503375 -0.237049
v 0.209778 0.503375 -0.55286
v 0.209778 0.503375 0.55286
v 0.525589 0.503375 0.237049
v -0.525589 0.622771 0.237049
v -0.209778 0.622771 0.55286
v -0.209778 0.62277 -0.55286
v -0.525589 0.62277 -0.237049
v 0.525589 0.62277 -0.237049
v 0.209778 0.62277 -0.55286
v 0.209778 0.622771 0.55286
v 0.525589 0.622771 0.237049
v 0.189719 0.671197 0.504433
v -0.189719 0.671197 0.504433
v -0.477162 0.671197 0.21699
v -0.477162 0.671197 -0.21699
v -0.189719 0.671197 -0.504433
v 0.189719 0.671197 -0.504433
v 0.477162 0.671197 -0.21699
v 0.477162 0.671197 0.21699
v 0.169164 0.671197 0.454808
v -0.169164 0.671197 0.454808
v -0.427537 0.671197 0.196435
v -0.427537 0.671197 -0.196435
v -0.169164 0.671197 -0.454808
v 0.169164 0.671197 -0.454808
v 0.427537 0.671197 -0.196435
v 0.427537 0.671197 0.196435
v 0.169164 0.612751 0.454808
v -0.169164 0.612751 0.454808
v -0.427537 0.612751 0.196435
v -0.427537 0.612751 -0.196435
v -0.169164 0.612751 -0.454808
v 0.169164 0.612751 -0.454808
v 0.427537 0.612751 -0.196435
v 0.427537 0.612751 0.196435
v 0.160863 0.592713 0.43477
v -0.160863 0.592713 0.43477
v -0.407499 0.592713 0.188134
v -0.407499 0.592713 -0.188134
v -0.160863 0.592713 -0.43477
v 0.160863 0.592713 -0.43477
v 0.407499 0.592713 -0.188134
v 0.407499 0.592713 0.188134
f 509 514 522
f 509 522 517
f 518 510 511
f 518 511 519
f 519 511 508
f 519 508 516
f 513 510 518
f 513 518 521
f 512 515 514
f 512 514 513
f 513 514 509
f 513 509 510
f 510 509 508
f 510 508 511
f 515 523 522
f 515 522 514
f 512 520 523
f 512 523 515
f 516 508 509
f 516 509 517
f 517 525 526
f 517 526 516
f 528 518 527
f 527 518 519
f 513 521 520
f 513 520 512
f 530 520 521
f 530 521 529
f 523 531 522
f 522 531 524
f 531 539 524
f 524 539 532
f 522 524 525
f 522 525 517
f 524 532 533
f 524 533 525
f 525 533 534
f 525 534 526
f 527 519 526
f 526 519 516
f 534 535 527
f 534 527 526
f 536 528 535
f 535 528 527
f 529 521 528
f 528 521 518
f 537 529 536
f 536 529 528
f 538 530 529
f 538 529 537
f 520 530 531
f 520 531 523
f 531 530 538
f 531 538 539
f 547 540 532
f 547 532 539
f 540 541 533
f 540 533 532
f 541 542 534
f 541 534 533
f 543 535 534
f 543 534 542
f 543 544 536
f 543 536 535
f 544 545 537
f 544 537 536
f 545 546 538
f 545 538 537
f 538 546 547
f 538 547 539
f 541 549 550
f 541 550 542
f 550 551 543
f 550 543 542
f 552 544 551
f 551 544 543
f 553 545 552
f 552 545 544
f 554 546 545
f 554 545 553
f 547 546 554
f 547 554 555
f 547 555 540
f 540 555 548
f 540 548 549
f 540 549 541
f 555 554 553
f 555 553 548
f 548 553 552
f 548 552 549
f 549 552 551
f 549 551 550
o Cylinder3
v -0.425221 0.070772 -2.914283
v -0.370772 0.059957 -2.914283
v -0.324622 0.029165 -2.914283
v -0.293794 -0.016906 -2.914283
v -0.282971 -0.071239 -2.914283
v -0.293794 -0.125573 -2.914283
v -0.324622 -0.171644 -2.914283
v -0.370772 -0.202436 -2.914283
v -0.425221 -0.213251 -2.914283
v -0.47967 -0.202436 -2.914283
v -0.52582 -0.171644 -2.914283
v -0.556648 -0.125573 -2.914283
v -0.567471 -0.071239 -2.914283
v -0.556648 -0.016906 -2.914283
v -0.52582 0.029165 -2.914283
v -0.47967 0.059957 -2.914283
v -0.425221 0.070772 -3.509761
v -0.370772 0.059957 -3.509761
v -0.324622 0.029165 -3.509761
v -0.293794 -0.016906 -3.509761
v -0.282971 -0.071239 -3.509761
v -0.293794 -0.125573 -3.509761
v -0.324622 -0.171644 -3.509761
v -0.370772 -0.202436 -3.509761
v -0.425221 -0.213251 -3.509761
v -0.47967 -0.202436 -3.509761
v -0.52582 -0.171644 -3.509761
v -0.556648 -0.125573 -3.509761
v -0.567471 -0.071239 -3.509761
v -0.556648 -0.016906 -3.509761
v -0.52582 0.029165 -3.509761
v -0.47967 0.059957 -3.509761
v -0.489413 0.083511 -3.484761
v -0.425221 0.096261 -3.484761
v -0.361029 0.083511 -3.484761
v -0.30661 0.047201 -3.484761
v -0.270249 -0.00714 -3.484761
v -0.25748 -0.071239 -3.484761
v -0.270249 -0.135339 -3.484761
v -0.30661 -0.18968 -3.484761
v -0.361029 -0.225989 -3.484761
v -0.425221 -0.238739 -3.484761
v -0.489413 -0.225989 -3.484761
v -0.543832 -0.18968 -3.484761
v -0.580193 -0.135339 -3.484761
v -0.592962 -0.071239 -3.484761
v -0.580193 -0.00714 -3.484761
v -0.543832 0.047201 -3.484761
v -0.425221 0.096261 -2.939283
v -0.489413 0.083511 -2.939283
v -0.543832 0.047201 -2.939283
v -0.580193 -0.00714 -2.939283
v -0.592962 -0.071239 -2.939283
v -0.580193 -0.135339 -2.939284
v -0.543832 -0.18968 -2.939284
v -0.489413 -0.225989 -2.939284
v -0.425221 -0.238739 -2.939284
v -0.361029 -0.225989 -2.939284
v -0.30661 -0.18968 -2.939284
v -0.270249 -0.135339 -2.939284
v -0.25748 -0.071239 -2.939283
v -0.270249 -0.00714 -2.939283
v -0.30661 0.047201 -2.939283
v -0.361029 0.083511 -2.939283
f 590 573 572
f 590 572 589
f 591 574 590
f 590 574 573
f 592 575 591
f 591 575 574
f 592 593 576
f 592 576 575
f 593 594 576
f 576 594 577
f 577 594 595
f 577 595 578
f 578 595 596
f 578 596 579
f 579 596 597
f 579 597 580
f 580 597 581
f 581 597 598
f 581 598 582
f 582 598 599
f 582 599 583
f 583 599 600
f 584 583 600
f 584 600 601
f 585 584 602
f 602 584 601
f 603 586 585
f 603 585 602
f 588 587 586
f 588 586 603
f 589 572 587
f 589 587 588
f 576 577 575
f 575 577 578
f 575 578 574
f 574 578 579
f 574 579 573
f 573 579 572
f 572 579 580
f 572 580 581
f 572 581 587
f 587 581 582
f 587 582 586
f 586 582 583
f 586 583 585
f 585 583 584
f 560 559 561
f 561 559 558
f 561 558 562
f 562 558 557
f 562 557 563
f 563 557 556
f 563 556 564
f 564 556 571
f 564 571 565
f 565 571 570
f 565 570 566
f 566 570 569
f 566 569 567
f 567 569 568
f 556 604 571
f 571 604 605
f 557 619 604
f 557 604 556
f 558 618 619
f 558 619 557
f 559 617 618
f 559 618 558
f 616 617 560
f 560 617 559
f 615 616 560
f 615 560 561
f 615 561 614
f 614 561 562
f 614 562 613
f 613 562 563
f 613 563 564
f 613 564 612
f 612 564 565
f 612 565 611
f 611 565 566
f 611 566 610
f 610 566 567
f 610 567 609
f 567 568 609
f 609 568 608
f 568 569 607
f 568 607 608
f 570 606 569
f 569 606 607
f 571 605 570
f 570 605 606
f 589 588 605
f 589 605 604
f 588 603 606
f 588 606 605
f 606 603 602
f 606 602 607
f 607 602 601
f 607 601 608
f 608 601 600
f 608 600 609
f 609 600 599
f 609 599 610
f 599 598 611
f 599 611 610
f 598 597 612
f 598 612 611
f 597 596 613
f 597 613 612
f 596 595 614
f 596 614 613
f 594 615 614
f 594 614 595
f 593 616 615
f 593 615 594
f 592 617 616
f 592 616 593
f 591 618 617
f 591 617 592
f 591 590 619
f 591 619 618
f 590 589 604
f 590 604 619
o Cylinder
v -0.425221 0.040917 -2.969581
v -0.382301 0.03238 -2.969581
v -0.345914 0.008067 -2.969581
v -0.321602 -0.028319 -2.969581
v -0.313064 -0.071239 -2.969581
v -0.321602 -0.11416 -2.969581
v -0.345914 -0.150546 -2.969581
v -0.382301 -0.174859 -2.969581
v -0.425221 -0.183396 -2.969581
v -0.468141 -0.174859 -2.969581
v -0.504528 -0.150546 -2.969581
v -0.52884 -0.11416 -2.969581
v -0.537378 -0.071239 -2.969581
v -0.52884 -0.028319 -2.969581
v -0.504528 0.008067 -2.969581
v -0.468141 0.03238 -2.969581
v -0.425221 0.040917 -4.892988
v -0.382301 0.03238 -4.892988
v -0.345914 0.008067 -4.892988
v -0.321602 -0.028319 -4.892988
v -0.313064 -0.071239 -4.892988
v -0.321602 -0.11416 -4.892988
v -0.345914 -0.150546 -4.892988
v -0.382301 -0.174859 -4.892988
v -0.425221 -0.183396 -4.892988
v -0.468141 -0.174859 -4.892988
v -0.504528 -0.150546 -4.892988
v -0.52884 -0.11416 -4.892988
v -0.537378 -0.071239 -4.892988
v -0.52884 -0.028319 -4.892988
v -0.504528 0.008067 -4.892988
v -0.468141 0.03238 -4.892988
f 637 636 620
f 637 620 621
f 638 637 621
f 638 621 622
f 638 622 623
f 638 623 639
f 639 623 624
f 639 624 640
f 640 624 625
f 640 625 641
f 641 625 626
f 641 626 642
f 643 642 626
f 643 626 627
f 644 643 627
f 644 627 628
f 645 644 628
f 645 628 629
f 646 645 629
f 646 629 630
f 631 647 646
f 631 646 630
f 632 648 647
f 632 647 631
f 633 649 648
f 633 648 632
f 634 650 649
f 634 649 633
f 651 650 634
f 651 634 635
f 636 651 635
f 636 635 620
f 640 641 639
f 639 641 642
f 639 642 638
f 638 642 643
f 638 643 637
f 637 643 636
f 636 643 644
f 636 644 645
f 636 645 651
f 651 645 646
f 651 646 650
f 650 646 647
f 650 647 649
f 649 647 648
f 624 623 625
f 625 623 622
f 625 622 626
f 626 622 621
f 626 621 627
f 627 621 620
f 627 620 628
f 628 620 635
f 628 635 629
f 629 635 634
f 629 634 630
f 630 634 633
f 630 633 631
f 631 633 632
o Cylinder5
v -0.425221 0.104028 -4.426558
v -0.360066 0.09107 -4.426558
v -0.30399 0.053609 -4.426558
v -0.265898 -0.003388 -4.426558
v -0.252399 -0.071239 -4.426558
v -0.265898 -0.139091 -4.426558
v -0.30399 -0.196088 -4.426558
v -0.360066 -0.233549 -4.426558
v -0.425221 -0.246506 -4.426558
v -0.490377 -0.233549 -4.426558
v -0.546452 -0.196088 -4.426558
v -0.584544 -0.139091 -4.426558
v -0.598043 -0.071239 -4.426558
v -0.584544 -0.003388 -4.426558
v -0.546452 0.053609 -4.426558
v -0.490377 0.09107 -4.426558
v -0.425221 0.081986 -4.550616
v -0.371397 0.071282 -4.550616
v -0.323669 0.039398 -4.550616
v -0.29022 -0.010654 -4.550616
v -0.278166 -0.071239 -4.550616
v -0.29022 -0.131825 -4.550616
v -0.323669 -0.181876 -4.550615
v -0.371397 -0.21376 -4.550615
v -0.425221 -0.224464 -4.550615
v -0.479045 -0.21376 -4.550615
v -0.526773 -0.181876 -4.550615
v -0.560223 -0.131825 -4.550616
v -0.572276 -0.071239 -4.550616
v -0.560223 -0.010654 -4.550616
v -0.526773 0.039398 -4.550616
v -0.479045 0.071282 -4.550616
v -0.497931 0.104263 -4.514857
v -0.425221 0.118723 -4.514857
v -0.352511 0.104263 -4.514857
v -0.290871 0.063084 -4.514857
v -0.249684 0.001456 -4.514857
v -0.235221 -0.071239 -4.514857
v -0.249684 -0.143935 -4.514857
v -0.290871 -0.205563 -4.514857
v -0.352511 -0.246741 -4.514857
v -0.425221 -0.261201 -4.514857
v -0.497931 -0.246741 -4.514857
v -0.559571 -0.205563 -4.514857
v -0.600758 -0.143935 -4.514857
v -0.615221 -0.071239 -4.514857
v -0.600758 0.001456 -4.514857
v -0.559571 0.063084 -4.514857
v -0.425221 0.118722 -4.440861
v -0.497931 0.104262 -4.440861
v -0.559571 0.063084 -4.440861
v -0.600758 0.001456 -4.440861
v -0.615221 -0.071239 -4.440861
v -0.600758 -0.143935 -4.440861
v -0.559571 -0.205563 -4.440861
v -0.497931 -0.246741 -4.440861
v -0.425221 -0.261201 -4.440861
v -0.352511 -0.246741 -4.440861
v -0.290871 -0.205563 -4.440861
v -0.249684 -0.143935 -4.440861
v -0.235221 -0.071239 -4.440861
v -0.249684 0.001456 -4.440861
v -0.290871 0.063084 -4.440861
v -0.352511 0.104262 -4.440861
f 669 668 685
f 669 685 686
f 670 669 686
f 670 686 687
f 670 687 688
f 670 688 671
f 671 688 672
f 672 688 689
f 672 689 673
f 673 689 690
f 673 690 674
f 674 690 691
f 675 674 691
f 675 691 692
f 676 675 692
f 676 692 693
f 677 676 693
f 677 693 694
f 678 677 694
f 678 694 695
f 696 679 678
f 696 678 695
f 697 680 679
f 697 679 696
f 698 681 680
f 698 680 697
f 699 682 698
f 698 682 681
f 683 682 699
f 683 699 684
f 668 683 684
f 668 684 685
f 672 673 671
f 671 673 674
f 671 674 670
f 670 674 675
f 670 675 669
f 669 675 668
f 668 675 676
f 668 676 677
f 668 677 683
f 683 677 678
f 683 678 682
f 682 678 679
f 682 679 681
f 681 679 680
f 656 655 657
f 657 655 654
f 657 654 658
f 658 654 653
f 658 653 659
f 659 653 652
f 659 652 660
f 660 652 667
f 660 667 661
f 661 667 666
f 661 666 662
f 662 666 665
f 662 665 663
f 663 665 664
f 700 701 652
f 652 701 667
f 715 700 652
f 715 652 653
f 714 715 653
f 714 653 654
f 714 654 713
f 713 654 655
f 713 655 712
f 712 655 656
f 712 656 657
f 712 657 711
f 711 657 658
f 711 658 710
f 709 710 658
f 709 658 659
f 708 709 659
f 708 659 660
f 707 708 661
f 661 708 660
f 706 707 662
f 662 707 661
f 663 705 662
f 662 705 706
f 664 704 663
f 663 704 705
f 665 703 704
f 665 704 664
f 666 702 703
f 666 703 665
f 701 702 667
f 667 702 666
f 685 684 701
f 685 701 700
f 684 699 702
f 684 702 701
f 702 699 698
f 702 698 703
f 703 698 697
f 703 697 704
f 704 697 696
f 704 696 705
f 705 696 695
f 705 695 706
f 695 694 707
f 695 707 706
f 694 693 708
f 694 708 707
f 693 692 709
f 693 709 708
f 692 691 710
f 692 710 709
f 690 711 710
f 690 710 691
f 689 712 711
f 689 711 690
f 688 713 712
f 688 712 689
f 687 714 713
f 687 713 688
f 687 686 715
f 687 715 714
f 686 685 700
f 686 700 715
o Cylinder4
v -0.425221 0.104028 -4.60617
v -0.360066 0.09107 -4.60617
v -0.30399 0.053609 -4.60617
v -0.265898 -0.003388 -4.60617
v -0.252399 -0.071239 -4.60617
v -0.265898 -0.139091 -4.60617
v -0.30399 -0.196088 -4.60617
v -0.360066 -0.233549 -4.60617
v -0.425221 -0.246506 -4.60617
v -0.490377 -0.233549 -4.60617
v -0.546452 -0.196088 -4.60617
v -0.584544 -0.139091 -4.60617
v -0.598043 -0.071239 -4.60617
v -0.584544 -0.003388 -4.60617
v -0.546452 0.053609 -4.60617
v -0.490377 0.09107 -4.60617
v -0.425221 0.081986 -4.730228
v -0.371397 0.071282 -4.730228
v -0.323669 0.039398 -4.730228
v -0.29022 -0.010654 -4.730228
v -0.278166 -0.071239 -4.730228
v -0.29022 -0.131825 -4.730228
v -0.323669 -0.181876 -4.730227
v -0.371397 -0.21376 -4.730227
v -0.425221 -0.224464 -4.730227
v -0.479045 -0.21376 -4.730227
v -0.526773 -0.181876 -4.730227
v -0.560223 -0.131825 -4.730228
v -0.572276 -0.071239 -4.730228
v -0.560223 -0.010654 -4.730228
v -0.526773 0.039398 -4.730228
v -0.479045 0.071282 -4.730228
v -0.497931 0.104263 -4.694469
v -0.425221 0.118723 -4.694469
v -0.352511 0.104263 -4.694469
v -0.290871 0.063084 -4.694469
v -0.249684 0.001456 -4.694469
v -0.235221 -0.071239 -4.694469
v -0.249684 -0.143935 -4.694469
v -0.290871 -0.205563 -4.694469
v -0.352511 -0.246741 -4.694469
v -0.425221 -0.261201 -4.694469
v -0.497931 -0.246741 -4.694469
v -0.559571 -0.205563 -4.694469
v -0.600758 -0.143935 -4.694469
v -0.615221 -0.071239 -4.694469
v -0.600758 0.001456 -4.694469
v -0.559571 0.063084 -4.694469
v -0.425221 0.118722 -4.620473
v -0.497931 0.104262 -4.620473
v -0.559571 0.063084 -4.620473
v -0.600758 0.001456 -4.620473
v -0.615221 -0.071239 -4.620473
v -0.600758 -0.143935 -4.620473
v -0.559571 -0.205563 -4.620473
v -0.497931 -0.246741 -4.620473
v -0.425221 -0.261201 -4.620473
v -0.352511 -0.246741 -4.620473
v -0.290871 -0.205563 -4.620473
v -0.249684 -0.143935 -4.620473
v -0.235221 -0.071239 -4.620473
v -0.249684 0.001456 -4.620473
v -0.290871 0.063084 -4.620473
v -0.352511 0.104262 -4.620473
f 733 732 749
f 733 749 750
f 734 733 750
f 734 750 751
f 734 751 752
f 734 752 735
f 735 752 736
f 736 752 753
f 736 753 737
f 737 753 754
f 737 754 738
f 738 754 755
f 739 738 755
f 739 755 756
f 740 739 756
f 740 756 757
f 741 740 757
f 741 757 758
f 742 741 758
f 742 758 759
f 760 743 742
f 760 742 759
f 761 744 743
f 761 743 760
f 762 745 744
f 762 744 761
f 763 746 762
f 762 746 745
f 747 746 763
f 747 763 748
f 732 747 748
f 732 748 749
f 736 737 735
f 735 737 738
f 735 738 734
f 734 738 739
f 734 739 733
f 733 739 732
f 732 739 740
f 732 740 741
f 732 741 747
f 747 741 742
f 747 742 746
f 746 742 743
f 746 743 745
f 745 743 744
f 720 719 721
f 721 719 718
f 721 718 722
f 722 718 717
f 722 717 723
f 723 717 716
f 723 716 724
f 724 716 731
f 724 731 725
f 725 731 730
f 725 730 726
f 726 730 729
f 726 729 727
f 727 729 728
f 764 765 716
f 716 765 731
f 779 764 716
f 779 716 717
f 778 779 717
f 778 717 718
f 778 718 777
f 777 718 719
f 777 719 776
f 776 719 720
f 776 720 721
f 776 721 775
f 775 721 722
f 775 722 774
f 773 774 722
f 773 722 723
f 772 773 723
f 772 723 724
f 771 772 725
f 725 772 724
f 770 771 726
f 726 771 725
f 727 769 726
f 726 769 770
f 728 768 727
f 727 768 769
f 729 767 768
f 729 768 728
f 730 766 767
f 730 767 729
f 765 766 731
f 731 766 730
f 749 748 765
f 749 765 764
f 748 763 766
f 748 766 765
f 766 763 762
f 766 762 767
f 767 762 761
f 767 761 768
f 768 761 760
f 768 760 769
f 769 760 759
f 769 759 770
f 759 758 771
f 759 771 770
f 758 757 772
f 758 772 771
f 757 756 773
f 757 773 772
f 756 755 774
f 756 774 773
f 754 775 774
f 754 774 755
f 753 776 775
f 753 775 754
f 752 777 776
f 752 776 753
f 751 778 777
f 751 777 752
f 751 750 779
f 751 779 778
f 750 749 764
f 750 764 779
o Cylinder2001
v -0.425221 0.070772 -4.794249
v -0.370772 0.059957 -4.794249
v -0.324622 0.029165 -4.794249
v -0.293794 -0.016906 -4.794249
v -0.282971 -0.071239 -4.794249
v -0.293794 -0.125573 -4.794249
v -0.324622 -0.171644 -4.794249
v -0.370772 -0.202436 -4.794249
v -0.425221 -0.213251 -4.794249
v -0.47967 -0.202436 -4.794249
v -0.52582 -0.171644 -4.794249
v -0.556648 -0.125573 -4.794249
v -0.567471 -0.071239 -4.794249
v -0.556648 -0.016906 -4.794249
v -0.52582 0.029165 -4.794249
v -0.47967 0.059957 -4.794249
v -0.425221 0.070772 -5.389727
v -0.370772 0.059957 -5.389727
v -0.324622 0.029165 -5.389727
v -0.293794 -0.016906 -5.389727
v -0.282971 -0.071239 -5.389727
v -0.293794 -0.125573 -5.389727
v -0.324622 -0.171644 -5.389727
v -0.370772 -0.202436 -5.389727
v -0.425221 -0.213251 -5.389727
v -0.47967 -0.202436 -5.389727
v -0.52582 -0.171644 -5.389727
v -0.556648 -0.125573 -5.389727
v -0.567471 -0.071239 -5.389727
v -0.556648 -0.016906 -5.389727
v -0.52582 0.029165 -5.389727
v -0.47967 0.059957 -5.389727
v -0.489413 0.083511 -5.364727
v -0.425221 0.096261 -5.364727
v -0.361029 0.083511 -5.364727
v -0.30661 0.047201 -5.364727
v -0.270249 -0.00714 -5.364727
v -0.25748 -0.071239 -5.364727
v -0.270249 -0.135339 -5.364727
v -0.30661 -0.18968 -5.364727
v -0.361029 -0.225989 -5.364727
v -0.425221 -0.238739 -5.364727
v -0.489413 -0.225989 -5.364727
v -0.543832 -0.18968 -5.364727
v -0.580193 -0.135339 -5.364727
v -0.592962 -0.071239 -5.364727
v -0.580193 -0.00714 -5.364727
v -0.543832 0.047201 -5.364727
v -0.425221 0.096261 -4.81925
v -0.489413 0.083511 -4.81925
v -0.543832 0.047201 -4.81925
v -0.580193 -0.00714 -4.81925
v -0.592962 -0.071239 -4.81925
v -0.580193 -0.135339 -4.81925
v -0.543832 -0.18968 -4.81925
v -0.489413 -0.225989 -4.81925
v -0.425221 -0.238739 -4.81925
v -0.361029 -0.225989 -4.81925
v -0.30661 -0.18968 -4.81925
v -0.270249 -0.135339 -4.81925
v -0.25748 -0.071239 -4.81925
v -0.270249 -0.00714 -4.81925
v -0.30661 0.047201 -4.81925
v -0.361029 0.083511 -4.81925
v -0.381013 0.035336 -5.389727
v -0.343534 0.01033 -5.389727
v -0.318492 -0.027094 -5.389727
v -0.309699 -0.071239 -5.389727
v -0.318492 -0.115384 -5.389727
v -0.343534 -0.152809 -5.389727
v -0.381013 -0.177815 -5.389727
v -0.425221 -0.186596 -5.389727
v -0.46943 -0.177815 -5.389727
v -0.506908 -0.152809 -5.389727
v -0.53195 -0.115384 -5.389727
v -0.540743 -0.071239 -5.389727
v -0.53195 -0.027094 -5.389727
v -0.506908 0.01033 -5.389727
v -0.425221 0.044117 -5.389727
v -0.46943 0.035336 -5.389727
v -0.425221 0.026563 -4.974875
v -0.387723 0.019115 -4.974875
v -0.355939 -0.002091 -4.974875
v -0.334708 -0.03382 -4.974875
v -0.327254 -0.071239 -4.974875
v -0.334708 -0.108659 -4.974875
v -0.355939 -0.140387 -4.974875
v -0.387723 -0.161594 -4.974875
v -0.425221 -0.169042 -4.974875
v -0.46272 -0.161594 -4.974875
v -0.494503 -0.140387 -4.974875
v -0.515734 -0.108659 -4.974875
v -0.523188 -0.071239 -4.974875
v -0.515734 -0.03382 -4.974875
v -0.494503 -0.002091 -4.974875
v -0.46272 0.019115 -4.974875
v -0.425221 0.044117 -4.999876
v -0.46943 0.035336 -4.999876
v -0.506908 0.01033 -4.999876
v -0.53195 -0.027094 -4.999876
v -0.540743 -0.071239 -4.999876
v -0.53195 -0.115384 -4.999876
v -0.506908 -0.152809 -4.999876
v -0.46943 -0.177815 -4.999876
v -0.425221 -0.186596 -4.999876
v -0.381013 -0.177815 -4.999876
v -0.343534 -0.152809 -4.999876
v -0.318492 -0.115384 -4.999876
v -0.309699 -0.071239 -4.999876
v -0.318492 -0.027094 -4.999876
v -0.343534 0.01033 -4.999876
v -0.381013 0.035336 -4.999876
v -0.46943 0.035336 -5.389727
v -0.425221 0.044117 -5.389727
v -0.506908 0.01033 -5.389727
v -0.53195 -0.027094 -5.389727
v -0.540743 -0.071239 -5.389727
v -0.53195 -0.115384 -5.389727
v -0.506908 -0.152809 -5.389727
v -0.46943 -0.177815 -5.389727
v -0.425221 -0.186596 -5.389727
v -0.381013 -0.177815 -5.389727
v -0.343534 -0.152809 -5.389727
v -0.318492 -0.115384 -5.389727
v -0.309699 -0.071239 -5.389727
v -0.318492 -0.027094 -5.389727
v -0.343534 0.01033 -5.389727
v -0.381013 0.035336 -5.389727
f 814 797 796
f 814 796 813
f 815 798 814
f 814 798 797
f 816 799 815
f 815 799 798
f 816 817 800
f 816 800 799
f 817 818 800
f 800 818 801
f 801 818 819
f 801 819 802
f 802 819 820
f 802 820 803
f 803 820 821
f 803 821 804
f 804 821 805
f 805 821 822
f 805 822 806
f 806 822 823
f 806 823 807
f 807 823 824
f 808 807 824
f 808 824 825
f 809 808 826
f 826 808 825
f 827 810 809
f 827 809 826
f 812 811 810
f 812 810 827
f 813 796 811
f 813 811 812
f 799 847 846
f 799 846 798
f 798 846 845
f 798 845 797
f 797 845 844
f 797 844 858
f 797 858 796
f 796 858 859
f 796 859 811
f 811 859 857
f 811 857 810
f 810 857 856
f 810 856 855
f 810 855 807
f 810 807 809
f 809 807 808
f 800 801 799
f 799 801 847
f 847 801 848
f 848 801 802
f 848 802 849
f 849 802 803
f 849 803 850
f 850 803 851
f 851 803 804
f 851 804 852
f 852 804 805
f 852 805 853
f 853 805 806
f 853 806 854
f 854 806 855
f 855 806 807
f 784 783 785
f 785 783 782
f 785 782 786
f 786 782 781
f 786 781 787
f 787 781 780
f 787 780 788
f 788 780 795
f 788 795 789
f 789 795 794
f 789 794 790
f 790 794 793
f 790 793 791
f 791 793 792
f 780 828 795
f 795 828 829
f 781 843 828
f 781 828 780
f 782 842 843
f 782 843 781
f 783 841 842
f 783 842 782
f 840 841 784
f 784 841 783
f 839 840 784
f 839 784 785
f 839 785 838
f 838 785 786
f 838 786 837
f 837 786 787
f 837 787 788
f 837 788 836
f 836 788 789
f 836 789 835
f 835 789 790
f 835 790 834
f 834 790 791
f 834 791 833
f 791 792 833
f 833 792 832
f 792 793 831
f 792 831 832
f 794 830 793
f 793 830 831
f 795 829 794
f 794 829 830
f 813 812 829
f 813 829 828
f 812 827 830
f 812 830 829
f 830 827 826
f 830 826 831
f 831 826 825
f 831 825 832
f 832 825 824
f 832 824 833
f 833 824 823
f 833 823 834
f 823 822 835
f 823 835 834
f 822 821 836
f 822 836 835
f 821 820 837
f 821 837 836
f 820 819 838
f 820 838 837
f 818 839 838
f 818 838 819
f 817 840 839
f 817 839 818
f 816 841 840
f 816 840 817
f 815 842 841
f 815 841 816
f 815 814 843
f 815 843 842
f 814 813 828
f 814 828 843
f 864 865 863
f 863 865 866
f 863 866 862
f 862 866 867
f 862 867 861
f 861 867 860
f 860 867 868
f 860 868 869
f 860 869 875
f 875 869 870
f 875 870 874
f 874 870 871
f 874 871 873
f 873 871 872
f 876 860 875
f 876 875 877
f 891 861 860
f 891 860 876
f 890 862 891
f 891 862 861
f 889 863 890
f 890 863 862
f 889 888 864
f 889 864 863
f 888 887 864
f 864 887 865
f 865 887 886
f 865 886 866
f 866 886 885
f 866 885 867
f 867 885 884
f 867 884 868
f 868 884 869
f 869 884 883
f 869 883 870
f 870 883 882
f 870 882 871
f 871 882 881
f 872 871 881
f 872 881 880
f 873 872 879
f 879 872 880
f 878 874 873
f 878 873 879
f 877 875 874
f 877 874 878
f 850 851 884
f 850 884 885
f 849 850 885
f 849 885 886
f 887 848 849
f 887 849 886
f 888 847 848
f 888 848 887
f 889 846 847
f 889 847 888
f 890 845 846
f 890 846 889
f 844 845 890
f 844 890 891
f 858 844 891
f 858 891 876
f 851 852 883
f 851 883 884
f 852 853 883
f 883 853 882
f 854 881 853
f 853 881 882
f 855 880 854
f 854 880 881
f 857 878 856
f 856 878 879
f 856 879 855
f 855 879 880
f 857 859 878
f 878 859 877
f 859 858 876
f 859 876 877
o Cylinder3001
v 0.425 0.070772 -2.914283
v 0.479449 0.059957 -2.914283
v 0.525599 0.029165 -2.914283
v 0.556427 -0.016906 -2.914283
v 0.56725 -0.071239 -2.914283
v 0.556427 -0.125573 -2.914283
v 0.525599 -0.171644 -2.914283
v 0.479449 -0.202436 -2.914283
v 0.425 -0.213251 -2.914283
v 0.370551 -0.202436 -2.914283
v 0.324401 -0.171644 -2.914283
v 0.293573 -0.125573 -2.914283
v 0.28275 -0.071239 -2.914283
v 0.293573 -0.016906 -2.914283
v 0.324401 0.029165 -2.914283
v 0.370551 0.059957 -2.914283
v 0.425 0.070772 -3.509761
v 0.479449 0.059957 -3.509761
v 0.525599 0.029165 -3.509761
v 0.556427 -0.016906 -3.509761
v 0.56725 -0.071239 -3.509761
v 0.556427 -0.125573 -3.509761
v 0.525599 -0.171644 -3.509761
v 0.479449 -0.202436 -3.509761
v 0.425 -0.213251 -3.509761
v 0.370551 -0.202436 -3.509761
v 0.324401 -0.171644 -3.509761
v 0.293573 -0.125573 -3.509761
v 0.28275 -0.071239 -3.509761
v 0.293573 -0.016906 -3.509761
v 0.324401 0.029165 -3.509761
v 0.370551 0.059957 -3.509761
v 0.360808 0.083511 -3.484761
v 0.425 0.096261 -3.484761
v 0.489192 0.083511 -3.484761
v 0.543611 0.047201 -3.484761
v 0.579972 -0.00714 -3.484761
v 0.592741 -0.071239 -3.484761
v 0.579972 -0.135339 -3.484761
v 0.543611 -0.18968 -3.484761
v 0.489192 -0.225989 -3.484761
v 0.425 -0.238739 -3.484761
v 0.360808 -0.225989 -3.484761
v 0.306389 -0.18968 -3.484761
v 0.270028 -0.135339 -3.484761
v 0.257259 -0.071239 -3.484761
v 0.270028 -0.00714 -3.484761
v 0.306389 0.047201 -3.484761
v 0.425 0.096261 -2.939283
v 0.360808 0.083511 -2.939283
v 0.306389 0.047201 -2.939283
v 0.270028 -0.00714 -2.939283
v 0.257259 -0.071239 -2.939283
v 0.270028 -0.135339 -2.939284
v 0.306389 -0.18968 -2.939284
v 0.360808 -0.225989 -2.939284
v 0.425 -0.238739 -2.939284
v 0.489192 -0.225989 -2.939284
v 0.543611 -0.18968 -2.939284
v 0.579972 -0.135339 -2.939284
v 0.592741 -0.071239 -2.939283
v 0.579972 -0.00714 -2.939283
v 0.543611 0.047201 -2.939283
v 0.489192 0.083511 -2.939283
f 942 925 924
f 942 924 941
f 943 926 942
f 942 926 925
f 944 927 943
f 943 927 926
f 944 945 928
f 944 928 927
f 945 946 928
f 928 946 929
f 929 946 947
f 929 947 930
f 930 947 948
f 930 948 931
f 931 948 949
f 931 949 932
f 932 949 933
f 933 949 950
f 933 950 934
f 934 950 951
f 934 951 935
f 935 951 952
f 936 935 952
f 936 952 953
f 937 936 954
f 954 936 953
f 955 938 937
f 955 937 954
f 940 939 938
f 940 938 955
f 941 924 939
f 941 939 940
f 928 929 927
f 927 929 930
f 927 930 926
f 926 930 931
f 926 931 925
f 925 931 924
f 924 931 932
f 924 932 933
f 924 933 939
f 939 933 934
f 939 934 938
f 938 934 935
f 938 935 937
f 937 935 936
f 912 911 913
f 913 911 910
f 913 910 914
f 914 910 909
f 914 909 915
f 915 909 908
f 915 908 916
f 916 908 923
f 916 923 917
f 917 923 922
f 917 922 918
f 918 922 921
f 918 921 919
f 919 921 920
f 908 956 923
f 923 956 957
f 909 971 956
f 909 956 908
f 910 970 971
f 910 971 909
f 911 969 970
f 911 970 910
f 968 969 912
f 912 969 911
f 967 968 912
f 967 912 913
f 967 913 966
f 966 913 914
f 966 914 965
f 965 914 915
f 965 915 916
f 965 916 964
f 964 916 917
f 964 917 963
f 963 917 918
f 963 918 962
f 962 918 919
f 962 919 961
f 919 920 961
f 961 920 960
f 920 921 959
f 920 959 960
f 922 958 921
f 921 958 959
f 923 957 922
f 922 957 958
f 941 940 957
f 941 957 956
f 940 955 958
f 940 958 957
f 958 955 954
f 958 954 959
f 959 954 953
f 959 953 960
f 960 953 952
f 960 952 961
f 961 952 951
f 961 951 962
f 951 950 963
f 951 963 962
f 950 949 964
f 950 964 963
f 949 948 965
f 949 965 964
f 948 947 966
f 948 966 965
f 946 967 966
f 946 966 947
f 945 968 967
f 945 967 946
f 944 969 968
f 944 968 945
f 943 970 969
f 943 969 944
f 943 942 971
f 943 971 970
f 942 941 956
f 942 956 971
o Cylinder001
v 0.425 0.040917 -2.969581
v 0.46792 0.03238 -2.969581
v 0.504307 0.008067 -2.969581
v 0.528619 -0.028319 -2.969581
v 0.537157 -0.071239 -2.969581
v 0.528619 -0.11416 -2.969581
v 0.504307 -0.150546 -2.969581
v 0.46792 -0.174859 -2.969581
v 0.425 -0.183396 -2.969581
v 0.38208 -0.174859 -2.969581
v 0.345693 -0.150546 -2.969581
v 0.321381 -0.11416 -2.969581
v 0.312843 -0.071239 -2.969581
v 0.321381 -0.028319 -2.969581
v 0.345693 0.008067 -2.969581
v 0.38208 0.03238 -2.969581
v 0.425 0.040917 -4.892988
v 0.46792 0.03238 -4.892988
v 0.504307 0.008067 -4.892988
v 0.528619 -0.028319 -4.892988
v 0.537157 -0.071239 -4.892988
v 0.528619 -0.11416 -4.892988
v 0.504307 -0.150546 -4.892988
v 0.46792 -0.174859 -4.892988
v 0.425 -0.183396 -4.892988
v 0.38208 -0.174859 -4.892988
v 0.345693 -0.150546 -4.892988
v 0.321381 -0.11416 -4.892988
v 0.312843 -0.071239 -4.892988
v 0.321381 -0.028319 -4.892988
v 0.345693 0.008067 -4.892988
v 0.38208 0.03238 -4.892988
f 989 988 972
f 989 972 973
f 990 989 973
f 990 973 974
f 990 974 975
f 990 975 991
f 991 975 976
f 991 976 992
f 992 976 977
f 992 977 993
f 993 977 978
f 993 978 994
f 995 994 978
f 995 978 979
f 996 995 979
f 996 979 980
f 997 996 980
f 997 980 981
f 998 997 981
f 998 981 982
f 983 999 998
f 983 998 982
f 984 1000 999
f 984 999 983
f 985 1001 1000
f 985 1000 984
f 986 1002 1001
f 986 1001 985
f 1003 1002 986
f 1003 986 987
f 988 1003 987
f 988 987 972
f 992 993 991
f 991 993 994
f 991 994 990
f 990 994 995
f 990 995 989
f 989 995 988
f 988 995 996
f 988 996 997
f 988 997 1003
f 1003 997 998
f 1003 998 1002
f 1002 998 999
f 1002 999 1001
f 1001 999 1000
f 976 975 977
f 977 975 974
f 977 974 978
f 978 974 973
f 978 973 979
f 979 973 972
f 979 972 980
f 980 972 987
f 980 987 981
f 981 987 986
f 981 986 982
f 982 986 985
f 982 985 983
f 983 985 984
o Cylinder5001
v 0.425 0.104028 -4.426558
v 0.490156 0.09107 -4.426558
v 0.546231 0.053609 -4.426558
v 0.584323 -0.003388 -4.426558
v 0.597822 -0.071239 -4.426558
v 0.584323 -0.139091 -4.426558
v 0.546231 -0.196088 -4.426558
v 0.490156 -0.233549 -4.426558
v 0.425 -0.246506 -4.426558
v 0.359844 -0.233549 -4.426558
v 0.303769 -0.196088 -4.426558
v 0.265677 -0.139091 -4.426558
v 0.252178 -0.071239 -4.426558
v 0.265677 -0.003388 -4.426558
v 0.303769 0.053609 -4.426558
v 0.359844 0.09107 -4.426558
v 0.425 0.081986 -4.550616
v 0.478824 0.071282 -4.550616
v 0.526552 0.039398 -4.550616
v 0.560002 -0.010654 -4.550616
v 0.572055 -0.071239 -4.550616
v 0.560002 -0.131825 -4.550616
v 0.526552 -0.181876 -4.550615
v 0.478824 -0.21376 -4.550615
v 0.425 -0.224464 -4.550615
v 0.371176 -0.21376 -4.550615
v 0.323448 -0.181876 -4.550615
v 0.289999 -0.131825 -4.550616
v 0.277945 -0.071239 -4.550616
v 0.289999 -0.010654 -4.550616
v 0.323448 0.039398 -4.550616
v 0.371176 0.071282 -4.550616
v 0.35229 0.104263 -4.514857
v 0.425 0.118723 -4.514857
v 0.49771 0.104263 -4.514857
v 0.55935 0.063084 -4.514857
v 0.600537 0.001456 -4.514857
v 0.615 -0.071239 -4.514857
v 0.600537 -0.143935 -4.514857
v 0.55935 -0.205563 -4.514857
v 0.49771 -0.246741 -4.514857
v 0.425 -0.261201 -4.514857
v 0.35229 -0.246741 -4.514857
v 0.29065 -0.205563 -4.514857
v 0.249463 -0.143935 -4.514857
v 0.235 -0.071239 -4.514857
v 0.249463 0.001456 -4.514857
v 0.29065 0.063084 -4.514857
v 0.425 0.118722 -4.440861
v 0.35229 0.104262 -4.440861
v 0.29065 0.063084 -4.440861
v 0.249463 0.001456 -4.440861
v 0.235 -0.071239 -4.440861
v 0.249463 -0.143935 -4.440861
v 0.29065 -0.205563 -4.440861
v 0.35229 -0.246741 -4.440861
v 0.425 -0.261201 -4.440861
v 0.49771 -0.246741 -4.440861
v 0.55935 -0.205563 -4.440861
v 0.600537 -0.143935 -4.440861
v 0.615 -0.071239 -4.440861
v 0.600537 0.001456 -4.440861
v 0.55935 0.063084 -4.440861
v 0.49771 0.104262 -4.440861
f 1021 1020 1037
f 1021 1037 1038
f 1022 1021 1038
f 1022 1038 1039
f 1022 1039 1040
f 1022 1040 1023
f 1023 1040 1024
f 1024 1040 1041
f 1024 1041 1025
f 1025 1041 1042
f 1025 1042 1026
f 1026 1042 1043
f 1027 1026 1043
f 1027 1043 1044
f 1028 1027 1044
f 1028 1044 1045
f 1029 1028 1045
f 1029 1045 1046
f 1030 1029 1046
f 1030 1046 1047
f 1048 1031 1030
f 1048 1030 1047
f 1049 1032 1031
f 1049 1031 1048
f 1050 1033 1032
f 1050 1032 1049
f 1051 1034 1050
f 1050 1034 1033
f 1035 1034 1051
f 1035 1051 1036
f 1020 1035 1036
f 1020 1036 1037
f 1024 1025 1023
f 1023 1025 1026
f 1023 1026 1022
f 1022 1026 1027
f 1022 1027 1021
f 1021 1027 1020
f 1020 1027 1028
f 1020 1028 1029
f 1020 1029 1035
f 1035 1029 1030
f 1035 1030 1034
f 1034 1030 1031
f 1034 1031 1033
f 1033 1031 1032
f 1008 1007 1009
f 1009 1007 1006
f 1009 1006 1010
f 1010 1006 1005
f 1010 1005 1011
f 1011 1005 1004
f 1011 1004 1012
f 1012 1004 1019
f 1012 1019 1013
f 1013 1019 1018
f 1013 1018 1014
f 1014 1018 1017
f 1014 1017 1015
f 1015 1017 1016
f 1052 1053 1004
f 1004 1053 1019
f 1067 1052 1004
f 1067 1004 1005
f 1066 1067 1005
f 1066 1005 1006
f 1066 1006 1065
f 1065 1006 1007
f 1065 1007 1064
f 1064 1007 1008
f 1064 1008 1009
f 1064 1009 1063
f 1063 1009 1010
f 1063 1010 1062
f 1061 1062 1010
f 1061 1010 1011
f 1060 1061 1011
f 1060 1011 1012
f 1059 1060 1013
f 1013 1060 1012
f 1058 1059 1014
f 1014 1059 1013
f 1015 1057 1014
f 1014 1057 1058
f 1016 1056 1015
f 1015 1056 1057
f 1017 1055 1056
f 1017 1056 1016
f 1018 1054 1055
f 1018 1055 1017
f 1053 1054 1019
f 1019 1054 1018
f 1037 1036 1053
f 1037 1053 1052
f 1036 1051 1054
f 1036 1054 1053
f 1054 1051 1050
f 1054 1050 1055
f 1055 1050 1049
f 1055 1049 1056
f 1056 1049 1048
f 1056 1048 1057
f 1057 1048 1047
f 1057 1047 1058
f 1047 1046 1059
f 1047 1059 1058
f 1046 1045 1060
f 1046 1060 1059
f 1045 1044 1061
f 1045 1061 1060
f 1044 1043 1062
f 1044 1062 1061
f 1042 1063 1062
f 1042 1062 1043
f 1041 1064 1063
f 1041 1063 1042
f 1040 1065 1064
f 1040 1064 1041
f 1039 1066 1065
f 1039 1065 1040
f 1039 1038 1067
f 1039 1067 1066
f 1038 1037 1052
f 1038 1052 1067
o Cylinder4001
v 0.425 0.104028 -4.60617
v 0.490156 0.09107 -4.60617
v 0.546231 0.053609 -4.60617
v 0.584323 -0.003388 -4.60617
v 0.597822 -0.071239 -4.60617
v 0.584323 -0.139091 -4.60617
v 0.546231 -0.196088 -4.60617
v 0.490156 -0.233549 -4.60617
v 0.425 -0.246506 -4.60617
v 0.359844 -0.233549 -4.60617
v 0.303769 -0.196088 -4.60617
v 0.265677 -0.139091 -4.60617
v 0.252178 -0.071239 -4.60617
v 0.265677 -0.003388 -4.60617
v 0.303769 0.053609 -4.60617
v 0.359844 0.09107 -4.60617
v 0.425 0.081986 -4.730228
v 0.478824 0.071282 -4.730228
v 0.526552 0.039398 -4.730228
v 0.560002 -0.010654 -4.730228
v 0.572055 -0.071239 -4.730228
v 0.560002 -0.131825 -4.730228
v 0.526552 -0.181876 -4.730227
v 0.478824 -0.21376 -4.730227
v 0.425 -0.224464 -4.730227
v 0.371176 -0.21376 -4.730227
v 0.323448 -0.181876 -4.730227
v 0.289999 -0.131825 -4.730228
v 0.277945 -0.071239 -4.730228
v 0.289999 -0.010654 -4.730228
v 0.323448 0.039398 -4.730228
v 0.371176 0.071282 -4.730228
v 0.35229 0.104263 -4.694469
v 0.425 0.118723 -4.694469
v 0.49771 0.104263 -4.694469
v 0.55935 0.063084 -4.694469
v 0.600537 0.001456 -4.694469
v 0.615 -0.071239 -4.694469
v 0.600537 -0.143935 -4.694469
v 0.55935 -0.205563 -4.694469
v 0.49771 -0.246741 -4.694469
v 0.425 -0.261201 -4.694469
v 0.35229 -0.246741 -4.694469
v 0.29065 -0.205563 -4.694469
v 0.249463 -0.143935 -4.694469
v 0.235 -0.071239 -4.694469
v 0.249463 0.001456 -4.694469
v 0.29065 0.063084 -4.694469
v 0.425 0.118722 -4.620473
v 0.35229 0.104262 -4.620473
v 0.29065 0.063084 -4.620473
v 0.249463 0.001456 -4.620473
v 0.235 -0.071239 -4.620473
v 0.249463 -0.143935 -4.620473
v 0.29065 -0.205563 -4.620473
v 0.35229 -0.246741 -4.620473
v 0.425 -0.261201 -4.620473
v 0.49771 -0.246741 -4.620473
v 0.55935 -0.205563 -4.620473
v 0.600537 -0.143935 -4.620473
v 0.615 -0.071239 -4.620473
v 0.600537 0.001456 -4.620473
v 0.55935 0.063084 -4.620473
v 0.49771 0.104262 -4.620473
f 1085 1084 1101
f 1085 1101 1102
f 1086 1085 1102
f 1086 1102 1103
f 1086 1103 1104
f 1086 1104 1087
f 1087 1104 1088
f 1088 1104 1105
f 1088 1105 1089
f 1089 1105 1106
f 1089 1106 1090
f 1090 1106 1107
f 1091 1090 1107
f 1091 1107 1108
f 1092 1091 1108
f 1092 1108 1109
f 1093 1092 1109
f 1093 1109 1110
f 1094 1093 1110
f 1094 1110 1111
f 1112 1095 1094
f 1112 1094 1111
f 1113 1096 1095
f 1113 1095 1112
f 1114 1097 1096
f 1114 1096 1113
f 1115 1098 1114
f 1114 1098 1097
f 1099 1098 1115
f 1099 1115 1100
f 1084 1099 1100
f 1084 1100 1101
f 1088 1089 1087
f 1087 1089 1090
f 1087 1090 1086
f 1086 1090 1091
f 1086 1091 1085
f 1085 1091 1084
f 1084 1091 1092
f 1084 1092 1093
f 1084 1093 1099
f 1099 1093 1094
f 1099 1094 1098
f 1098 1094 1095
f 1098 1095 1097
f 1097 1095 1096
f 1072 1071 1073
f 1073 1071 1070
f 1073 1070 1074
f 1074 1070 1069
f 1074 1069 1075
f 1075 1069 1068
f 1075 1068 1076
f 1076 1068 1083
f 1076 1083 1077
f 1077 1083 1082
f 1077 1082 1078
f 1078 1082 1081
f 1078 1081 1079
f 1079 1081 1080
f 1116 1117 1068
f 1068 1117 1083
f 1131 1116 1068
f 1131 1068 1069
f 1130 1131 1069
f 1130 1069 1070
f 1130 1070 1129
f 1129 1070 1071
f 1129 1071 1128
f 1128 1071 1072
f 1128 1072 1073
f 1128 1073 1127
f 1127 1073 1074
f 1127 1074 1126
f 1125 1126 1074
f 1125 1074 1075
f 1124 1125 1075
f 1124 1075 1076
f 1123 1124 1077
f 1077 1124 1076
f 1122 1123 1078
f 1078 1123 1077
f 1079 1121 1078
f 1078 1121 1122
f 1080 1120 1079
f 1079 1120 1121
f 1081 1119 1120
f 1081 1120 1080
f 1082 1118 1119
f 1082 1119 1081
f 1117 1118 1083
f 1083 1118 1082
f 1101 1100 1117
f 1101 1117 1116
f 1100 1115 1118
f 1100 1118 1117
f 1118 1115 1114
f 1118 1114 1119
f 1119 1114 1113
f 1119 1113 1120
f 1120 1113 1112
f 1120 1112 1121
f 1121 1112 1111
f 1121 1111 1122
f 1111 1110 1123
f 1111 1123 1122
f 1110 1109 1124
f 1110 1124 1123
f 1109 1108 1125
f 1109 1125 1124
f 1108 1107 1126
f 1108 1126 1125
f 1106 1127 1126
f 1106 1126 1107
f 1105 1128 1127
f 1105 1127 1106
f 1104 1129 1128
f 1104 1128 1105
f 1103 1130 1129
f 1103 1129 1104
f 1103 1102 1131
f 1103 1131 1130
f 1102 1101 1116
f 1102 1116 1131
o Cylinder2002
v 0.425 0.070772 -4.794249
v 0.479449 0.059957 -4.794249
v 0.525599 0.029165 -4.794249
v 0.556427 -0.016906 -4.794249
v 0.56725 -0.071239 -4.794249
v 0.556427 -0.125573 -4.794249
v 0.525599 -0.171644 -4.794249
v 0.479449 -0.202436 -4.794249
v 0.425 -0.213251 -4.794249
v 0.370551 -0.202436 -4.794249
v 0.324401 -0.171644 -4.794249
v 0.293573 -0.125573 -4.794249
v 0.28275 -0.071239 -4.794249
v 0.293573 -0.016906 -4.794249
v 0.324401 0.029165 -4.794249
v 0.370551 0.059957 -4.794249
v 0.425 0.070772 -5.389727
v 0.479449 0.059957 -5.389727
v 0.525599 0.029165 -5.389727
v 0.556427 -0.016906 -5.389727
v 0.56725 -0.071239 -5.389727
v 0.556427 -0.125573 -5.389727
v 0.525599 -0.171644 -5.389727
v 0.479449 -0.202436 -5.389727
v 0.425 -0.213251 -5.389727
v 0.370551 -0.202436 -5.389727
v 0.324401 -0.171644 -5.389727
v 0.293573 -0.125573 -5.389727
v 0.28275 -0.071239 -5.389727
v 0.293573 -0.016906 -5.389727
v 0.324401 0.029165 -5.389727
v 0.370551 0.059957 -5.389727
v 0.360808 0.083511 -5.364727
v 0.425 0.096261 -5.364727
v 0.489192 0.083511 -5.364727
v 0.543611 0.047201 -5.364727
v 0.579972 -0.00714 -5.364727
v 0.592741 -0.071239 -5.364727
v 0.579972 -0.135339 -5.364727
v 0.543611 -0.18968 -5.364727
v 0.489192 -0.225989 -5.364727
v 0.425 -0.238739 -5.364727
v 0.360808 -0.225989 -5.364727
v 0.306389 -0.18968 -5.364727
v 0.270028 -0.135339 -5.364727
v 0.257259 -0.071239 -5.364727
v 0.270028 -0.00714 -5.364727
v 0.306389 0.047201 -5.364727
v 0.425 0.096261 -4.81925
v 0.360808 0.083511 -4.81925
v 0.306389 0.047201 -4.81925
v 0.270028 -0.00714 -4.81925
v 0.257259 -0.071239 -4.81925
v 0.270028 -0.135339 -4.81925
v 0.306389 -0.18968 -4.81925
v 0.360808 -0.225989 -4.81925
v 0.425 -0.238739 -4.81925
v 0.489192 -0.225989 -4.81925
v 0.543611 -0.18968 -4.81925
v 0.579972 -0.135339 -4.81925
v 0.592741 -0.071239 -4.81925
v 0.579972 -0.00714 -4.81925
v 0.543611 0.047201 -4.81925
v 0.489192 0.083511 -4.81925
v 0.469209 0.035336 -5.389727
v 0.506687 0.01033 -5.389727
v 0.531729 -0.027094 -5.389727
v 0.540522 -0.071239 -5.389727
v 0.531729 -0.115384 -5.389727
v 0.506687 -0.152809 -5.389727
v 0.469209 -0.177815 -5.389727
v 0.425 -0.186596 -5.389727
v 0.380792 -0.177815 -5.389727
v 0.343313 -0.152809 -5.389727
v 0.318271 -0.115384 -5.389727
v 0.309478 -0.071239 -5.389727
v 0.318271 -0.027094 -5.389727
v 0.343313 0.01033 -5.389727
v 0.425 0.044117 -5.389727
v 0.380792 0.035336 -5.389727
v 0.425 0.026563 -4.974875
v 0.462498 0.019115 -4.974875
v 0.494282 -0.002091 -4.974875
v 0.515513 -0.03382 -4.974875
v 0.522967 -0.071239 -4.974875
v 0.515513 -0.108659 -4.974875
v 0.494282 -0.140387 -4.974875
v 0.462498 -0.161594 -4.974875
v 0.425 -0.169042 -4.974875
v 0.387502 -0.161594 -4.974875
v 0.355718 -0.140387 -4.974875
v 0.334487 -0.108659 -4.974875
v 0.327033 -0.071239 -4.974875
v 0.334487 -0.03382 -4.974875
v 0.355718 -0.002091 -4.974875
v 0.387502 0.019115 -4.974875
v 0.425 0.044117 -4.999876
v 0.380792 0.035336 -4.999876
v 0.343313 0.01033 -4.999876
v 0.318271 -0.027094 -4.999876
v 0.309478 -0.071239 -4.999876
v 0.318271 -0.115384 -4.999876
v 0.343313 -0.152809 -4.999876
v 0.380792 -0.177815 -4.999876
v 0.425 -0.186596 -4.999876
v 0.469209 -0.177815 -4.999876
v 0.506687 -0.152809 -4.999876
v 0.531729 -0.115384 -4.999876
v 0.540522 -0.071239 -4.999876
v 0.531729 -0.027094 -4.999876
v 0.506687 0.01033 -4.999876
v 0.469209 0.035336 -4.999876
v 0.380792 0.035336 -5.389727
v 0.425 0.044117 -5.389727
v 0.343313 0.01033 -5.389727
v 0.318271 -0.027094 -5.389727
v 0.309478 -0.071239 -5.389727
v 0.318271 -0.115384 -5.389727
v 0.343313 -0.152809 -5.389727
v 0.380792 -0.177815 -5.389727
v 0.425 -0.186596 -5.389727
v 0.469209 -0.177815 -5.389727
v 0.506687 -0.152809 -5.389727
v 0.531729 -0.115384 -5.389727
v 0.540522 -0.071239 -5.389727
v 0.531729 -0.027094 -5.389727
v 0.506687 0.01033 -5.389727
v 0.469209 0.035336 -5.389727
f 1166 1149 1148
f 1166 1148 1165
f 1167 1150 1166
f 1166 1150 1149
f 1168 1151 1167
f 1167 1151 1150
f 1168 1169 1152
f 1168 1152 1151
f 1169 1170 1152
f 1152 1170 1153
f 1153 1170 1171
f 1153 1171 1154
f 1154 1171 1172
f 1154 1172 1155
f 1155 1172 1173
f 1155 1173 1156
f 1156 1173 1157
f 1157 1173 1174
f 1157 1174 1158
f 1158 1174 1175
f 1158 1175 1159
f 1159 1175 1176
f 1160 1159 1176
f 1160 1176 1177
f 1161 1160 1178
f 1178 1160 1177
f 1179 1162 1161
f 1179 1161 1178
f 1164 1163 1162
f 1164 1162 1179
f 1165 1148 1163
f 1165 1163 1164
f 1151 1199 1198
f 1151 1198 1150
f 1150 1198 1197
f 1150 1197 1149
f 1149 1197 1196
f 1149 1196 1210
f 1149 1210 1148
f 1148 1210 1211
f 1148 1211 1163
f 1163 1211 1209
f 1163 1209 1162
f 1162 1209 1208
f 1162 1208 1207
f 1162 1207 1159
f 1162 1159 1161
f 1161 1159 1160
f 1152 1153 1151
f 1151 1153 1199
f 1199 1153 1200
f 1200 1153 1154
f 1200 1154 1201
f 1201 1154 1155
f 1201 1155 1202
f 1202 1155 1203
f 1203 1155 1156
f 1203 1156 1204
f 1204 1156 1157
f 1204 1157 1205
f 1205 1157 1158
f 1205 1158 1206
f 1206 1158 1207
f 1207 1158 1159
f 1136 1135 1137
f 1137 1135 1134
f 1137 1134 1138
f 1138 1134 1133
f 1138 1133 1139
f 1139 1133 1132
f 1139 1132 1140
f 1140 1132 1147
f 1140 1147 1141
f 1141 1147 1146
f 1141 1146 1142
f 1142 1146 1145
f 1142 1145 1143
f 1143 1145 1144
f 1132 1180 1147
f 1147 1180 1181
f 1133 1195 1180
f 1133 1180 1132
f 1134 1194 1195
f 1134 1195 1133
f 1135 1193 1194
f 1135 1194 1134
f 1192 1193 1136
f 1136 1193 1135
f 1191 1192 1136
f 1191 1136 1137
f 1191 1137 1190
f 1190 1137 1138
f 1190 1138 1189
f 1189 1138 1139
f 1189 1139 1140
f 1189 1140 1188
f 1188 1140 1141
f 1188 1141 1187
f 1187 1141 1142
f 1187 1142 1186
f 1186 1142 1143
f 1186 1143 1185
f 1143 1144 1185
f 1185 1144 1184
f 1144 1145 1183
f 1144 1183 1184
f 1146 1182 1145
f 1145 1182 1183
f 1147 1181 1146
f 1146 1181 1182
f 1165 1164 1181
f 1165 1181 1180
f 1164 1179 1182
f 1164 1182 1181
f 1182 1179 1178
f 1182 1178 1183
f 1183 1178 1177
f 1183 1177 1184
f 1184 1177 1176
f 1184 1176 1185
f 1185 1176 1175
f 1185 1175 1186
f 1175 1174 1187
f 1175 1187 1186
f 1174 1173 1188
f 1174 1188 1187
f 1173 1172 1189
f 1173 1189 1188
f 1172 1171 1190
f 1172 1190 1189
f 1170 1191 1190
f 1170 1190 1171
f 1169 1192 1191
f 1169 1191 1170
f 1168 1193 1192
f 1168 1192 1169
f 1167 1194 1193
f 1167 1193 1168
f 1167 1166 1195
f 1167 1195 1194
f 1166 1165 1180
f 1166 1180 1195
f 1216 1217 1215
f 1215 1217 1218
f 1215 1218 1214
f 1214 1218 1219
f 1214 1219 1213
f 1213 1219 1212
f 1212 1219 1220
f 1212 1220 1221
f 1212 1221 1227
f 1227 1221 1222
f 1227 1222 1226
f 1226 1222 1223
f 1226 1223 1225
f 1225 1223 1224
f 1228 1212 1227
f 1228 1227 1229
f 1243 1213 1212
f 1243 1212 1228
f 1242 1214 1243
f 1243 1214 1213
f 1241 1215 1242
f 1242 1215 1214
f 1241 1240 1216
f 1241 1216 1215
f 1240 1239 1216
f 1216 1239 1217
f 1217 1239 1238
f 1217 1238 1218
f 1218 1238 1237
f 1218 1237 1219
f 1219 1237 1236
f 1219 1236 1220
f 1220 1236 1221
f 1221 1236 1235
f 1221 1235 1222
f 1222 1235 1234
f 1222 1234 1223
f 1223 1234 1233
f 1224 1223 1233
f 1224 1233 1232
f 1225 1224 1231
f 1231 1224 1232
f 1230 1226 1225
f 1230 1225 1231
f 1229 1227 1226
f 1229 1226 1230
f 1202 1203 1236
f 1202 1236 1237
f 1201 1202 1237
f 1201 1237 1238
f 1239 1200 1201
f 1239 1201 1238
f 1240 1199 1200
f 1240 1200 1239
f 1241 1198 1199
f 1241 1199 1240
f 1242 1197 1198
f 1242 1198 1241
f 1196 1197 1242
f 1196 1242 1243
f 1210 1196 1243
f 1210 1243 1228
f 1203 1204 1235
f 1203 1235 1236
f 1204 1205 1235
f 1235 1205 1234
f 1206 1233 1205
f 1205 1233 1234
f 1207 1232 1206
f 1206 1232 1233
f 1209 1230 1208
f 1208 1230 1231
f 1208 1231 1207
f 1207 1231 1232
f 1209 1211 1230
f 1230 1211 1229
f 1211 1210 1228
f 1211 1228 1229
o NoName8
v -2.53525 0.006345 1.918998
v -2.507458 0.006345 1.924526
v -2.483897 0.006345 1.940269
v -2.468154 0.006345 1.963829
v -2.462626 0.006345 1.991621
v -2.468154 0.006345 2.019413
v -2.483897 0.006345 2.042974
v -2.507458 0.006345 2.058717
v -2.53525 0.006345 2.064245
v -2.563041 0.006345 2.058717
v -2.586602 0.006345 2.042974
v -2.602345 0.006345 2.019413
v -2.607873 0.006345 1.991621
v -2.602345 0.006345 1.963829
v -2.586602 0.006345 1.940269
v -2.563041 0.006345 1.924526
v -2.53525 0.035868 1.936037
v -2.513979 0.035868 1.940269
v -2.495946 0.035868 1.952318
v -2.483897 0.035868 1.97035
v -2.479666 0.035868 1.991621
v -2.483897 0.035868 2.012892
v -2.495946 0.035868 2.030925
v -2.513979 0.035868 2.042974
v -2.53525 0.035868 2.047205
v -2.556521 0.035868 2.042974
v -2.574553 0.035868 2.030925
v -2.586602 0.035868 2.012892
v -2.590833 0.035868 1.991621
v -2.586602 0.035868 1.97035
v -2.574553 0.035868 1.952318
v -2.556521 0.035868 1.940269
v -2.53525 0.055594 1.96154
v -2.523738 0.055594 1.963829
v -2.513979 0.055594 1.97035
v -2.507458 0.055594 1.980109
v -2.505168 0.055594 1.991621
v -2.507458 0.055594 2.003133
v -2.513979 0.055594 2.012892
v -2.523738 0.055594 2.019413
v -2.53525 0.055594 2.021703
v -2.546762 0.055594 2.019413
v -2.556521 0.055594 2.012892
v -2.563041 0.055594 2.003133
v -2.565331 0.055594 1.991621
v -2.563041 0.055594 1.980109
v -2.556521 0.055594 1.97035
v -2.546762 0.055594 1.963829
v -2.53525 0.062521 1.991621
v -2.53525 -0.022718 1.914004
v -2.505547 -0.022718 1.919912
v -2.480366 -0.022718 1.936737
v -2.463541 -0.022718 1.961918
v -2.457632 -0.022718 1.991621
v -2.463541 -0.022718 2.021324
v -2.480366 -0.022718 2.046505
v -2.505547 -0.022718 2.06333
v -2.53525 -0.022718 2.069239
v -2.564953 -0.022718 2.06333
v -2.590133 -0.022718 2.046505
v -2.606959 -0.022718 2.021324
v -2.612867 -0.022718 1.991621
v -2.606959 -0.022718 1.961918
v -2.590133 -0.022718 1.936737
v -2.564953 -0.022718 1.919912
v -2.507148 -0.028479 1.923777
v -2.53525 -0.028479 1.918187
v -2.563351 -0.028479 1.923777
v -2.587175 -0.028479 1.939696
v -2.603094 -0.028479 1.963519
v -2.608683 -0.028479 1.991621
v -2.603094 -0.028479 2.019723
v -2.587175 -0.028479 2.043547
v -2.563352 -0.028479 2.059465
v -2.53525 -0.028479 2.065055
v -2.507148 -0.028479 2.059465
v -2.483324 -0.028479 2.043547
v -2.467406 -0.028479 2.019723
v -2.461816 -0.028479 1.991621
v -2.467406 -0.028479 1.963519
v -2.483324 -0.028479 1.939696
v -2.507148 -0.036228 1.923777
v -2.53525 -0.036228 1.918187
v -2.563351 -0.036228 1.923777
v -2.587175 -0.036228 1.939696
v -2.603094 -0.036228 1.963519
v -2.608683 -0.036228 1.991621
v -2.603094 -0.036228 2.019723
v -2.587175 -0.036228 2.043547
v -2.563352 -0.036228 2.059465
v -2.53525 -0.036228 2.065055
v -2.507148 -0.036228 2.059465
v -2.483324 -0.036228 2.043547
v -2.467406 -0.036228 2.019723
v -2.461816 -0.036228 1.991621
v -2.467406 -0.036228 1.963519
v -2.483324 -0.036228 1.939696
v -2.24731 -0.369615 1.703682
v -2.823189 -0.369615 1.703682
v -2.24731 -0.369615 2.279561
v -2.823189 -0.369615 2.279561
v -2.24731 -0.660035 1.127803
v -2.823189 -0.660034 1.127803
v -2.247311 -0.660035 2.855439
v -2.823189 -0.660034 2.855439
v -1.671432 -0.660035 1.703682
v -3.399067 -0.660034 1.703682
v -1.671432 -0.660035 2.279561
v -3.399068 -0.660034 2.27956
v -1.696406 -0.688946 1.714027
v -2.257655 -0.688946 1.152778
v -2.812844 -0.688946 1.152777
v -3.374093 -0.688946 1.714026
v -3.374094 -0.688946 2.269216
v -2.812845 -0.688946 2.830465
v -2.257655 -0.688946 2.830465
v -1.696406 -0.688946 2.269216
v -1.743772 -0.688946 1.733647
v -2.277275 -0.688946 1.200144
v -2.793224 -0.688946 1.200144
v -3.326727 -0.688946 1.733646
v -3.326727 -0.688946 2.249596
v -2.793225 -0.688946 2.783098
v -2.277275 -0.688946 2.783099
v -1.743773 -0.688946 2.249596
v -1.743772 -0.557038 1.733647
v -2.277275 -0.557038 1.200144
v -2.793224 -0.557038 1.200144
v -3.326727 -0.557038 1.733646
v -3.326727 -0.557038 2.249596
v -2.793225 -0.557038 2.783098
v -2.277275 -0.557038 2.783099
v -1.743773 -0.557038 2.249596
v -1.914996 -0.557038 1.774753
v -2.318381 -0.557038 1.371368
v -2.752118 -0.557038 1.371368
v -3.155503 -0.557038 1.774752
v -3.155503 -0.557038 2.20849
v -2.752118 -0.557038 2.611875
v -2.318381 -0.557038 2.611875
v -1.914996 -0.557038 2.20849
v -1.942066 -1.05216 1.784217
v -2.327846 -1.05216 1.398437
v -2.742654 -1.05216 1.398437
v -3.128434 -1.05216 1.784217
v -3.128434 -1.05216 2.199025
v -2.742654 -1.05216 2.584805
v -2.327846 -1.05216 2.584805
v -1.942066 -1.05216 2.199025
v -2.111969 -1.369452 1.843922
v -2.38755 -1.369452 1.56834
v -2.682949 -1.369452 1.56834
v -2.958531 -1.369452 1.843922
v -2.958531 -1.369452 2.139321
v -2.682949 -1.369452 2.414902
v -2.38755 -1.369452 2.414902
v -2.111969 -1.369452 2.139321
v -2.189016 -1.436996 1.872981
v -2.41661 -1.436996 1.645388
v -2.65389 -1.436996 1.645388
v -2.881483 -1.436996 1.872981
v -2.881483 -1.436996 2.110261
v -2.65389 -1.436996 2.337855
v -2.41661 -1.436996 2.337855
v -2.189016 -1.436996 2.110261
v -2.226843 -1.394562 1.888465
v -2.432093 -1.394562 1.683214
v -2.638406 -1.394562 1.683214
v -2.843657 -1.394562 1.888465
v -2.843657 -1.394562 2.094778
v -2.638406 -1.394562 2.300028
v -2.432093 -1.394562 2.300028
v -2.226843 -1.394562 2.094778
v -2.278829 -1.150161 1.899129
v -2.442758 -1.150161 1.7352
v -2.627742 -1.150161 1.7352
v -2.791671 -1.150161 1.899129
v -2.791671 -1.150161 2.084113
v -2.627742 -1.150161 2.248042
v -2.442758 -1.150161 2.248042
v -2.278829 -1.150161 2.084113
v -2.090282 -0.557038 1.546654
v -2.535249 -0.557038 1.312939
v -2.980217 -0.557038 1.546654
v -3.213932 -0.557038 1.991621
v -2.980217 -0.557038 2.436589
v -2.53525 -0.557038 2.670303
v -2.090282 -0.557038 2.436589
v -1.856568 -0.557038 1.991621
v -2.109701 -1.05216 1.566073
v -1.914996 -0.816336 1.774753
v -2.53525 -1.05216 1.342559
v -2.318381 -0.816336 1.371368
v -2.960798 -1.05216 1.566073
v -2.752118 -0.816336 1.371368
v -3.184312 -1.05216 1.991621
v -3.155503 -0.816336 1.774752
v -2.960798 -1.05216 2.417169
v -3.155503 -0.816336 2.20849
v -2.53525 -1.05216 2.640684
v -2.752119 -0.816336 2.611875
v -2.109702 -1.05216 2.41717
v -2.318381 -0.816336 2.611875
v -1.886187 -1.05216 1.991621
v -1.914996 -0.816336 2.20849
v -2.023273 -1.241035 1.812611
v -2.35624 -1.241035 1.479645
v -2.71426 -1.241035 1.479645
v -3.047226 -1.241035 1.812611
v -3.047226 -1.241035 2.170631
v -2.71426 -1.241035 2.503597
v -2.35624 -1.241035 2.503597
v -2.023274 -1.241035 2.170631
v -2.405765 -1.423899 1.61787
v -2.664734 -1.423899 1.61787
v -2.909001 -1.423899 1.862136
v -2.909001 -1.423899 2.121106
v -2.664735 -1.423899 2.365372
v -2.405765 -1.423899 2.365372
v -2.161499 -1.423899 2.121106
v -2.2318 -1.369452 1.688172
v -2.072025 -1.369452 1.991621
v -2.838699 -1.369452 1.688172
v -2.53525 -1.369452 2.454846
v -2.998475 -1.369452 1.991621
v -2.2318 -1.369452 2.295071
v -2.838699 -1.369452 2.295071
v -2.53525 -1.369452 1.528396
v -2.28857 -1.436996 1.744942
v -2.161499 -1.423899 1.862137
v -2.53525 -1.436996 1.612203
v -2.781929 -1.436996 1.744942
v -2.914668 -1.436996 1.991621
v -2.781929 -1.436996 2.238301
v -2.53525 -1.436996 2.371039
v -2.28857 -1.436996 2.238301
v -2.155832 -1.436996 1.991621
v -2.317301 -1.394562 1.773672
v -2.211673 -1.441362 1.882181
v -2.53525 -1.394562 1.653062
v -2.42581 -1.441362 1.668045
v -2.753199 -1.394562 1.773672
v -2.64469 -1.441362 1.668045
v -2.873809 -1.394562 1.991621
v -2.858826 -1.441362 1.882181
v -2.753199 -1.394562 2.20957
v -2.858826 -1.441362 2.101061
v -2.53525 -1.394562 2.330181
v -2.64469 -1.441362 2.315198
v -2.317301 -1.394562 2.20957
v -2.42581 -1.441362 2.315198
v -2.19669 -1.394562 1.991621
v -2.211673 -1.441362 2.101061
v -2.374681 -1.113761 1.831053
v -2.231899 -1.254161 1.890559
v -2.53525 -1.113761 1.741794
v -2.434188 -1.254161 1.688271
v -2.695818 -1.113761 1.831053
v -2.636312 -1.254161 1.688271
v -2.785077 -1.113761 1.991621
v -2.8386 -1.254161 1.890559
v -2.695818 -1.113761 2.152189
v -2.8386 -1.254161 2.092683
v -2.53525 -1.113761 2.241449
v -2.636312 -1.254161 2.294971
v -2.374682 -1.113761 2.152189
v -2.434188 -1.254161 2.294971
v -2.285422 -1.113761 1.991621
v -2.231899 -1.254161 2.092683
v -2.53525 -1.066961 1.991621
v -2.090282 -0.816336 1.546654
v -2.53525 -0.816336 1.312939
v -2.980217 -0.816336 1.546654
v -3.213932 -0.816336 1.991621
v -2.980217 -0.816336 2.436589
v -2.53525 -0.816336 2.670303
v -2.090282 -0.816336 2.436589
v -1.856568 -0.816336 1.991621
v -2.16796 -1.241035 1.624331
v -2.53525 -1.241035 1.431416
v -2.90254 -1.241035 1.624331
v -3.095455 -1.241035 1.991621
v -2.90254 -1.241035 2.358911
v -2.53525 -1.241035 2.551826
v -2.16796 -1.241035 2.358911
v -1.975045 -1.241035 1.991621
v -2.267966 -1.423899 1.724338
v -2.12601 -1.423899 1.991621
v -2.802533 -1.423899 1.724337
v -2.53525 -1.423899 2.400861
v -2.94449 -1.423899 1.991621
v -2.267966 -1.423899 2.258905
v -2.802534 -1.423899 2.258905
v -2.53525 -1.423899 1.582381
v -2.305727 -1.441362 1.762098
v -2.53525 -1.441362 1.636693
v -2.764773 -1.441362 1.762098
v -2.890177 -1.441362 1.991621
v -2.764773 -1.441362 2.221144
v -2.53525 -1.441362 2.346549
v -2.305727 -1.441362 2.221144
v -2.180322 -1.441362 1.991621
v -2.321159 -1.254161 1.77753
v -2.53525 -1.254161 1.658518
v -2.749341 -1.254161 1.77753
v -2.868353 -1.254161 1.991621
v -2.749341 -1.254161 2.205712
v -2.53525 -1.254161 2.324725
v -2.321159 -1.254161 2.205712
v -2.202146 -1.254161 1.991621
v -2.010524 -0.557038 1.466895
v -2.535249 -0.557038 1.200144
v -3.059976 -0.557038 1.466895
v -3.326727 -0.557038 1.991621
v -3.059976 -0.557038 2.516347
v -2.53525 -0.557038 2.783098
v -2.010524 -0.557038 2.516347
v -1.743772 -0.557038 1.991621
v -2.699375 -0.369615 1.827496
v -2.371124 -0.369615 1.827496
v -2.371124 -0.369615 2.155747
v -2.699375 -0.369615 2.155747
v -2.699375 -0.111223 1.827496
v -2.371124 -0.111223 1.827496
v -2.371124 -0.111223 2.155747
v -2.699375 -0.111223 2.155747
v -2.679644 -0.088382 1.847227
v -2.390855 -0.088382 1.847227
v -2.390855 -0.088382 2.136016
v -2.679644 -0.088382 2.136016
v -2.371124 -0.133445 2.136551
v -2.371124 -0.133445 1.846691
v -2.371124 -0.347393 1.846691
v -2.371124 -0.347393 2.136551
v -2.626834 -0.133445 2.136551
v -2.626834 -0.133445 1.846691
v -2.626834 -0.347393 1.846691
v -2.626834 -0.347393 2.136551
v -2.24731 -0.541721 1.127803
v -2.24731 -0.51857 1.143728
v -2.823189 -0.518569 1.143728
v -2.823189 -0.541721 1.127803
v -2.247311 -0.51857 2.839515
v -2.247311 -0.541721 2.855439
v -2.823189 -0.541721 2.855439
v -2.823189 -0.518569 2.839515
v -1.671432 -0.541721 1.703682
v -1.687356 -0.51857 1.703682
v -3.383143 -0.518569 1.703682
v -3.399067 -0.541721 1.703682
v -1.671432 -0.541721 2.279561
v -1.687356 -0.51857 2.279561
v -3.383143 -0.518569 2.27956
v -3.399068 -0.541721 2.27956
v -2.646722 -0.088382 1.880149
v -2.423777 -0.088382 1.880149
v -2.423777 -0.088382 2.103094
v -2.646722 -0.088382 2.103094
v -2.646722 -0.053462 1.880149
v -2.423777 -0.053462 1.880149
v -2.423777 -0.053462 2.103094
v -2.646722 -0.053462 2.103094
v -2.629629 -0.033674 1.897242
v -2.44087 -0.033674 1.897242
v -2.44087 -0.033674 2.086001
v -2.629629 -0.033674 2.086001
f 1260 1275 1291
f 1260 1291 1276
f 1310 1309 1260
f 1310 1260 1261
f 1261 1260 1276
f 1261 1276 1277
f 1311 1310 1261
f 1311 1261 1262
f 1262 1261 1277
f 1262 1277 1278
f 1311 1262 1312
f 1312 1262 1263
f 1262 1278 1263
f 1263 1278 1279
f 1312 1263 1313
f 1313 1263 1264
f 1263 1279 1264
f 1264 1279 1280
f 1313 1264 1265
f 1313 1265 1314
f 1264 1280 1281
f 1264 1281 1265
f 1314 1265 1266
f 1314 1266 1315
f 1265 1281 1282
f 1265 1282 1266
f 1316 1315 1266
f 1316 1266 1267
f 1267 1266 1282
f 1267 1282 1283
f 1317 1316 1267
f 1317 1267 1268
f 1268 1267 1283
f 1268 1283 1284
f 1318 1317 1268
f 1318 1268 1269
f 1269 1268 1284
f 1269 1284 1285
f 1319 1318 1269
f 1319 1269 1270
f 1270 1269 1285
f 1270 1285 1286
f 1271 1320 1270
f 1270 1320 1319
f 1287 1271 1286
f 1286 1271 1270
f 1272 1321 1271
f 1271 1321 1320
f 1288 1272 1287
f 1287 1272 1271
f 1273 1322 1272
f 1272 1322 1321
f 1289 1273 1288
f 1288 1273 1272
f 1274 1323 1322
f 1274 1322 1273
f 1290 1274 1273
f 1290 1273 1289
f 1324 1323 1274
f 1324 1274 1275
f 1275 1274 1290
f 1275 1290 1291
f 1309 1324 1275
f 1309 1275 1260
f 1292 1276 1307
f 1307 1276 1291
f 1293 1277 1276
f 1293 1276 1292
f 1278 1277 1294
f 1294 1277 1293
f 1279 1278 1295
f 1295 1278 1294
f 1280 1279 1296
f 1296 1279 1295
f 1281 1280 1296
f 1281 1296 1297
f 1282 1281 1297
f 1282 1297 1298
f 1282 1298 1283
f 1283 1298 1299
f 1283 1299 1284
f 1284 1299 1300
f 1284 1300 1301
f 1284 1301 1285
f 1301 1302 1285
f 1285 1302 1286
f 1302 1303 1286
f 1286 1303 1287
f 1303 1304 1287
f 1287 1304 1288
f 1304 1305 1289
f 1304 1289 1288
f 1305 1306 1290
f 1305 1290 1289
f 1307 1291 1306
f 1306 1291 1290
f 1307 1308 1292
f 1292 1308 1293
f 1293 1308 1294
f 1294 1308 1295
f 1295 1308 1296
f 1296 1308 1297
f 1297 1308 1298
f 1298 1308 1299
f 1299 1308 1300
f 1300 1308 1301
f 1301 1308 1302
f 1302 1308 1303
f 1303 1308 1304
f 1304 1308 1305
f 1305 1308 1306
f 1306 1308 1307
f 1326 1327 1324
f 1326 1324 1309
f 1340 1325 1310
f 1340 1310 1311
f 1340 1311 1312
f 1340 1312 1339
f 1339 1312 1313
f 1339 1313 1338
f 1338 1313 1337
f 1337 1313 1314
f 1337 1314 1336
f 1336 1314 1315
f 1335 1336 1315
f 1335 1315 1316
f 1334 1335 1316
f 1334 1316 1317
f 1333 1334 1317
f 1333 1317 1318
f 1332 1333 1318
f 1332 1318 1319
f 1320 1331 1332
f 1320 1332 1319
f 1321 1330 1331
f 1321 1331 1320
f 1322 1329 1321
f 1321 1329 1330
f 1323 1328 1322
f 1322 1328 1329
f 1327 1328 1323
f 1327 1323 1324
f 1356 1341 1325
f 1356 1325 1340
f 1325 1326 1309
f 1325 1309 1310
f 1341 1342 1326
f 1341 1326 1325
f 1342 1343 1327
f 1342 1327 1326
f 1343 1344 1328
f 1343 1328 1327
f 1328 1344 1345
f 1328 1345 1329
f 1329 1345 1346
f 1329 1346 1330
f 1330 1346 1347
f 1330 1347 1331
f 1331 1347 1348
f 1331 1348 1332
f 1348 1349 1333
f 1348 1333 1332
f 1349 1350 1334
f 1349 1334 1333
f 1350 1351 1335
f 1350 1335 1334
f 1351 1352 1336
f 1351 1336 1335
f 1353 1337 1336
f 1353 1336 1352
f 1354 1338 1337
f 1354 1337 1353
f 1355 1339 1338
f 1355 1338 1354
f 1356 1340 1339
f 1356 1339 1355
f 1354 1353 1355
f 1355 1353 1352
f 1355 1352 1356
f 1356 1352 1351
f 1356 1351 1341
f 1341 1351 1350
f 1341 1350 1342
f 1342 1350 1349
f 1342 1349 1343
f 1343 1349 1348
f 1343 1348 1344
f 1344 1348 1347
f 1344 1347 1345
f 1345 1347 1346
f 1357 1579 1578
f 1357 1578 1358
f 1357 1599 1607
f 1358 1360 1612
f 1358 1612 1608
f 1578 1581 1360
f 1578 1360 1358
f 1599 1357 1358
f 1599 1358 1600
f 1357 1359 1580
f 1357 1580 1579
f 1359 1602 1605
f 1359 1605 1360
f 1580 1359 1581
f 1581 1359 1360
f 1360 1605 1612
f 1361 1365 1606
f 1361 1606 1598
f 1369 1365 1361
f 1369 1361 1370
f 1371 1362 1372
f 1372 1362 1366
f 1363 1364 1604
f 1363 1604 1603
f 1367 1376 1363
f 1363 1376 1375
f 1364 1368 1613
f 1364 1613 1604
f 1364 1374 1373
f 1364 1373 1368
f 1606 1365 1367
f 1606 1367 1610
f 1373 1372 1366
f 1373 1366 1368
f 1367 1365 1369
f 1367 1369 1376
f 1376 1369 1377
f 1376 1377 1384
f 1377 1369 1370
f 1377 1370 1378
f 1370 1361 1371
f 1371 1361 1362
f 1378 1370 1379
f 1379 1370 1371
f 1379 1371 1380
f 1380 1371 1372
f 1381 1380 1372
f 1381 1372 1373
f 1374 1382 1381
f 1374 1381 1373
f 1363 1375 1374
f 1363 1374 1364
f 1375 1383 1382
f 1375 1382 1374
f 1376 1384 1375
f 1375 1384 1383
f 1377 1385 1577
f 1377 1577 1392
f 1377 1392 1384
f 1377 1378 1386
f 1377 1386 1570
f 1377 1570 1385
f 1378 1379 1387
f 1378 1387 1571
f 1378 1571 1386
f 1379 1380 1388
f 1379 1388 1572
f 1379 1572 1387
f 1388 1380 1573
f 1573 1380 1381
f 1573 1381 1389
f 1381 1382 1390
f 1381 1390 1574
f 1381 1574 1389
f 1382 1383 1391
f 1382 1391 1575
f 1382 1575 1390
f 1383 1384 1392
f 1383 1392 1576
f 1383 1576 1391
f 1577 1385 1448
f 1448 1385 1393
f 1393 1385 1570
f 1393 1570 1441
f 1441 1570 1386
f 1441 1386 1394
f 1394 1386 1571
f 1394 1571 1442
f 1442 1571 1395
f 1395 1571 1387
f 1395 1387 1443
f 1443 1387 1572
f 1443 1572 1396
f 1396 1572 1388
f 1444 1396 1388
f 1444 1388 1573
f 1397 1444 1573
f 1397 1573 1389
f 1574 1445 1397
f 1574 1397 1389
f 1390 1398 1445
f 1390 1445 1574
f 1575 1446 1398
f 1575 1398 1390
f 1391 1399 1446
f 1391 1446 1575
f 1576 1447 1391
f 1391 1447 1399
f 1392 1400 1576
f 1576 1400 1447
f 1392 1577 1448
f 1392 1448 1400
f 1441 1530 1450
f 1441 1450 1393
f 1393 1450 1537
f 1393 1537 1448
f 1531 1452 1394
f 1531 1394 1442
f 1452 1530 1441
f 1452 1441 1394
f 1532 1454 1395
f 1532 1395 1443
f 1454 1531 1442
f 1454 1442 1395
f 1456 1396 1444
f 1456 1444 1533
f 1532 1443 1396
f 1532 1396 1456
f 1458 1397 1445
f 1458 1445 1534
f 1533 1444 1397
f 1533 1397 1458
f 1535 1460 1398
f 1535 1398 1446
f 1460 1534 1445
f 1460 1445 1398
f 1536 1462 1399
f 1536 1399 1447
f 1462 1535 1446
f 1462 1446 1399
f 1448 1537 1464
f 1448 1464 1400
f 1400 1464 1536
f 1400 1536 1447
f 1449 1538 1401
f 1401 1538 1465
f 1530 1449 1450
f 1450 1449 1401
f 1401 1465 1545
f 1401 1545 1463
f 1539 1466 1402
f 1539 1402 1451
f 1451 1402 1452
f 1451 1452 1531
f 1466 1538 1449
f 1466 1449 1402
f 1540 1467 1403
f 1540 1403 1453
f 1453 1403 1454
f 1453 1454 1532
f 1467 1539 1451
f 1467 1451 1403
f 1468 1404 1455
f 1468 1455 1541
f 1404 1456 1533
f 1404 1533 1455
f 1540 1453 1404
f 1540 1404 1468
f 1469 1405 1542
f 1542 1405 1457
f 1405 1458 1457
f 1457 1458 1534
f 1541 1455 1469
f 1469 1455 1405
f 1543 1470 1406
f 1543 1406 1459
f 1459 1406 1460
f 1459 1460 1535
f 1470 1542 1457
f 1470 1457 1406
f 1544 1471 1407
f 1544 1407 1461
f 1461 1407 1462
f 1461 1462 1536
f 1471 1543 1459
f 1471 1459 1407
f 1463 1545 1472
f 1463 1472 1408
f 1537 1463 1408
f 1537 1408 1464
f 1408 1472 1544
f 1408 1544 1461
f 1409 1465 1538
f 1409 1538 1480
f 1465 1409 1545
f 1545 1409 1481
f 1487 1410 1466
f 1487 1466 1539
f 1480 1538 1466
f 1480 1466 1410
f 1473 1410 1553
f 1553 1410 1487
f 1411 1467 1482
f 1482 1467 1540
f 1474 1411 1548
f 1548 1411 1482
f 1411 1487 1539
f 1411 1539 1467
f 1412 1468 1484
f 1484 1468 1541
f 1482 1540 1412
f 1412 1540 1468
f 1550 1475 1412
f 1550 1412 1484
f 1542 1486 1413
f 1542 1413 1469
f 1484 1541 1413
f 1413 1541 1469
f 1486 1552 1476
f 1486 1476 1413
f 1483 1414 1470
f 1483 1470 1543
f 1483 1549 1477
f 1483 1477 1414
f 1470 1414 1486
f 1470 1486 1542
f 1544 1485 1471
f 1471 1485 1415
f 1415 1483 1543
f 1415 1543 1471
f 1485 1551 1415
f 1415 1551 1478
f 1545 1481 1416
f 1545 1416 1472
f 1416 1481 1547
f 1416 1547 1479
f 1472 1416 1544
f 1544 1416 1485
f 1498 1417 1488
f 1498 1488 1554
f 1417 1489 1546
f 1417 1546 1488
f 1561 1496 1417
f 1561 1417 1498
f 1500 1418 1490
f 1500 1490 1555
f 1554 1488 1418
f 1554 1418 1500
f 1502 1419 1556
f 1556 1419 1491
f 1555 1490 1502
f 1502 1490 1419
f 1504 1420 1557
f 1557 1420 1492
f 1556 1491 1504
f 1504 1491 1420
f 1493 1558 1506
f 1493 1506 1421
f 1421 1506 1557
f 1421 1557 1492
f 1494 1559 1508
f 1494 1508 1422
f 1422 1508 1558
f 1422 1558 1493
f 1495 1560 1423
f 1423 1560 1510
f 1423 1510 1559
f 1423 1559 1494
f 1496 1561 1424
f 1424 1561 1512
f 1424 1512 1495
f 1495 1512 1560
f 1497 1562 1425
f 1425 1562 1514
f 1554 1497 1498
f 1498 1497 1425
f 1425 1514 1569
f 1425 1569 1511
f 1426 1499 1563
f 1426 1563 1516
f 1500 1555 1499
f 1500 1499 1426
f 1497 1426 1516
f 1497 1516 1562
f 1427 1501 1564
f 1427 1564 1518
f 1502 1556 1501
f 1502 1501 1427
f 1499 1427 1518
f 1499 1518 1563
f 1520 1428 1503
f 1520 1503 1565
f 1428 1504 1557
f 1428 1557 1503
f 1564 1501 1428
f 1564 1428 1520
f 1522 1429 1566
f 1566 1429 1505
f 1429 1506 1505
f 1505 1506 1558
f 1565 1503 1522
f 1522 1503 1429
f 1430 1507 1567
f 1430 1567 1524
f 1508 1559 1507
f 1508 1507 1430
f 1505 1430 1524
f 1505 1524 1566
f 1431 1509 1568
f 1431 1568 1526
f 1510 1560 1509
f 1510 1509 1431
f 1507 1431 1526
f 1507 1526 1567
f 1511 1569 1528
f 1511 1528 1432
f 1561 1511 1432
f 1561 1432 1512
f 1432 1528 1568
f 1432 1568 1509
f 1527 1433 1513
f 1527 1513 1529
f 1514 1562 1433
f 1433 1562 1513
f 1513 1434 1515
f 1513 1515 1529
f 1516 1563 1434
f 1434 1563 1515
f 1529 1515 1435
f 1529 1435 1517
f 1435 1518 1564
f 1435 1564 1517
f 1529 1517 1519
f 1519 1517 1436
f 1436 1520 1565
f 1436 1565 1519
f 1521 1529 1519
f 1521 1519 1437
f 1522 1566 1437
f 1437 1566 1521
f 1523 1529 1438
f 1438 1529 1521
f 1524 1567 1438
f 1438 1567 1523
f 1439 1525 1529
f 1439 1529 1523
f 1568 1525 1439
f 1568 1439 1526
f 1440 1527 1525
f 1525 1527 1529
f 1569 1527 1440
f 1569 1440 1528
f 1402 1449 1530
f 1402 1530 1452
f 1403 1451 1531
f 1403 1531 1454
f 1453 1532 1456
f 1453 1456 1404
f 1455 1533 1405
f 1405 1533 1458
f 1406 1457 1534
f 1406 1534 1460
f 1407 1459 1535
f 1407 1535 1462
f 1464 1408 1461
f 1464 1461 1536
f 1450 1401 1463
f 1450 1463 1537
f 1546 1480 1410
f 1546 1410 1473
f 1418 1473 1553
f 1418 1553 1490
f 1419 1474 1491
f 1491 1474 1548
f 1553 1487 1474
f 1474 1487 1411
f 1548 1482 1475
f 1475 1482 1412
f 1420 1475 1492
f 1492 1475 1550
f 1476 1550 1413
f 1413 1550 1484
f 1552 1493 1421
f 1552 1421 1476
f 1549 1494 1422
f 1549 1422 1477
f 1414 1477 1552
f 1414 1552 1486
f 1415 1478 1483
f 1483 1478 1549
f 1551 1495 1478
f 1478 1495 1423
f 1547 1496 1479
f 1479 1496 1424
f 1416 1479 1485
f 1485 1479 1551
f 1489 1409 1480
f 1489 1480 1546
f 1488 1546 1473
f 1488 1473 1418
f 1481 1409 1547
f 1547 1409 1489
f 1490 1553 1419
f 1419 1553 1474
f 1491 1548 1420
f 1420 1548 1475
f 1476 1421 1492
f 1476 1492 1550
f 1477 1422 1493
f 1477 1493 1552
f 1478 1423 1494
f 1478 1494 1549
f 1479 1424 1551
f 1551 1424 1495
f 1496 1547 1489
f 1496 1489 1417
f 1554 1500 1426
f 1554 1426 1497
f 1555 1502 1427
f 1555 1427 1499
f 1501 1556 1504
f 1501 1504 1428
f 1503 1557 1429
f 1429 1557 1506
f 1558 1508 1430
f 1558 1430 1505
f 1559 1510 1431
f 1559 1431 1507
f 1512 1432 1509
f 1512 1509 1560
f 1498 1425 1511
f 1498 1511 1561
f 1516 1434 1562
f 1562 1434 1513
f 1563 1518 1435
f 1563 1435 1515
f 1564 1520 1436
f 1564 1436 1517
f 1519 1565 1437
f 1437 1565 1522
f 1521 1566 1438
f 1438 1566 1524
f 1567 1526 1439
f 1567 1439 1523
f 1568 1528 1440
f 1568 1440 1525
f 1514 1433 1527
f 1514 1527 1569
f 1578 1582 1585
f 1578 1585 1581
f 1578 1579 1583
f 1578 1583 1582
f 1583 1579 1592
f 1583 1592 1591
f 1592 1579 1593
f 1593 1579 1580
f 1580 1581 1585
f 1580 1585 1584
f 1587 1583 1588
f 1588 1583 1584
f 1583 1591 1590
f 1583 1590 1584
f 1584 1585 1589
f 1584 1589 1588
f 1590 1593 1580
f 1590 1580 1584
f 1582 1586 1589
f 1582 1589 1585
f 1614 1617 1589
f 1614 1589 1586
f 1582 1583 1587
f 1582 1587 1586
f 1587 1615 1614
f 1587 1614 1586
f 1587 1588 1616
f 1587 1616 1615
f 1616 1588 1617
f 1617 1588 1589
f 1597 1593 1590
f 1597 1590 1594
f 1590 1591 1595
f 1590 1595 1594
f 1592 1596 1595
f 1592 1595 1591
f 1592 1593 1597
f 1592 1597 1596
f 1595 1596 1597
f 1595 1597 1594
f 1362 1361 1598
f 1362 1598 1601
f 1598 1606 1607
f 1598 1607 1599
f 1609 1601 1600
f 1609 1600 1608
f 1601 1598 1599
f 1601 1599 1600
f 1366 1362 1601
f 1366 1601 1609
f 1610 1603 1602
f 1610 1602 1611
f 1603 1604 1605
f 1603 1605 1602
f 1367 1363 1603
f 1367 1603 1610
f 1604 1613 1612
f 1604 1612 1605
f 1607 1606 1610
f 1607 1610 1611
f 1607 1611 1359
f 1607 1359 1357
f 1608 1600 1358
f 1609 1608 1612
f 1609 1612 1613
f 1366 1609 1613
f 1366 1613 1368
f 1611 1602 1359
f 1614 1618 1621
f 1614 1621 1617
f 1614 1615 1619
f 1614 1619 1618
f 1619 1615 1616
f 1619 1616 1620
f 1616 1617 1621
f 1616 1621 1620
f 1619 1620 1624
f 1619 1624 1623
f 1624 1620 1625
f 1625 1620 1621
f 1622 1625 1621
f 1622 1621 1618
f 1619 1623 1622
f 1619 1622 1618
f 1623 1624 1625
f 1623 1625 1622
o NoName9
v -2.53525 0.006345 -1.473261
v -2.507458 0.006345 -1.467732
v -2.483897 0.006345 -1.45199
v -2.468154 0.006345 -1.428429
v -2.462626 0.006345 -1.400637
v -2.468154 0.006345 -1.372845
v -2.483897 0.006345 -1.349284
v -2.507458 0.006345 -1.333541
v -2.53525 0.006345 -1.328013
v -2.563041 0.006345 -1.333541
v -2.586602 0.006345 -1.349284
v -2.602345 0.006345 -1.372845
v -2.607873 0.006345 -1.400637
v -2.602345 0.006345 -1.428429
v -2.586602 0.006345 -1.45199
v -2.563041 0.006345 -1.467732
v -2.53525 0.035868 -1.456221
v -2.513979 0.035868 -1.45199
v -2.495946 0.035868 -1.43994
v -2.483897 0.035868 -1.421908
v -2.479666 0.035868 -1.400637
v -2.483897 0.035868 -1.379366
v -2.495946 0.035868 -1.361333
v -2.513979 0.035868 -1.349284
v -2.53525 0.035868 -1.345053
v -2.556521 0.035868 -1.349284
v -2.574553 0.035868 -1.361333
v -2.586602 0.035868 -1.379366
v -2.590833 0.035868 -1.400637
v -2.586602 0.035868 -1.421908
v -2.574553 0.035868 -1.43994
v -2.556521 0.035868 -1.45199
v -2.53525 0.055594 -1.430719
v -2.523738 0.055594 -1.428429
v -2.513979 0.055594 -1.421908
v -2.507458 0.055594 -1.412149
v -2.505168 0.055594 -1.400637
v -2.507458 0.055594 -1.389125
v -2.513979 0.055594 -1.379366
v -2.523738 0.055594 -1.372845
v -2.53525 0.055594 -1.370555
v -2.546762 0.055594 -1.372845
v -2.556521 0.055594 -1.379366
v -2.563041 0.055594 -1.389125
v -2.565331 0.055594 -1.400637
v -2.563041 0.055594 -1.412149
v -2.556521 0.055594 -1.421908
v -2.546762 0.055594 -1.428429
v -2.53525 0.062521 -1.400637
v -2.53525 -0.022718 -1.478254
v -2.505547 -0.022718 -1.472346
v -2.480366 -0.022718 -1.455521
v -2.463541 -0.022718 -1.43034
v -2.457632 -0.022718 -1.400637
v -2.463541 -0.022718 -1.370934
v -2.480366 -0.022718 -1.345753
v -2.505547 -0.022718 -1.328928
v -2.53525 -0.022718 -1.323019
v -2.564953 -0.022718 -1.328928
v -2.590133 -0.022718 -1.345753
v -2.606959 -0.022718 -1.370934
v -2.612867 -0.022718 -1.400637
v -2.606959 -0.022718 -1.43034
v -2.590133 -0.022718 -1.455521
v -2.564953 -0.022718 -1.472346
v -2.507148 -0.028479 -1.468481
v -2.53525 -0.028479 -1.474071
v -2.563351 -0.028479 -1.468481
v -2.587175 -0.028479 -1.452562
v -2.603094 -0.028479 -1.428739
v -2.608683 -0.028479 -1.400637
v -2.603094 -0.028479 -1.372535
v -2.587175 -0.028479 -1.348711
v -2.563352 -0.028479 -1.332793
v -2.53525 -0.028479 -1.327203
v -2.507148 -0.028479 -1.332793
v -2.483324 -0.028479 -1.348711
v -2.467406 -0.028479 -1.372535
v -2.461816 -0.028479 -1.400637
v -2.467406 -0.028479 -1.428739
v -2.483324 -0.028479 -1.452562
v -2.507148 -0.036228 -1.468481
v -2.53525 -0.036228 -1.474071
v -2.563351 -0.036228 -1.468481
v -2.587175 -0.036228 -1.452562
v -2.603094 -0.036228 -1.428739
v -2.608683 -0.036228 -1.400637
v -2.603094 -0.036228 -1.372535
v -2.587175 -0.036228 -1.348711
v -2.563352 -0.036228 -1.332793
v -2.53525 -0.036228 -1.327203
v -2.507148 -0.036228 -1.332793
v -2.483324 -0.036228 -1.348711
v -2.467406 -0.036228 -1.372535
v -2.461816 -0.036228 -1.400637
v -2.467406 -0.036228 -1.428739
v -2.483324 -0.036228 -1.452562
v -2.24731 -0.369615 -1.688576
v -2.823189 -0.369615 -1.688576
v -2.24731 -0.369615 -1.112697
v -2.823189 -0.369615 -1.112698
v -2.24731 -0.660035 -2.264455
v -2.823189 -0.660034 -2.264455
v -2.247311 -0.660035 -0.536819
v -2.823189 -0.660034 -0.536819
v -1.671432 -0.660035 -1.688576
v -3.399067 -0.660034 -1.688576
v -1.671432 -0.660035 -1.112697
v -3.399068 -0.660034 -1.112698
v -1.696406 -0.688946 -1.678231
v -2.257655 -0.688946 -2.23948
v -2.812844 -0.688946 -2.23948
v -3.374093 -0.688946 -1.678232
v -3.374094 -0.688946 -1.123042
v -2.812845 -0.688946 -0.561793
v -2.257655 -0.688946 -0.561793
v -1.696406 -0.688946 -1.123042
v -1.743772 -0.688946 -1.658612
v -2.277275 -0.688946 -2.192114
v -2.793224 -0.688946 -2.192114
v -3.326727 -0.688946 -1.658612
v -3.326727 -0.688946 -1.142662
v -2.793225 -0.688946 -0.60916
v -2.277275 -0.688946 -0.609159
v -1.743773 -0.688946 -1.142662
v -1.743772 -0.557038 -1.658612
v -2.277275 -0.557038 -2.192114
v -2.793224 -0.557038 -2.192114
v -3.326727 -0.557038 -1.658612
v -3.326727 -0.557038 -1.142662
v -2.793225 -0.557038 -0.60916
v -2.277275 -0.557038 -0.609159
v -1.743773 -0.557038 -1.142662
v -1.914996 -0.557038 -1.617505
v -2.318381 -0.557038 -2.02089
v -2.752118 -0.557038 -2.02089
v -3.155503 -0.557038 -1.617506
v -3.155503 -0.557038 -1.183768
v -2.752118 -0.557038 -0.780383
v -2.318381 -0.557038 -0.780383
v -1.914996 -0.557038 -1.183768
v -1.942066 -1.05216 -1.608041
v -2.327846 -1.05216 -1.993821
v -2.742654 -1.05216 -1.993821
v -3.128434 -1.05216 -1.608041
v -3.128434 -1.05216 -1.193233
v -2.742654 -1.05216 -0.807453
v -2.327846 -1.05216 -0.807453
v -1.942066 -1.05216 -1.193233
v -2.111969 -1.369452 -1.548336
v -2.38755 -1.369452 -1.823918
v -2.682949 -1.369452 -1.823918
v -2.958531 -1.369452 -1.548336
v -2.958531 -1.369452 -1.252937
v -2.682949 -1.369452 -0.977356
v -2.38755 -1.369452 -0.977355
v -2.111969 -1.369452 -1.252937
v -2.189016 -1.436996 -1.519277
v -2.41661 -1.436996 -1.74687
v -2.65389 -1.436996 -1.74687
v -2.881483 -1.436996 -1.519277
v -2.881483 -1.436996 -1.281997
v -2.65389 -1.436996 -1.054403
v -2.41661 -1.436996 -1.054403
v -2.189016 -1.436996 -1.281997
v -2.226843 -1.394562 -1.503793
v -2.432093 -1.394562 -1.709044
v -2.638406 -1.394562 -1.709044
v -2.843657 -1.394562 -1.503793
v -2.843657 -1.394562 -1.29748
v -2.638406 -1.394562 -1.09223
v -2.432093 -1.394562 -1.09223
v -2.226843 -1.394562 -1.29748
v -2.278829 -1.150161 -1.493129
v -2.442758 -1.150161 -1.657058
v -2.627742 -1.150161 -1.657058
v -2.791671 -1.150161 -1.493129
v -2.791671 -1.150161 -1.308145
v -2.627742 -1.150161 -1.144216
v -2.442758 -1.150161 -1.144216
v -2.278829 -1.150161 -1.308145
v -2.090282 -0.557038 -1.845604
v -2.535249 -0.557038 -2.079319
v -2.980217 -0.557038 -1.845605
v -3.213932 -0.557038 -1.400637
v -2.980217 -0.557038 -0.955669
v -2.53525 -0.557038 -0.721955
v -2.090282 -0.557038 -0.955669
v -1.856568 -0.557038 -1.400637
v -2.109701 -1.05216 -1.826185
v -1.914996 -0.816336 -1.617505
v -2.53525 -1.05216 -2.0497
v -2.318381 -0.816336 -2.02089
v -2.960798 -1.05216 -1.826185
v -2.752118 -0.816336 -2.02089
v -3.184312 -1.05216 -1.400637
v -3.155503 -0.816336 -1.617506
v -2.960798 -1.05216 -0.975089
v -3.155503 -0.816336 -1.183768
v -2.53525 -1.05216 -0.751574
v -2.752119 -0.816336 -0.780383
v -2.109702 -1.05216 -0.975088
v -2.318381 -0.816336 -0.780383
v -1.886187 -1.05216 -1.400637
v -1.914996 -0.816336 -1.183768
v -2.023273 -1.241035 -1.579647
v -2.35624 -1.241035 -1.912613
v -2.71426 -1.241035 -1.912613
v -3.047226 -1.241035 -1.579647
v -3.047226 -1.241035 -1.221627
v -2.71426 -1.241035 -0.888661
v -2.35624 -1.241035 -0.888661
v -2.023274 -1.241035 -1.221627
v -2.405765 -1.423899 -1.774388
v -2.664734 -1.423899 -1.774388
v -2.909001 -1.423899 -1.530122
v -2.909001 -1.423899 -1.271152
v -2.664735 -1.423899 -1.026886
v -2.405765 -1.423899 -1.026886
v -2.161499 -1.423899 -1.271152
v -2.2318 -1.369452 -1.704086
v -2.072025 -1.369452 -1.400637
v -2.838699 -1.369452 -1.704086
v -2.53525 -1.369452 -0.937412
v -2.998475 -1.369452 -1.400637
v -2.2318 -1.369452 -1.097187
v -2.838699 -1.369452 -1.097187
v -2.53525 -1.369452 -1.863862
v -2.28857 -1.436996 -1.647316
v -2.161499 -1.423899 -1.530121
v -2.53525 -1.436996 -1.780055
v -2.781929 -1.436996 -1.647316
v -2.914668 -1.436996 -1.400637
v -2.781929 -1.436996 -1.153957
v -2.53525 -1.436996 -1.021219
v -2.28857 -1.436996 -1.153957
v -2.155832 -1.436996 -1.400637
v -2.317301 -1.394562 -1.618586
v -2.211673 -1.441362 -1.510077
v -2.53525 -1.394562 -1.739196
v -2.42581 -1.441362 -1.724213
v -2.753199 -1.394562 -1.618586
v -2.64469 -1.441362 -1.724213
v -2.873809 -1.394562 -1.400637
v -2.858826 -1.441362 -1.510077
v -2.753199 -1.394562 -1.182688
v -2.858826 -1.441362 -1.291197
v -2.53525 -1.394562 -1.062077
v -2.64469 -1.441362 -1.07706
v -2.317301 -1.394562 -1.182688
v -2.42581 -1.441362 -1.07706
v -2.19669 -1.394562 -1.400637
v -2.211673 -1.441362 -1.291197
v -2.374681 -1.113761 -1.561205
v -2.231899 -1.254161 -1.501699
v -2.53525 -1.113761 -1.650464
v -2.434188 -1.254161 -1.703987
v -2.695818 -1.113761 -1.561205
v -2.636312 -1.254161 -1.703987
v -2.785077 -1.113761 -1.400637
v -2.8386 -1.254161 -1.501699
v -2.695818 -1.113761 -1.240069
v -2.8386 -1.254161 -1.299575
v -2.53525 -1.113761 -1.150809
v -2.636312 -1.254161 -1.097287
v -2.374682 -1.113761 -1.240069
v -2.434188 -1.254161 -1.097287
v -2.285422 -1.113761 -1.400637
v -2.231899 -1.254161 -1.299575
v -2.53525 -1.066961 -1.400637
v -2.090282 -0.816336 -1.845604
v -2.53525 -0.816336 -2.079319
v -2.980217 -0.816336 -1.845605
v -3.213932 -0.816336 -1.400637
v -2.980217 -0.816336 -0.955669
v -2.53525 -0.816336 -0.721955
v -2.090282 -0.816336 -0.955669
v -1.856568 -0.816336 -1.400637
v -2.16796 -1.241035 -1.767927
v -2.53525 -1.241035 -1.960842
v -2.90254 -1.241035 -1.767927
v -3.095455 -1.241035 -1.400637
v -2.90254 -1.241035 -1.033347
v -2.53525 -1.241035 -0.840432
v -2.16796 -1.241035 -1.033347
v -1.975045 -1.241035 -1.400637
v -2.267966 -1.423899 -1.66792
v -2.12601 -1.423899 -1.400637
v -2.802533 -1.423899 -1.667921
v -2.53525 -1.423899 -0.991397
v -2.94449 -1.423899 -1.400637
v -2.267966 -1.423899 -1.133353
v -2.802534 -1.423899 -1.133353
v -2.53525 -1.423899 -1.809877
v -2.305727 -1.441362 -1.63016
v -2.53525 -1.441362 -1.755565
v -2.764773 -1.441362 -1.63016
v -2.890177 -1.441362 -1.400637
v -2.764773 -1.441362 -1.171114
v -2.53525 -1.441362 -1.045709
v -2.305727 -1.441362 -1.171114
v -2.180322 -1.441362 -1.400637
v -2.321159 -1.254161 -1.614728
v -2.53525 -1.254161 -1.73374
v -2.749341 -1.254161 -1.614728
v -2.868353 -1.254161 -1.400637
v -2.749341 -1.254161 -1.186546
v -2.53525 -1.254161 -1.067533
v -2.321159 -1.254161 -1.186546
v -2.202146 -1.254161 -1.400637
v -2.010524 -0.557038 -1.925363
v -2.535249 -0.557038 -2.192114
v -3.059976 -0.557038 -1.925363
v -3.326727 -0.557038 -1.400637
v -3.059976 -0.557038 -0.875911
v -2.53525 -0.557038 -0.60916
v -2.010524 -0.557038 -0.875911
v -1.743772 -0.557038 -1.400637
v -2.699375 -0.369615 -1.564762
v -2.371124 -0.369615 -1.564762
v -2.371124 -0.369615 -1.236511
v -2.699375 -0.369615 -1.236511
v -2.699375 -0.111223 -1.564762
v -2.371124 -0.111223 -1.564762
v -2.371124 -0.111223 -1.236511
v -2.699375 -0.111223 -1.236511
v -2.679644 -0.088382 -1.545032
v -2.390855 -0.088382 -1.545031
v -2.390855 -0.088382 -1.256242
v -2.679644 -0.088382 -1.256242
v -2.371124 -0.133445 -1.255707
v -2.371124 -0.133445 -1.545567
v -2.371124 -0.347393 -1.545567
v -2.371124 -0.347393 -1.255707
v -2.626834 -0.133445 -1.255707
v -2.626834 -0.133445 -1.545567
v -2.626834 -0.347393 -1.545567
v -2.626834 -0.347393 -1.255707
v -2.24731 -0.541721 -2.264455
v -2.24731 -0.51857 -2.24853
v -2.823189 -0.518569 -2.24853
v -2.823189 -0.541721 -2.264455
v -2.247311 -0.51857 -0.552743
v -2.247311 -0.541721 -0.536819
v -2.823189 -0.541721 -0.536819
v -2.823189 -0.518569 -0.552743
v -1.671432 -0.541721 -1.688576
v -1.687356 -0.51857 -1.688576
v -3.383143 -0.518569 -1.688576
v -3.399067 -0.541721 -1.688576
v -1.671432 -0.541721 -1.112697
v -1.687356 -0.51857 -1.112697
v -3.383143 -0.518569 -1.112698
v -3.399068 -0.541721 -1.112698
v -2.646722 -0.088382 -1.51211
v -2.423777 -0.088382 -1.51211
v -2.423777 -0.088382 -1.289164
v -2.646722 -0.088382 -1.289164
v -2.646722 -0.053462 -1.51211
v -2.423777 -0.053462 -1.51211
v -2.423777 -0.053462 -1.289164
v -2.646722 -0.053462 -1.289164
v -2.629629 -0.033674 -1.495016
v -2.44087 -0.033674 -1.495016
v -2.44087 -0.033674 -1.306257
v -2.629629 -0.033674 -1.306257
f 1626 1641 1657
f 1626 1657 1642
f 1676 1675 1626
f 1676 1626 1627
f 1627 1626 1642
f 1627 1642 1643
f 1677 1676 1627
f 1677 1627 1628
f 1628 1627 1643
f 1628 1643 1644
f 1677 1628 1678
f 1678 1628 1629
f 1628 1644 1629
f 1629 1644 1645
f 1678 1629 1679
f 1679 1629 1630
f 1629 1645 1630
f 1630 1645 1646
f 1679 1630 1631
f 1679 1631 1680
f 1630 1646 1647
f 1630 1647 1631
f 1680 1631 1632
f 1680 1632 1681
f 1631 1647 1648
f 1631 1648 1632
f 1682 1681 1632
f 1682 1632 1633
f 1633 1632 1648
f 1633 1648 1649
f 1683 1682 1633
f 1683 1633 1634
f 1634 1633 1649
f 1634 1649 1650
f 1684 1683 1634
f 1684 1634 1635
f 1635 1634 1650
f 1635 1650 1651
f 1685 1684 1635
f 1685 1635 1636
f 1636 1635 1651
f 1636 1651 1652
f 1637 1686 1636
f 1636 1686 1685
f 1653 1637 1652
f 1652 1637 1636
f 1638 1687 1637
f 1637 1687 1686
f 1654 1638 1653
f 1653 1638 1637
f 1639 1688 1638
f 1638 1688 1687
f 1655 1639 1654
f 1654 1639 1638
f 1640 1689 1688
f 1640 1688 1639
f 1656 1640 1639
f 1656 1639 1655
f 1690 1689 1640
f 1690 1640 1641
f 1641 1640 1656
f 1641 1656 1657
f 1675 1690 1641
f 1675 1641 1626
f 1658 1642 1673
f 1673 1642 1657
f 1659 1643 1642
f 1659 1642 1658
f 1644 1643 1660
f 1660 1643 1659
f 1645 1644 1661
f 1661 1644 1660
f 1646 1645 1662
f 1662 1645 1661
f 1647 1646 1662
f 1647 1662 1663
f 1648 1647 1663
f 1648 1663 1664
f 1648 1664 1649
f 1649 1664 1665
f 1649 1665 1650
f 1650 1665 1666
f 1650 1666 1667
f 1650 1667 1651
f 1667 1668 1651
f 1651 1668 1652
f 1668 1669 1652
f 1652 1669 1653
f 1669 1670 1653
f 1653 1670 1654
f 1670 1671 1655
f 1670 1655 1654
f 1671 1672 1656
f 1671 1656 1655
f 1673 1657 1672
f 1672 1657 1656
f 1673 1674 1658
f 1658 1674 1659
f 1659 1674 1660
f 1660 1674 1661
f 1661 1674 1662
f 1662 1674 1663
f 1663 1674 1664
f 1664 1674 1665
f 1665 1674 1666
f 1666 1674 1667
f 1667 1674 1668
f 1668 1674 1669
f 1669 1674 1670
f 1670 1674 1671
f 1671 1674 1672
f 1672 1674 1673
f 1692 1693 1690
f 1692 1690 1675
f 1706 1691 1676
f 1706 1676 1677
f 1706 1677 1678
f 1706 1678 1705
f 1705 1678 1679
f 1705 1679 1704
f 1704 1679 1703
f 1703 1679 1680
f 1703 1680 1702
f 1702 1680 1681
f 1701 1702 1681
f 1701 1681 1682
f 1700 1701 1682
f 1700 1682 1683
f 1699 1700 1683
f 1699 1683 1684
f 1698 1699 1684
f 1698 1684 1685
f 1686 1697 1698
f 1686 1698 1685
f 1687 1696 1697
f 1687 1697 1686
f 1688 1695 1687
f 1687 1695 1696
f 1689 1694 1688
f 1688 1694 1695
f 1693 1694 1689
f 1693 1689 1690
f 1722 1707 1691
f 1722 1691 1706
f 1691 1692 1675
f 1691 1675 1676
f 1707 1708 1692
f 1707 1692 1691
f 1708 1709 1693
f 1708 1693 1692
f 1709 1710 1694
f 1709 1694 1693
f 1694 1710 1711
f 1694 1711 1695
f 1695 1711 1712
f 1695 1712 1696
f 1696 1712 1713
f 1696 1713 1697
f 1697 1713 1714
f 1697 1714 1698
f 1714 1715 1699
f 1714 1699 1698
f 1715 1716 1700
f 1715 1700 1699
f 1716 1717 1701
f 1716 1701 1700
f 1717 1718 1702
f 1717 1702 1701
f 1719 1703 1702
f 1719 1702 1718
f 1720 1704 1703
f 1720 1703 1719
f 1721 1705 1704
f 1721 1704 1720
f 1722 1706 1705
f 1722 1705 1721
f 1720 1719 1721
f 1721 1719 1718
f 1721 1718 1722
f 1722 1718 1717
f 1722 1717 1707
f 1707 1717 1716
f 1707 1716 1708
f 1708 1716 1715
f 1708 1715 1709
f 1709 1715 1714
f 1709 1714 1710
f 1710 1714 1713
f 1710 1713 1711
f 1711 1713 1712
f 1723 1945 1944
f 1723 1944 1724
f 1723 1965 1973
f 1724 1726 1978
f 1724 1978 1974
f 1944 1947 1726
f 1944 1726 1724
f 1965 1723 1724
f 1965 1724 1966
f 1723 1725 1946
f 1723 1946 1945
f 1725 1968 1971
f 1725 1971 1726
f 1946 1725 1947
f 1947 1725 1726
f 1726 1971 1978
f 1727 1731 1972
f 1727 1972 1964
f 1735 1731 1727
f 1735 1727 1736
f 1737 1728 1738
f 1738 1728 1732
f 1729 1730 1970
f 1729 1970 1969
f 1733 1742 1729
f 1729 1742 1741
f 1730 1734 1979
f 1730 1979 1970
f 1730 1740 1739
f 1730 1739 1734
f 1972 1731 1733
f 1972 1733 1976
f 1739 1738 1732
f 1739 1732 1734
f 1733 1731 1735
f 1733 1735 1742
f 1742 1735 1743
f 1742 1743 1750
f 1743 1735 1736
f 1743 1736 1744
f 1736 1727 1737
f 1737 1727 1728
f 1744 1736 1745
f 1745 1736 1737
f 1745 1737 1746
f 1746 1737 1738
f 1747 1746 1738
f 1747 1738 1739
f 1740 1748 1747
f 1740 1747 1739
f 1729 1741 1740
f 1729 1740 1730
f 1741 1749 1748
f 1741 1748 1740
f 1742 1750 1741
f 1741 1750 1749
f 1743 1751 1943
f 1743 1943 1758
f 1743 1758 1750
f 1743 1744 1752
f 1743 1752 1936
f 1743 1936 1751
f 1744 1745 1753
f 1744 1753 1937
f 1744 1937 1752
f 1745 1746 1754
f 1745 1754 1938
f 1745 1938 1753
f 1754 1746 1939
f 1939 1746 1747
f 1939 1747 1755
f 1747 1748 1756
f 1747 1756 1940
f 1747 1940 1755
f 1748 1749 1757
f 1748 1757 1941
f 1748 1941 1756
f 1749 1750 1758
f 1749 1758 1942
f 1749 1942 1757
f 1943 1751 1814
f 1814 1751 1759
f 1759 1751 1936
f 1759 1936 1807
f 1807 1936 1752
f 1807 1752 1760
f 1760 1752 1937
f 1760 1937 1808
f 1808 1937 1761
f 1761 1937 1753
f 1761 1753 1809
f 1809 1753 1938
f 1809 1938 1762
f 1762 1938 1754
f 1810 1762 1754
f 1810 1754 1939
f 1763 1810 1939
f 1763 1939 1755
f 1940 1811 1763
f 1940 1763 1755
f 1756 1764 1811
f 1756 1811 1940
f 1941 1812 1764
f 1941 1764 1756
f 1757 1765 1812
f 1757 1812 1941
f 1942 1813 1757
f 1757 1813 1765
f 1758 1766 1942
f 1942 1766 1813
f 1758 1943 1814
f 1758 1814 1766
f 1807 1896 1816
f 1807 1816 1759
f 1759 1816 1903
f 1759 1903 1814
f 1897 1818 1760
f 1897 1760 1808
f 1818 1896 1807
f 1818 1807 1760
f 1898 1820 1761
f 1898 1761 1809
f 1820 1897 1808
f 1820 1808 1761
f 1822 1762 1810
f 1822 1810 1899
f 1898 1809 1762
f 1898 1762 1822
f 1824 1763 1811
f 1824 1811 1900
f 1899 1810 1763
f 1899 1763 1824
f 1901 1826 1764
f 1901 1764 1812
f 1826 1900 1811
f 1826 1811 1764
f 1902 1828 1765
f 1902 1765 1813
f 1828 1901 1812
f 1828 1812 1765
f 1814 1903 1830
f 1814 1830 1766
f 1766 1830 1902
f 1766 1902 1813
f 1815 1904 1767
f 1767 1904 1831
f 1896 1815 1816
f 1816 1815 1767
f 1767 1831 1911
f 1767 1911 1829
f 1905 1832 1768
f 1905 1768 1817
f 1817 1768 1818
f 1817 1818 1897
f 1832 1904 1815
f 1832 1815 1768
f 1906 1833 1769
f 1906 1769 1819
f 1819 1769 1820
f 1819 1820 1898
f 1833 1905 1817
f 1833 1817 1769
f 1834 1770 1821
f 1834 1821 1907
f 1770 1822 1899
f 1770 1899 1821
f 1906 1819 1770
f 1906 1770 1834
f 1835 1771 1908
f 1908 1771 1823
f 1771 1824 1823
f 1823 1824 1900
f 1907 1821 1835
f 1835 1821 1771
f 1909 1836 1772
f 1909 1772 1825
f 1825 1772 1826
f 1825 1826 1901
f 1836 1908 1823
f 1836 1823 1772
f 1910 1837 1773
f 1910 1773 1827
f 1827 1773 1828
f 1827 1828 1902
f 1837 1909 1825
f 1837 1825 1773
f 1829 1911 1838
f 1829 1838 1774
f 1903 1829 1774
f 1903 1774 1830
f 1774 1838 1910
f 1774 1910 1827
f 1775 1831 1904
f 1775 1904 1846
f 1831 1775 1911
f 1911 1775 1847
f 1853 1776 1832
f 1853 1832 1905
f 1846 1904 1832
f 1846 1832 1776
f 1839 1776 1919
f 1919 1776 1853
f 1777 1833 1848
f 1848 1833 1906
f 1840 1777 1914
f 1914 1777 1848
f 1777 1853 1905
f 1777 1905 1833
f 1778 1834 1850
f 1850 1834 1907
f 1848 1906 1778
f 1778 1906 1834
f 1916 1841 1778
f 1916 1778 1850
f 1908 1852 1779
f 1908 1779 1835
f 1850 1907 1779
f 1779 1907 1835
f 1852 1918 1842
f 1852 1842 1779
f 1849 1780 1836
f 1849 1836 1909
f 1849 1915 1843
f 1849 1843 1780
f 1836 1780 1852
f 1836 1852 1908
f 1910 1851 1837
f 1837 1851 1781
f 1781 1849 1909
f 1781 1909 1837
f 1851 1917 1781
f 1781 1917 1844
f 1911 1847 1782
f 1911 1782 1838
f 1782 1847 1913
f 1782 1913 1845
f 1838 1782 1910
f 1910 1782 1851
f 1864 1783 1854
f 1864 1854 1920
f 1783 1855 1912
f 1783 1912 1854
f 1927 1862 1783
f 1927 1783 1864
f 1866 1784 1856
f 1866 1856 1921
f 1920 1854 1784
f 1920 1784 1866
f 1868 1785 1922
f 1922 1785 1857
f 1921 1856 1868
f 1868 1856 1785
f 1870 1786 1923
f 1923 1786 1858
f 1922 1857 1870
f 1870 1857 1786
f 1859 1924 1872
f 1859 1872 1787
f 1787 1872 1923
f 1787 1923 1858
f 1860 1925 1874
f 1860 1874 1788
f 1788 1874 1924
f 1788 1924 1859
f 1861 1926 1789
f 1789 1926 1876
f 1789 1876 1925
f 1789 1925 1860
f 1862 1927 1790
f 1790 1927 1878
f 1790 1878 1861
f 1861 1878 1926
f 1863 1928 1791
f 1791 1928 1880
f 1920 1863 1864
f 1864 1863 1791
f 1791 1880 1935
f 1791 1935 1877
f 1792 1865 1929
f 1792 1929 1882
f 1866 1921 1865
f 1866 1865 1792
f 1863 1792 1882
f 1863 1882 1928
f 1793 1867 1930
f 1793 1930 1884
f 1868 1922 1867
f 1868 1867 1793
f 1865 1793 1884
f 1865 1884 1929
f 1886 1794 1869
f 1886 1869 1931
f 1794 1870 1923
f 1794 1923 1869
f 1930 1867 1794
f 1930 1794 1886
f 1888 1795 1932
f 1932 1795 1871
f 1795 1872 1871
f 1871 1872 1924
f 1931 1869 1888
f 1888 1869 1795
f 1796 1873 1933
f 1796 1933 1890
f 1874 1925 1873
f 1874 1873 1796
f 1871 1796 1890
f 1871 1890 1932
f 1797 1875 1934
f 1797 1934 1892
f 1876 1926 1875
f 1876 1875 1797
f 1873 1797 1892
f 1873 1892 1933
f 1877 1935 1894
f 1877 1894 1798
f 1927 1877 1798
f 1927 1798 1878
f 1798 1894 1934
f 1798 1934 1875
f 1893 1799 1879
f 1893 1879 1895
f 1880 1928 1799
f 1799 1928 1879
f 1879 1800 1881
f 1879 1881 1895
f 1882 1929 1800
f 1800 1929 1881
f 1895 1881 1801
f 1895 1801 1883
f 1801 1884 1930
f 1801 1930 1883
f 1895 1883 1885
f 1885 1883 1802
f 1802 1886 1931
f 1802 1931 1885
f 1887 1895 1885
f 1887 1885 1803
f 1888 1932 1803
f 1803 1932 1887
f 1889 1895 1804
f 1804 1895 1887
f 1890 1933 1804
f 1804 1933 1889
f 1805 1891 1895
f 1805 1895 1889
f 1934 1891 1805
f 1934 1805 1892
f 1806 1893 1891
f 1891 1893 1895
f 1935 1893 1806
f 1935 1806 1894
f 1768 1815 1896
f 1768 1896 1818
f 1769 1817 1897
f 1769 1897 1820
f 1819 1898 1822
f 1819 1822 1770
f 1821 1899 1771
f 1771 1899 1824
f 1772 1823 1900
f 1772 1900 1826
f 1773 1825 1901
f 1773 1901 1828
f 1830 1774 1827
f 1830 1827 1902
f 1816 1767 1829
f 1816 1829 1903
f 1912 1846 1776
f 1912 1776 1839
f 1784 1839 1919
f 1784 1919 1856
f 1785 1840 1857
f 1857 1840 1914
f 1919 1853 1840
f 1840 1853 1777
f 1914 1848 1841
f 1841 1848 1778
f 1786 1841 1858
f 1858 1841 1916
f 1842 1916 1779
f 1779 1916 1850
f 1918 1859 1787
f 1918 1787 1842
f 1915 1860 1788
f 1915 1788 1843
f 1780 1843 1918
f 1780 1918 1852
f 1781 1844 1849
f 1849 1844 1915
f 1917 1861 1844
f 1844 1861 1789
f 1913 1862 1845
f 1845 1862 1790
f 1782 1845 1851
f 1851 1845 1917
f 1855 1775 1846
f 1855 1846 1912
f 1854 1912 1839
f 1854 1839 1784
f 1847 1775 1913
f 1913 1775 1855
f 1856 1919 1785
f 1785 1919 1840
f 1857 1914 1786
f 1786 1914 1841
f 1842 1787 1858
f 1842 1858 1916
f 1843 1788 1859
f 1843 1859 1918
f 1844 1789 1860
f 1844 1860 1915
f 1845 1790 1917
f 1917 1790 1861
f 1862 1913 1855
f 1862 1855 1783
f 1920 1866 1792
f 1920 1792 1863
f 1921 1868 1793
f 1921 1793 1865
f 1867 1922 1870
f 1867 1870 1794
f 1869 1923 1795
f 1795 1923 1872
f 1924 1874 1796
f 1924 1796 1871
f 1925 1876 1797
f 1925 1797 1873
f 1878 1798 1875
f 1878 1875 1926
f 1864 1791 1877
f 1864 1877 1927
f 1882 1800 1928
f 1928 1800 1879
f 1929 1884 1801
f 1929 1801 1881
f 1930 1886 1802
f 1930 1802 1883
f 1885 1931 1803
f 1803 1931 1888
f 1887 1932 1804
f 1804 1932 1890
f 1933 1892 1805
f 1933 1805 1889
f 1934 1894 1806
f 1934 1806 1891
f 1880 1799 1893
f 1880 1893 1935
f 1944 1948 1951
f 1944 1951 1947
f 1944 1945 1949
f 1944 1949 1948
f 1949 1945 1958
f 1949 1958 1957
f 1958 1945 1959
f 1959 1945 1946
f 1946 1947 1951
f 1946 1951 1950
f 1953 1949 1954
f 1954 1949 1950
f 1949 1957 1956
f 1949 1956 1950
f 1950 1951 1955
f 1950 1955 1954
f 1956 1959 1946
f 1956 1946 1950
f 1948 1952 1955
f 1948 1955 1951
f 1980 1983 1955
f 1980 1955 1952
f 1948 1949 1953
f 1948 1953 1952
f 1953 1981 1980
f 1953 1980 1952
f 1953 1954 1982
f 1953 1982 1981
f 1982 1954 1983
f 1983 1954 1955
f 1963 1959 1956
f 1963 1956 1960
f 1956 1957 1961
f 1956 1961 1960
f 1958 1962 1961
f 1958 1961 1957
f 1958 1959 1963
f 1958 1963 1962
f 1961 1962 1963
f 1961 1963 1960
f 1728 1727 1964
f 1728 1964 1967
f 1964 1972 1973
f 1964 1973 1965
f 1975 1967 1966
f 1975 1966 1974
f 1967 1964 1965
f 1967 1965 1966
f 1732 1728 1967
f 1732 1967 1975
f 1976 1969 1968
f 1976 1968 1977
f 1969 1970 1971
f 1969 1971 1968
f 1733 1729 1969
f 1733 1969 1976
f 1970 1979 1978
f 1970 1978 1971
f 1973 1972 1976
f 1973 1976 1977
f 1973 1977 1725
f 1973 1725 1723
f 1974 1966 1724
f 1975 1974 1978
f 1975 1978 1979
f 1732 1975 1979
f 1732 1979 1734
f 1977 1968 1725
f 1980 1984 1987
f 1980 1987 1983
f 1980 1981 1985
f 1980 1985 1984
f 1985 1981 1982
f 1985 1982 1986
f 1982 1983 1987
f 1982 1987 1986
f 1985 1986 1990
f 1985 1990 1989
f 1990 1986 1991
f 1991 1986 1987
f 1988 1991 1987
f 1988 1987 1984
f 1985 1989 1988
f 1985 1988 1984
f 1989 1990 1991
f 1989 1991 1988
o NoName2
v 2.535 0.006345 -1.328013
v 2.507208 0.006345 -1.333541
v 2.483647 0.006345 -1.349284
v 2.467904 0.006345 -1.372845
v 2.462376 0.006345 -1.400637
v 2.467904 0.006345 -1.428429
v 2.483647 0.006345 -1.45199
v 2.507208 0.006345 -1.467732
v 2.535 0.006345 -1.473261
v 2.562792 0.006345 -1.467732
v 2.586353 0.006345 -1.45199
v 2.602096 0.006345 -1.428429
v 2.607624 0.006345 -1.400637
v 2.602096 0.006345 -1.372845
v 2.586353 0.006345 -1.349284
v 2.562792 0.006345 -1.333541
v 2.535 0.035868 -1.345053
v 2.513729 0.035868 -1.349284
v 2.495696 0.035868 -1.361333
v 2.483647 0.035868 -1.379366
v 2.479416 0.035868 -1.400637
v 2.483647 0.035868 -1.421908
v 2.495696 0.035868 -1.439941
v 2.513729 0.035868 -1.45199
v 2.535 0.035868 -1.456221
v 2.556271 0.035868 -1.45199
v 2.574304 0.035868 -1.43994
v 2.586353 0.035868 -1.421908
v 2.590584 0.035868 -1.400637
v 2.586353 0.035868 -1.379366
v 2.574304 0.035868 -1.361333
v 2.556271 0.035868 -1.349284
v 2.535 0.055594 -1.370555
v 2.523488 0.055594 -1.372845
v 2.513729 0.055594 -1.379366
v 2.507208 0.055594 -1.389125
v 2.504918 0.055594 -1.400637
v 2.507208 0.055594 -1.412149
v 2.513729 0.055594 -1.421908
v 2.523488 0.055594 -1.428429
v 2.535 0.055594 -1.430719
v 2.546512 0.055594 -1.428429
v 2.556271 0.055594 -1.421908
v 2.562792 0.055594 -1.412149
v 2.565082 0.055594 -1.400637
v 2.562792 0.055594 -1.389125
v 2.556271 0.055594 -1.379366
v 2.546512 0.055594 -1.372845
v 2.535 0.062521 -1.400637
v 2.535 -0.022718 -1.323019
v 2.505297 -0.022718 -1.328928
v 2.480116 -0.022718 -1.345753
v 2.463291 -0.022718 -1.370934
v 2.457382 -0.022718 -1.400637
v 2.463291 -0.022718 -1.43034
v 2.480116 -0.022718 -1.455521
v 2.505297 -0.022718 -1.472346
v 2.535 -0.022718 -1.478254
v 2.564703 -0.022718 -1.472346
v 2.589884 -0.022718 -1.455521
v 2.606709 -0.022718 -1.43034
v 2.612617 -0.022718 -1.400637
v 2.606709 -0.022718 -1.370934
v 2.589884 -0.022718 -1.345753
v 2.564703 -0.022718 -1.328928
v 2.506898 -0.028479 -1.332793
v 2.535 -0.028479 -1.327203
v 2.563102 -0.028479 -1.332793
v 2.586926 -0.028479 -1.348711
v 2.602844 -0.028479 -1.372535
v 2.608434 -0.028479 -1.400637
v 2.602844 -0.028479 -1.428739
v 2.586926 -0.028479 -1.452562
v 2.563102 -0.028479 -1.468481
v 2.535 -0.028479 -1.474071
v 2.506898 -0.028479 -1.468481
v 2.483075 -0.028479 -1.452562
v 2.467156 -0.028479 -1.428739
v 2.461566 -0.028479 -1.400637
v 2.467156 -0.028479 -1.372535
v 2.483074 -0.028479 -1.348711
v 2.506898 -0.036228 -1.332793
v 2.535 -0.036228 -1.327203
v 2.563102 -0.036228 -1.332793
v 2.586926 -0.036228 -1.348711
v 2.602844 -0.036228 -1.372535
v 2.608434 -0.036228 -1.400637
v 2.602844 -0.036228 -1.428739
v 2.586926 -0.036228 -1.452562
v 2.563102 -0.036228 -1.468481
v 2.535 -0.036228 -1.474071
v 2.506898 -0.036228 -1.468481
v 2.483075 -0.036228 -1.452562
v 2.467156 -0.036228 -1.428739
v 2.461566 -0.036228 -1.400637
v 2.467156 -0.036228 -1.372535
v 2.483074 -0.036228 -1.348711
v 2.247061 -0.369615 -1.112698
v 2.822939 -0.369615 -1.112697
v 2.247061 -0.369615 -1.688576
v 2.822939 -0.369615 -1.688576
v 2.247061 -0.660035 -0.536819
v 2.822939 -0.660034 -0.536819
v 2.247061 -0.660035 -2.264455
v 2.82294 -0.660034 -2.264455
v 1.671182 -0.660035 -1.112698
v 3.398818 -0.660034 -1.112697
v 1.671182 -0.660035 -1.688576
v 3.398818 -0.660034 -1.688576
v 1.696156 -0.688946 -1.123042
v 2.257405 -0.688946 -0.561793
v 2.812594 -0.688946 -0.561793
v 3.373844 -0.688946 -1.123042
v 3.373844 -0.688946 -1.678231
v 2.812595 -0.688946 -2.23948
v 2.257406 -0.688946 -2.239481
v 1.696156 -0.688946 -1.678232
v 1.743523 -0.688946 -1.142662
v 2.277025 -0.688946 -0.60916
v 2.792975 -0.688946 -0.609159
v 3.326477 -0.688946 -1.142662
v 3.326478 -0.688946 -1.658611
v 2.792975 -0.688946 -2.192114
v 2.277025 -0.688946 -2.192114
v 1.743523 -0.688946 -1.658612
v 1.743523 -0.557038 -1.142662
v 2.277025 -0.557038 -0.60916
v 2.792975 -0.557038 -0.609159
v 3.326477 -0.557038 -1.142662
v 3.326478 -0.557038 -1.658611
v 2.792975 -0.557038 -2.192114
v 2.277025 -0.557038 -2.192114
v 1.743523 -0.557038 -1.658612
v 1.914747 -0.557038 -1.183768
v 2.318131 -0.557038 -0.780383
v 2.751868 -0.557038 -0.780383
v 3.155253 -0.557038 -1.183768
v 3.155254 -0.557038 -1.617505
v 2.751869 -0.557038 -2.02089
v 2.318132 -0.557038 -2.02089
v 1.914747 -0.557038 -1.617506
v 1.941816 -1.05216 -1.193233
v 2.327596 -1.05216 -0.807453
v 2.742404 -1.05216 -0.807453
v 3.128184 -1.05216 -1.193233
v 3.128184 -1.05216 -1.608041
v 2.742404 -1.05216 -1.993821
v 2.327596 -1.05216 -1.993821
v 1.941816 -1.05216 -1.608041
v 2.111719 -1.369452 -1.252938
v 2.3873 -1.369452 -0.977356
v 2.682699 -1.369452 -0.977355
v 2.958282 -1.369452 -1.252937
v 2.958282 -1.369452 -1.548336
v 2.6827 -1.369452 -1.823918
v 2.387301 -1.369452 -1.823918
v 2.111719 -1.369452 -1.548336
v 2.188767 -1.436996 -1.281997
v 2.41636 -1.436996 -1.054403
v 2.65364 -1.436996 -1.054403
v 2.881233 -1.436996 -1.281996
v 2.881234 -1.436996 -1.519277
v 2.653641 -1.436996 -1.74687
v 2.41636 -1.436996 -1.74687
v 2.188767 -1.436996 -1.519277
v 2.226593 -1.394562 -1.29748
v 2.431844 -1.394562 -1.09223
v 2.638156 -1.394562 -1.09223
v 2.843407 -1.394562 -1.29748
v 2.843407 -1.394562 -1.503793
v 2.638157 -1.394562 -1.709044
v 2.431844 -1.394562 -1.709044
v 2.226593 -1.394562 -1.503793
v 2.278579 -1.150161 -1.308145
v 2.442508 -1.150161 -1.144216
v 2.627492 -1.150161 -1.144216
v 2.791421 -1.150161 -1.308145
v 2.791421 -1.150161 -1.493129
v 2.627492 -1.150161 -1.657058
v 2.442508 -1.150161 -1.657058
v 2.278579 -1.150161 -1.493129
v 2.090032 -0.557038 -0.955669
v 2.535 -0.557038 -0.721955
v 2.979968 -0.557038 -0.955669
v 3.213682 -0.557038 -1.400637
v 2.979968 -0.557038 -1.845604
v 2.535 -0.557038 -2.079319
v 2.090033 -0.557038 -1.845605
v 1.856318 -0.557038 -1.400637
v 2.109452 -1.05216 -0.975089
v 1.914747 -0.816336 -1.183768
v 2.535 -1.05216 -0.751574
v 2.318131 -0.816336 -0.780383
v 2.960548 -1.05216 -0.975088
v 2.751868 -0.816336 -0.780383
v 3.184063 -1.05216 -1.400637
v 3.155253 -0.816336 -1.183768
v 2.960549 -1.05216 -1.826185
v 3.155254 -0.816336 -1.617505
v 2.535 -1.05216 -2.0497
v 2.751869 -0.816336 -2.02089
v 2.109452 -1.05216 -1.826185
v 2.318132 -0.816336 -2.02089
v 1.885937 -1.05216 -1.400637
v 1.914747 -0.816336 -1.617506
v 2.023024 -1.241035 -1.221627
v 2.35599 -1.241035 -0.888661
v 2.71401 -1.241035 -0.88866
v 3.046976 -1.241035 -1.221627
v 3.046977 -1.241035 -1.579647
v 2.71401 -1.241035 -1.912613
v 2.35599 -1.241035 -1.912613
v 2.023024 -1.241035 -1.579647
v 2.405515 -1.423899 -1.026886
v 2.664485 -1.423899 -1.026886
v 2.908751 -1.423899 -1.271152
v 2.908751 -1.423899 -1.530121
v 2.664485 -1.423899 -1.774388
v 2.405516 -1.423899 -1.774388
v 2.161249 -1.423899 -1.530122
v 2.23155 -1.369452 -1.097187
v 2.071775 -1.369452 -1.400637
v 2.83845 -1.369452 -1.097187
v 2.535 -1.369452 -1.863862
v 2.998225 -1.369452 -1.400637
v 2.231551 -1.369452 -1.704087
v 2.83845 -1.369452 -1.704086
v 2.535 -1.369452 -0.937412
v 2.288321 -1.436996 -1.153957
v 2.161249 -1.423899 -1.271152
v 2.535 -1.436996 -1.021219
v 2.781679 -1.436996 -1.153957
v 2.914418 -1.436996 -1.400637
v 2.78168 -1.436996 -1.647316
v 2.535 -1.436996 -1.780055
v 2.288321 -1.436996 -1.647316
v 2.155582 -1.436996 -1.400637
v 2.317051 -1.394562 -1.182688
v 2.211423 -1.441362 -1.291197
v 2.535 -1.394562 -1.062077
v 2.42556 -1.441362 -1.07706
v 2.752949 -1.394562 -1.182688
v 2.64444 -1.441362 -1.07706
v 2.87356 -1.394562 -1.400637
v 2.858577 -1.441362 -1.291197
v 2.752949 -1.394562 -1.618586
v 2.858577 -1.441362 -1.510077
v 2.535 -1.394562 -1.739196
v 2.64444 -1.441362 -1.724213
v 2.317051 -1.394562 -1.618586
v 2.42556 -1.441362 -1.724213
v 2.196441 -1.394562 -1.400637
v 2.211424 -1.441362 -1.510077
v 2.374432 -1.113761 -1.240069
v 2.23165 -1.254161 -1.299575
v 2.535 -1.113761 -1.150809
v 2.433938 -1.254161 -1.097287
v 2.695568 -1.113761 -1.240069
v 2.636062 -1.254161 -1.097286
v 2.784828 -1.113761 -1.400637
v 2.83835 -1.254161 -1.299575
v 2.695568 -1.113761 -1.561205
v 2.838351 -1.254161 -1.501699
v 2.535 -1.113761 -1.650464
v 2.636062 -1.254161 -1.703987
v 2.374432 -1.113761 -1.561205
v 2.433938 -1.254161 -1.703987
v 2.285172 -1.113761 -1.400637
v 2.23165 -1.254161 -1.501699
v 2.535 -1.066961 -1.400637
v 2.090032 -0.816336 -0.955669
v 2.535 -0.816336 -0.721955
v 2.979968 -0.816336 -0.955669
v 3.213682 -0.816336 -1.400637
v 2.979968 -0.816336 -1.845604
v 2.535 -0.816336 -2.079319
v 2.090033 -0.816336 -1.845605
v 1.856318 -0.816336 -1.400637
v 2.16771 -1.241035 -1.033347
v 2.535 -1.241035 -0.840432
v 2.90229 -1.241035 -1.033347
v 3.095205 -1.241035 -1.400637
v 2.90229 -1.241035 -1.767927
v 2.535 -1.241035 -1.960842
v 2.16771 -1.241035 -1.767927
v 1.974795 -1.241035 -1.400637
v 2.267716 -1.423899 -1.133353
v 2.12576 -1.423899 -1.400637
v 2.802284 -1.423899 -1.133353
v 2.535 -1.423899 -1.809877
v 2.94424 -1.423899 -1.400637
v 2.267716 -1.423899 -1.667921
v 2.802284 -1.423899 -1.66792
v 2.535 -1.423899 -0.991397
v 2.305477 -1.441362 -1.171114
v 2.535 -1.441362 -1.045709
v 2.764523 -1.441362 -1.171114
v 2.889928 -1.441362 -1.400637
v 2.764523 -1.441362 -1.63016
v 2.535 -1.441362 -1.755565
v 2.305477 -1.441362 -1.63016
v 2.180072 -1.441362 -1.400637
v 2.320909 -1.254161 -1.186546
v 2.535 -1.254161 -1.067533
v 2.749091 -1.254161 -1.186546
v 2.868104 -1.254161 -1.400637
v 2.749091 -1.254161 -1.614728
v 2.535 -1.254161 -1.73374
v 2.320909 -1.254161 -1.614728
v 2.201897 -1.254161 -1.400637
v 2.010274 -0.557038 -0.875911
v 2.535 -0.557038 -0.609159
v 3.059726 -0.557038 -0.87591
v 3.326478 -0.557038 -1.400636
v 3.059726 -0.557038 -1.925363
v 2.535 -0.557038 -2.192114
v 2.010274 -0.557038 -1.925363
v 1.743523 -0.557038 -1.400637
v 2.699125 -0.369615 -1.236511
v 2.370875 -0.369615 -1.236511
v 2.370875 -0.369615 -1.564762
v 2.699126 -0.369615 -1.564762
v 2.699125 -0.111223 -1.236511
v 2.370875 -0.111223 -1.236511
v 2.370875 -0.111223 -1.564762
v 2.699126 -0.111223 -1.564762
v 2.679395 -0.088382 -1.256242
v 2.390605 -0.088382 -1.256242
v 2.390605 -0.088382 -1.545032
v 2.679395 -0.088382 -1.545031
v 2.370875 -0.133445 -1.545567
v 2.370875 -0.133445 -1.255707
v 2.370875 -0.347394 -1.255707
v 2.370875 -0.347394 -1.545567
v 2.626584 -0.133445 -1.545567
v 2.626584 -0.133445 -1.255707
v 2.626584 -0.347393 -1.255707
v 2.626585 -0.347393 -1.545567
v 2.24706 -0.541721 -0.536819
v 2.24706 -0.51857 -0.552743
v 2.822939 -0.51857 -0.552743
v 2.822939 -0.541721 -0.536819
v 2.247061 -0.51857 -2.248531
v 2.247061 -0.541721 -2.264455
v 2.82294 -0.541721 -2.264455
v 2.82294 -0.51857 -2.24853
v 1.671182 -0.541721 -1.112698
v 1.687106 -0.51857 -1.112698
v 3.382894 -0.518569 -1.112697
v 3.398818 -0.541721 -1.112697
v 1.671182 -0.541721 -1.688576
v 1.687106 -0.51857 -1.688576
v 3.382894 -0.518569 -1.688576
v 3.398818 -0.541721 -1.688576
v 2.646473 -0.088382 -1.289164
v 2.423527 -0.088382 -1.289164
v 2.423527 -0.088382 -1.51211
v 2.646473 -0.088382 -1.51211
v 2.646473 -0.053462 -1.289164
v 2.423527 -0.053462 -1.289164
v 2.423527 -0.053462 -1.51211
v 2.646473 -0.053462 -1.51211
v 2.629379 -0.033674 -1.306257
v 2.440621 -0.033674 -1.306257
v 2.440621 -0.033674 -1.495016
v 2.62938 -0.033674 -1.495016
f 1992 2007 2023
f 1992 2023 2008
f 2042 2041 1992
f 2042 1992 1993
f 1993 1992 2008
f 1993 2008 2009
f 2043 2042 1993
f 2043 1993 1994
f 1994 1993 2009
f 1994 2009 2010
f 2043 1994 2044
f 2044 1994 1995
f 1994 2010 1995
f 1995 2010 2011
f 2044 1995 2045
f 2045 1995 1996
f 1995 2011 1996
f 1996 2011 2012
f 2045 1996 1997
f 2045 1997 2046
f 1996 2012 2013
f 1996 2013 1997
f 2046 1997 1998
f 2046 1998 2047
f 1997 2013 2014
f 1997 2014 1998
f 2048 2047 1998
f 2048 1998 1999
f 1999 1998 2014
f 1999 2014 2015
f 2049 2048 1999
f 2049 1999 2000
f 2000 1999 2015
f 2000 2015 2016
f 2050 2049 2000
f 2050 2000 2001
f 2001 2000 2016
f 2001 2016 2017
f 2051 2050 2001
f 2051 2001 2002
f 2002 2001 2017
f 2002 2017 2018
f 2003 2052 2002
f 2002 2052 2051
f 2019 2003 2018
f 2018 2003 2002
f 2004 2053 2003
f 2003 2053 2052
f 2020 2004 2019
f 2019 2004 2003
f 2005 2054 2004
f 2004 2054 2053
f 2021 2005 2020
f 2020 2005 2004
f 2006 2055 2054
f 2006 2054 2005
f 2022 2006 2005
f 2022 2005 2021
f 2056 2055 2006
f 2056 2006 2007
f 2007 2006 2022
f 2007 2022 2023
f 2041 2056 2007
f 2041 2007 1992
f 2024 2008 2039
f 2039 2008 2023
f 2025 2009 2008
f 2025 2008 2024
f 2010 2009 2026
f 2026 2009 2025
f 2011 2010 2027
f 2027 2010 2026
f 2012 2011 2028
f 2028 2011 2027
f 2013 2012 2028
f 2013 2028 2029
f 2014 2013 2029
f 2014 2029 2030
f 2014 2030 2015
f 2015 2030 2031
f 2015 2031 2016
f 2016 2031 2032
f 2016 2032 2033
f 2016 2033 2017
f 2033 2034 2017
f 2017 2034 2018
f 2034 2035 2018
f 2018 2035 2019
f 2035 2036 2019
f 2019 2036 2020
f 2036 2037 2021
f 2036 2021 2020
f 2037 2038 2022
f 2037 2022 2021
f 2039 2023 2038
f 2038 2023 2022
f 2039 2040 2024
f 2024 2040 2025
f 2025 2040 2026
f 2026 2040 2027
f 2027 2040 2028
f 2028 2040 2029
f 2029 2040 2030
f 2030 2040 2031
f 2031 2040 2032
f 2032 2040 2033
f 2033 2040 2034
f 2034 2040 2035
f 2035 2040 2036
f 2036 2040 2037
f 2037 2040 2038
f 2038 2040 2039
f 2058 2059 2056
f 2058 2056 2041
f 2072 2057 2042
f 2072 2042 2043
f 2072 2043 2044
f 2072 2044 2071
f 2071 2044 2045
f 2071 2045 2070
f 2070 2045 2069
f 2069 2045 2046
f 2069 2046 2068
f 2068 2046 2047
f 2067 2068 2047
f 2067 2047 2048
f 2066 2067 2048
f 2066 2048 2049
f 2065 2066 2049
f 2065 2049 2050
f 2064 2065 2050
f 2064 2050 2051
f 2052 2063 2064
f 2052 2064 2051
f 2053 2062 2063
f 2053 2063 2052
f 2054 2061 2053
f 2053 2061 2062
f 2055 2060 2054
f 2054 2060 2061
f 2059 2060 2055
f 2059 2055 2056
f 2088 2073 2057
f 2088 2057 2072
f 2057 2058 2041
f 2057 2041 2042
f 2073 2074 2058
f 2073 2058 2057
f 2074 2075 2059
f 2074 2059 2058
f 2075 2076 2060
f 2075 2060 2059
f 2060 2076 2077
f 2060 2077 2061
f 2061 2077 2078
f 2061 2078 2062
f 2062 2078 2079
f 2062 2079 2063
f 2063 2079 2080
f 2063 2080 2064
f 2080 2081 2065
f 2080 2065 2064
f 2081 2082 2066
f 2081 2066 2065
f 2082 2083 2067
f 2082 2067 2066
f 2083 2084 2068
f 2083 2068 2067
f 2085 2069 2068
f 2085 2068 2084
f 2086 2070 2069
f 2086 2069 2085
f 2087 2071 2070
f 2087 2070 2086
f 2088 2072 2071
f 2088 2071 2087
f 2086 2085 2087
f 2087 2085 2084
f 2087 2084 2088
f 2088 2084 2083
f 2088 2083 2073
f 2073 2083 2082
f 2073 2082 2074
f 2074 2082 2081
f 2074 2081 2075
f 2075 2081 2080
f 2075 2080 2076
f 2076 2080 2079
f 2076 2079 2077
f 2077 2079 2078
f 2089 2311 2310
f 2089 2310 2090
f 2089 2331 2339
f 2090 2092 2344
f 2090 2344 2340
f 2310 2313 2092
f 2310 2092 2090
f 2331 2089 2090
f 2331 2090 2332
f 2089 2091 2312
f 2089 2312 2311
f 2091 2334 2337
f 2091 2337 2092
f 2312 2091 2313
f 2313 2091 2092
f 2092 2337 2344
f 2093 2097 2338
f 2093 2338 2330
f 2101 2097 2093
f 2101 2093 2102
f 2103 2094 2104
f 2104 2094 2098
f 2095 2096 2336
f 2095 2336 2335
f 2099 2108 2095
f 2095 2108 2107
f 2096 2100 2345
f 2096 2345 2336
f 2096 2106 2105
f 2096 2105 2100
f 2338 2097 2099
f 2338 2099 2342
f 2105 2104 2098
f 2105 2098 2100
f 2099 2097 2101
f 2099 2101 2108
f 2108 2101 2109
f 2108 2109 2116
f 2109 2101 2102
f 2109 2102 2110
f 2102 2093 2103
f 2103 2093 2094
f 2110 2102 2111
f 2111 2102 2103
f 2111 2103 2112
f 2112 2103 2104
f 2113 2112 2104
f 2113 2104 2105
f 2106 2114 2113
f 2106 2113 2105
f 2095 2107 2106
f 2095 2106 2096
f 2107 2115 2114
f 2107 2114 2106
f 2108 2116 2107
f 2107 2116 2115
f 2109 2117 2309
f 2109 2309 2124
f 2109 2124 2116
f 2109 2110 2118
f 2109 2118 2302
f 2109 2302 2117
f 2110 2111 2119
f 2110 2119 2303
f 2110 2303 2118
f 2111 2112 2120
f 2111 2120 2304
f 2111 2304 2119
f 2120 2112 2305
f 2305 2112 2113
f 2305 2113 2121
f 2113 2114 2122
f 2113 2122 2306
f 2113 2306 2121
f 2114 2115 2123
f 2114 2123 2307
f 2114 2307 2122
f 2115 2116 2124
f 2115 2124 2308
f 2115 2308 2123
f 2309 2117 2180
f 2180 2117 2125
f 2125 2117 2302
f 2125 2302 2173
f 2173 2302 2118
f 2173 2118 2126
f 2126 2118 2303
f 2126 2303 2174
f 2174 2303 2127
f 2127 2303 2119
f 2127 2119 2175
f 2175 2119 2304
f 2175 2304 2128
f 2128 2304 2120
f 2176 2128 2120
f 2176 2120 2305
f 2129 2176 2305
f 2129 2305 2121
f 2306 2177 2129
f 2306 2129 2121
f 2122 2130 2177
f 2122 2177 2306
f 2307 2178 2130
f 2307 2130 2122
f 2123 2131 2178
f 2123 2178 2307
f 2308 2179 2123
f 2123 2179 2131
f 2124 2132 2308
f 2308 2132 2179
f 2124 2309 2180
f 2124 2180 2132
f 2173 2262 2182
f 2173 2182 2125
f 2125 2182 2269
f 2125 2269 2180
f 2263 2184 2126
f 2263 2126 2174
f 2184 2262 2173
f 2184 2173 2126
f 2264 2186 2127
f 2264 2127 2175
f 2186 2263 2174
f 2186 2174 2127
f 2188 2128 2176
f 2188 2176 2265
f 2264 2175 2128
f 2264 2128 2188
f 2190 2129 2177
f 2190 2177 2266
f 2265 2176 2129
f 2265 2129 2190
f 2267 2192 2130
f 2267 2130 2178
f 2192 2266 2177
f 2192 2177 2130
f 2268 2194 2131
f 2268 2131 2179
f 2194 2267 2178
f 2194 2178 2131
f 2180 2269 2196
f 2180 2196 2132
f 2132 2196 2268
f 2132 2268 2179
f 2181 2270 2133
f 2133 2270 2197
f 2262 2181 2182
f 2182 2181 2133
f 2133 2197 2277
f 2133 2277 2195
f 2271 2198 2134
f 2271 2134 2183
f 2183 2134 2184
f 2183 2184 2263
f 2198 2270 2181
f 2198 2181 2134
f 2272 2199 2135
f 2272 2135 2185
f 2185 2135 2186
f 2185 2186 2264
f 2199 2271 2183
f 2199 2183 2135
f 2200 2136 2187
f 2200 2187 2273
f 2136 2188 2265
f 2136 2265 2187
f 2272 2185 2136
f 2272 2136 2200
f 2201 2137 2274
f 2274 2137 2189
f 2137 2190 2189
f 2189 2190 2266
f 2273 2187 2201
f 2201 2187 2137
f 2275 2202 2138
f 2275 2138 2191
f 2191 2138 2192
f 2191 2192 2267
f 2202 2274 2189
f 2202 2189 2138
f 2276 2203 2139
f 2276 2139 2193
f 2193 2139 2194
f 2193 2194 2268
f 2203 2275 2191
f 2203 2191 2139
f 2195 2277 2204
f 2195 2204 2140
f 2269 2195 2140
f 2269 2140 2196
f 2140 2204 2276
f 2140 2276 2193
f 2141 2197 2270
f 2141 2270 2212
f 2197 2141 2277
f 2277 2141 2213
f 2219 2142 2198
f 2219 2198 2271
f 2212 2270 2198
f 2212 2198 2142
f 2205 2142 2285
f 2285 2142 2219
f 2143 2199 2214
f 2214 2199 2272
f 2206 2143 2280
f 2280 2143 2214
f 2143 2219 2271
f 2143 2271 2199
f 2144 2200 2216
f 2216 2200 2273
f 2214 2272 2144
f 2144 2272 2200
f 2282 2207 2144
f 2282 2144 2216
f 2274 2218 2145
f 2274 2145 2201
f 2216 2273 2145
f 2145 2273 2201
f 2218 2284 2208
f 2218 2208 2145
f 2215 2146 2202
f 2215 2202 2275
f 2215 2281 2209
f 2215 2209 2146
f 2202 2146 2218
f 2202 2218 2274
f 2276 2217 2203
f 2203 2217 2147
f 2147 2215 2275
f 2147 2275 2203
f 2217 2283 2147
f 2147 2283 2210
f 2277 2213 2148
f 2277 2148 2204
f 2148 2213 2279
f 2148 2279 2211
f 2204 2148 2276
f 2276 2148 2217
f 2230 2149 2220
f 2230 2220 2286
f 2149 2221 2278
f 2149 2278 2220
f 2293 2228 2149
f 2293 2149 2230
f 2232 2150 2222
f 2232 2222 2287
f 2286 2220 2150
f 2286 2150 2232
f 2234 2151 2288
f 2288 2151 2223
f 2287 2222 2234
f 2234 2222 2151
f 2236 2152 2289
f 2289 2152 2224
f 2288 2223 2236
f 2236 2223 2152
f 2225 2290 2238
f 2225 2238 2153
f 2153 2238 2289
f 2153 2289 2224
f 2226 2291 2240
f 2226 2240 2154
f 2154 2240 2290
f 2154 2290 2225
f 2227 2292 2155
f 2155 2292 2242
f 2155 2242 2291
f 2155 2291 2226
f 2228 2293 2156
f 2156 2293 2244
f 2156 2244 2227
f 2227 2244 2292
f 2229 2294 2157
f 2157 2294 2246
f 2286 2229 2230
f 2230 2229 2157
f 2157 2246 2301
f 2157 2301 2243
f 2158 2231 2295
f 2158 2295 2248
f 2232 2287 2231
f 2232 2231 2158
f 2229 2158 2248
f 2229 2248 2294
f 2159 2233 2296
f 2159 2296 2250
f 2234 2288 2233
f 2234 2233 2159
f 2231 2159 2250
f 2231 2250 2295
f 2252 2160 2235
f 2252 2235 2297
f 2160 2236 2289
f 2160 2289 2235
f 2296 2233 2160
f 2296 2160 2252
f 2254 2161 2298
f 2298 2161 2237
f 2161 2238 2237
f 2237 2238 2290
f 2297 2235 2254
f 2254 2235 2161
f 2162 2239 2299
f 2162 2299 2256
f 2240 2291 2239
f 2240 2239 2162
f 2237 2162 2256
f 2237 2256 2298
f 2163 2241 2300
f 2163 2300 2258
f 2242 2292 2241
f 2242 2241 2163
f 2239 2163 2258
f 2239 2258 2299
f 2243 2301 2260
f 2243 2260 2164
f 2293 2243 2164
f 2293 2164 2244
f 2164 2260 2300
f 2164 2300 2241
f 2259 2165 2245
f 2259 2245 2261
f 2246 2294 2165
f 2165 2294 2245
f 2245 2166 2247
f 2245 2247 2261
f 2248 2295 2166
f 2166 2295 2247
f 2261 2247 2167
f 2261 2167 2249
f 2167 2250 2296
f 2167 2296 2249
f 2261 2249 2251
f 2251 2249 2168
f 2168 2252 2297
f 2168 2297 2251
f 2253 2261 2251
f 2253 2251 2169
f 2254 2298 2169
f 2169 2298 2253
f 2255 2261 2170
f 2170 2261 2253
f 2256 2299 2170
f 2170 2299 2255
f 2171 2257 2261
f 2171 2261 2255
f 2300 2257 2171
f 2300 2171 2258
f 2172 2259 2257
f 2257 2259 2261
f 2301 2259 2172
f 2301 2172 2260
f 2134 2181 2262
f 2134 2262 2184
f 2135 2183 2263
f 2135 2263 2186
f 2185 2264 2188
f 2185 2188 2136
f 2187 2265 2137
f 2137 2265 2190
f 2138 2189 2266
f 2138 2266 2192
f 2139 2191 2267
f 2139 2267 2194
f 2196 2140 2193
f 2196 2193 2268
f 2182 2133 2195
f 2182 2195 2269
f 2278 2212 2142
f 2278 2142 2205
f 2150 2205 2285
f 2150 2285 2222
f 2151 2206 2223
f 2223 2206 2280
f 2285 2219 2206
f 2206 2219 2143
f 2280 2214 2207
f 2207 2214 2144
f 2152 2207 2224
f 2224 2207 2282
f 2208 2282 2145
f 2145 2282 2216
f 2284 2225 2153
f 2284 2153 2208
f 2281 2226 2154
f 2281 2154 2209
f 2146 2209 2284
f 2146 2284 2218
f 2147 2210 2215
f 2215 2210 2281
f 2283 2227 2210
f 2210 2227 2155
f 2279 2228 2211
f 2211 2228 2156
f 2148 2211 2217
f 2217 2211 2283
f 2221 2141 2212
f 2221 2212 2278
f 2220 2278 2205
f 2220 2205 2150
f 2213 2141 2279
f 2279 2141 2221
f 2222 2285 2151
f 2151 2285 2206
f 2223 2280 2152
f 2152 2280 2207
f 2208 2153 2224
f 2208 2224 2282
f 2209 2154 2225
f 2209 2225 2284
f 2210 2155 2226
f 2210 2226 2281
f 2211 2156 2283
f 2283 2156 2227
f 2228 2279 2221
f 2228 2221 2149
f 2286 2232 2158
f 2286 2158 2229
f 2287 2234 2159
f 2287 2159 2231
f 2233 2288 2236
f 2233 2236 2160
f 2235 2289 2161
f 2161 2289 2238
f 2290 2240 2162
f 2290 2162 2237
f 2291 2242 2163
f 2291 2163 2239
f 2244 2164 2241
f 2244 2241 2292
f 2230 2157 2243
f 2230 2243 2293
f 2248 2166 2294
f 2294 2166 2245
f 2295 2250 2167
f 2295 2167 2247
f 2296 2252 2168
f 2296 2168 2249
f 2251 2297 2169
f 2169 2297 2254
f 2253 2298 2170
f 2170 2298 2256
f 2299 2258 2171
f 2299 2171 2255
f 2300 2260 2172
f 2300 2172 2257
f 2246 2165 2259
f 2246 2259 2301
f 2310 2314 2317
f 2310 2317 2313
f 2310 2311 2315
f 2310 2315 2314
f 2315 2311 2324
f 2315 2324 2323
f 2324 2311 2325
f 2325 2311 2312
f 2312 2313 2317
f 2312 2317 2316
f 2319 2315 2320
f 2320 2315 2316
f 2315 2323 2322
f 2315 2322 2316
f 2316 2317 2321
f 2316 2321 2320
f 2322 2325 2312
f 2322 2312 2316
f 2314 2318 2321
f 2314 2321 2317
f 2346 2349 2321
f 2346 2321 2318
f 2314 2315 2319
f 2314 2319 2318
f 2319 2347 2346
f 2319 2346 2318
f 2319 2320 2348
f 2319 2348 2347
f 2348 2320 2349
f 2349 2320 2321
f 2329 2325 2322
f 2329 2322 2326
f 2322 2323 2327
f 2322 2327 2326
f 2324 2328 2327
f 2324 2327 2323
f 2324 2325 2329
f 2324 2329 2328
f 2327 2328 2329
f 2327 2329 2326
f 2094 2093 2330
f 2094 2330 2333
f 2330 2338 2339
f 2330 2339 2331
f 2341 2333 2332
f 2341 2332 2340
f 2333 2330 2331
f 2333 2331 2332
f 2098 2094 2333
f 2098 2333 2341
f 2342 2335 2334
f 2342 2334 2343
f 2335 2336 2337
f 2335 2337 2334
f 2099 2095 2335
f 2099 2335 2342
f 2336 2345 2344
f 2336 2344 2337
f 2339 2338 2342
f 2339 2342 2343
f 2339 2343 2091
f 2339 2091 2089
f 2340 2332 2090
f 2341 2340 2344
f 2341 2344 2345
f 2098 2341 2345
f 2098 2345 2100
f 2343 2334 2091
f 2346 2350 2353
f 2346 2353 2349
f 2346 2347 2351
f 2346 2351 2350
f 2351 2347 2348
f 2351 2348 2352
f 2348 2349 2353
f 2348 2353 2352
f 2351 2352 2356
f 2351 2356 2355
f 2356 2352 2357
f 2357 2352 2353
f 2354 2357 2353
f 2354 2353 2350
f 2351 2355 2354
f 2351 2354 2350
f 2355 2356 2357
f 2355 2357 2354
o NoName4
v 2.535 0.006345 2.064245
v 2.507208 0.006345 2.058717
v 2.483647 0.006345 2.042974
v 2.467904 0.006345 2.019414
v 2.462376 0.006345 1.991622
v 2.467904 0.006345 1.96383
v 2.483647 0.006345 1.940269
v 2.507208 0.006345 1.924526
v 2.535 0.006345 1.918998
v 2.562792 0.006345 1.924526
v 2.586353 0.006345 1.940269
v 2.602095 0.006345 1.96383
v 2.607624 0.006345 1.991622
v 2.602095 0.006345 2.019414
v 2.586353 0.006345 2.042974
v 2.562792 0.006345 2.058717
v 2.535 0.035868 2.047206
v 2.513729 0.035868 2.042974
v 2.495696 0.035868 2.030926
v 2.483647 0.035868 2.012893
v 2.479416 0.035868 1.991622
v 2.483647 0.035868 1.970351
v 2.495696 0.035868 1.952318
v 2.513729 0.035868 1.940269
v 2.535 0.035868 1.936038
v 2.556271 0.035868 1.940269
v 2.574303 0.035868 1.952318
v 2.586353 0.035868 1.970351
v 2.590584 0.035868 1.991622
v 2.586353 0.035868 2.012893
v 2.574303 0.035868 2.030926
v 2.556271 0.035868 2.042974
v 2.535 0.055594 2.021703
v 2.523488 0.055594 2.019414
v 2.513729 0.055594 2.012893
v 2.507208 0.055594 2.003134
v 2.504918 0.055594 1.991622
v 2.507208 0.055594 1.98011
v 2.513729 0.055594 1.970351
v 2.523488 0.055594 1.96383
v 2.535 0.055594 1.96154
v 2.546512 0.055594 1.96383
v 2.556271 0.055594 1.970351
v 2.562792 0.055594 1.98011
v 2.565082 0.055594 1.991622
v 2.562792 0.055594 2.003134
v 2.556271 0.055594 2.012893
v 2.546512 0.055594 2.019414
v 2.535 0.062521 1.991622
v 2.535 -0.022718 2.069239
v 2.505297 -0.022718 2.063331
v 2.480116 -0.022718 2.046505
v 2.46329 -0.022718 2.021325
v 2.457382 -0.022718 1.991622
v 2.463291 -0.022718 1.961919
v 2.480116 -0.022718 1.936738
v 2.505297 -0.022718 1.919912
v 2.535 -0.022718 1.914004
v 2.564703 -0.022718 1.919913
v 2.589884 -0.022718 1.936738
v 2.606709 -0.022718 1.961919
v 2.612617 -0.022718 1.991622
v 2.606709 -0.022718 2.021325
v 2.589884 -0.022718 2.046506
v 2.564703 -0.022718 2.063331
v 2.506898 -0.028479 2.059466
v 2.535 -0.028479 2.065055
v 2.563102 -0.028479 2.059466
v 2.586925 -0.028479 2.043547
v 2.602844 -0.028479 2.019724
v 2.608433 -0.028479 1.991622
v 2.602844 -0.028479 1.96352
v 2.586925 -0.028479 1.939696
v 2.563102 -0.028479 1.923778
v 2.535 -0.028479 1.918188
v 2.506898 -0.028479 1.923778
v 2.483074 -0.028479 1.939696
v 2.467156 -0.028479 1.96352
v 2.461566 -0.028479 1.991622
v 2.467156 -0.028479 2.019724
v 2.483074 -0.028479 2.043547
v 2.506898 -0.036228 2.059466
v 2.535 -0.036228 2.065055
v 2.563102 -0.036228 2.059466
v 2.586925 -0.036228 2.043547
v 2.602844 -0.036228 2.019724
v 2.608433 -0.036228 1.991622
v 2.602844 -0.036228 1.96352
v 2.586925 -0.036228 1.939696
v 2.563102 -0.036228 1.923778
v 2.535 -0.036228 1.918188
v 2.506898 -0.036228 1.923778
v 2.483074 -0.036228 1.939696
v 2.467156 -0.036228 1.96352
v 2.461566 -0.036228 1.991622
v 2.467156 -0.036228 2.019724
v 2.483074 -0.036228 2.043547
v 2.24706 -0.369615 2.279561
v 2.822939 -0.369615 2.279561
v 2.247061 -0.369615 1.703682
v 2.822939 -0.369615 1.703683
v 2.24706 -0.660035 2.85544
v 2.822939 -0.660034 2.85544
v 2.247061 -0.660035 1.127804
v 2.822939 -0.660034 1.127804
v 1.671182 -0.660035 2.279561
v 3.398818 -0.660034 2.279561
v 1.671182 -0.660035 1.703682
v 3.398818 -0.660034 1.703683
v 1.696156 -0.688946 2.269216
v 2.257405 -0.688946 2.830466
v 2.812594 -0.688946 2.830466
v 3.373844 -0.688946 2.269217
v 3.373844 -0.688946 1.714027
v 2.812595 -0.688946 1.152778
v 2.257406 -0.688946 1.152778
v 1.696156 -0.688946 1.714027
v 1.743522 -0.688946 2.249596
v 2.277025 -0.688946 2.783099
v 2.792974 -0.688946 2.783099
v 3.326477 -0.688946 2.249597
v 3.326477 -0.688946 1.733647
v 2.792975 -0.688946 1.200144
v 2.277025 -0.688946 1.200144
v 1.743523 -0.688946 1.733647
v 1.743522 -0.557038 2.249596
v 2.277025 -0.557038 2.783099
v 2.792974 -0.557038 2.783099
v 3.326477 -0.557038 2.249597
v 3.326477 -0.557038 1.733647
v 2.792975 -0.557038 1.200144
v 2.277025 -0.557038 1.200144
v 1.743523 -0.557038 1.733647
v 1.914746 -0.557038 2.20849
v 2.318131 -0.557038 2.611875
v 2.751868 -0.557038 2.611875
v 3.155253 -0.557038 2.208491
v 3.155253 -0.557038 1.774753
v 2.751869 -0.557038 1.371368
v 2.318131 -0.557038 1.371368
v 1.914747 -0.557038 1.774753
v 1.941816 -1.05216 2.199026
v 2.327596 -1.05216 2.584806
v 2.742404 -1.05216 2.584806
v 3.128184 -1.05216 2.199026
v 3.128184 -1.05216 1.784218
v 2.742404 -1.05216 1.398438
v 2.327596 -1.05216 1.398438
v 1.941816 -1.05216 1.784217
v 2.111719 -1.369452 2.139321
v 2.3873 -1.369452 2.414903
v 2.682699 -1.369452 2.414903
v 2.958281 -1.369452 2.139321
v 2.958281 -1.369452 1.843922
v 2.682699 -1.369452 1.56834
v 2.387301 -1.369452 1.56834
v 2.111719 -1.369452 1.843922
v 2.188766 -1.436996 2.110262
v 2.41636 -1.436996 2.337855
v 2.65364 -1.436996 2.337855
v 2.881233 -1.436996 2.110262
v 2.881233 -1.436996 1.872982
v 2.65364 -1.436996 1.645388
v 2.41636 -1.436996 1.645388
v 2.188766 -1.436996 1.872981
v 2.226593 -1.394562 2.094778
v 2.431843 -1.394562 2.300029
v 2.638156 -1.394562 2.300029
v 2.843407 -1.394562 2.094778
v 2.843407 -1.394562 1.888465
v 2.638156 -1.394562 1.683215
v 2.431844 -1.394562 1.683215
v 2.226593 -1.394562 1.888465
v 2.278579 -1.150161 2.084114
v 2.442508 -1.150161 2.248043
v 2.627492 -1.150161 2.248043
v 2.791421 -1.150161 2.084114
v 2.791421 -1.150161 1.89913
v 2.627492 -1.150161 1.735201
v 2.442508 -1.150161 1.735201
v 2.278579 -1.150161 1.89913
v 2.090032 -0.557038 2.436589
v 2.535 -0.557038 2.670304
v 2.979967 -0.557038 2.43659
v 3.213682 -0.557038 1.991622
v 2.979968 -0.557038 1.546654
v 2.535 -0.557038 1.31294
v 2.090032 -0.557038 1.546654
v 1.856318 -0.557038 1.991621
v 2.109451 -1.05216 2.41717
v 1.914746 -0.816336 2.20849
v 2.535 -1.05216 2.640684
v 2.318131 -0.816336 2.611875
v 2.960548 -1.05216 2.41717
v 2.751868 -0.816336 2.611875
v 3.184063 -1.05216 1.991622
v 3.155253 -0.816336 2.208491
v 2.960548 -1.05216 1.566074
v 3.155253 -0.816336 1.774753
v 2.535 -1.05216 1.342559
v 2.751869 -0.816336 1.371368
v 2.109452 -1.05216 1.566073
v 2.318131 -0.816336 1.371368
v 1.885937 -1.05216 1.991621
v 1.914747 -0.816336 1.774753
v 2.023024 -1.241035 2.170632
v 2.35599 -1.241035 2.503598
v 2.71401 -1.241035 2.503598
v 3.046976 -1.241035 2.170632
v 3.046976 -1.241035 1.812612
v 2.71401 -1.241035 1.479646
v 2.35599 -1.241035 1.479645
v 2.023024 -1.241035 1.812611
v 2.405515 -1.423899 2.365373
v 2.664485 -1.423899 2.365373
v 2.908751 -1.423899 2.121107
v 2.908751 -1.423899 1.862137
v 2.664485 -1.423899 1.617871
v 2.405515 -1.423899 1.617871
v 2.161249 -1.423899 1.862137
v 2.23155 -1.369452 2.295071
v 2.071775 -1.369452 1.991621
v 2.838449 -1.369452 2.295072
v 2.535 -1.369452 1.528396
v 2.998225 -1.369452 1.991622
v 2.23155 -1.369452 1.688172
v 2.83845 -1.369452 1.688172
v 2.535 -1.369452 2.454847
v 2.288321 -1.436996 2.238301
v 2.161249 -1.423899 2.121106
v 2.535 -1.436996 2.37104
v 2.781679 -1.436996 2.238301
v 2.914418 -1.436996 1.991622
v 2.781679 -1.436996 1.744942
v 2.535 -1.436996 1.612204
v 2.288321 -1.436996 1.744942
v 2.155582 -1.436996 1.991622
v 2.317051 -1.394562 2.209571
v 2.211423 -1.441362 2.101062
v 2.535 -1.394562 2.330181
v 2.42556 -1.441362 2.315198
v 2.752949 -1.394562 2.209571
v 2.64444 -1.441362 2.315198
v 2.873559 -1.394562 1.991622
v 2.858577 -1.441362 2.101062
v 2.752949 -1.394562 1.773673
v 2.858577 -1.441362 1.882182
v 2.535 -1.394562 1.653062
v 2.64444 -1.441362 1.668045
v 2.317051 -1.394562 1.773673
v 2.42556 -1.441362 1.668045
v 2.19644 -1.394562 1.991622
v 2.211423 -1.441362 1.882182
v 2.374432 -1.113761 2.15219
v 2.23165 -1.254161 2.092684
v 2.535 -1.113761 2.241449
v 2.433938 -1.254161 2.294972
v 2.695568 -1.113761 2.15219
v 2.636062 -1.254161 2.294972
v 2.784827 -1.113761 1.991622
v 2.83835 -1.254161 2.092684
v 2.695568 -1.113761 1.831054
v 2.83835 -1.254161 1.89056
v 2.535 -1.113761 1.741794
v 2.636062 -1.254161 1.688272
v 2.374432 -1.113761 1.831053
v 2.433938 -1.254161 1.688271
v 2.285172 -1.113761 1.991622
v 2.23165 -1.254161 1.89056
v 2.535 -1.066961 1.991622
v 2.090032 -0.816336 2.436589
v 2.535 -0.816336 2.670304
v 2.979967 -0.816336 2.43659
v 3.213682 -0.816336 1.991622
v 2.979968 -0.816336 1.546654
v 2.535 -0.816336 1.31294
v 2.090032 -0.816336 1.546654
v 1.856318 -0.816336 1.991621
v 2.16771 -1.241035 2.358912
v 2.535 -1.241035 2.551827
v 2.90229 -1.241035 2.358912
v 3.095205 -1.241035 1.991622
v 2.90229 -1.241035 1.624332
v 2.535 -1.241035 1.431417
v 2.16771 -1.241035 1.624332
v 1.974795 -1.241035 1.991621
v 2.267716 -1.423899 2.258905
v 2.12576 -1.423899 1.991622
v 2.802284 -1.423899 2.258906
v 2.535 -1.423899 1.582382
v 2.94424 -1.423899 1.991622
v 2.267716 -1.423899 1.724338
v 2.802284 -1.423899 1.724338
v 2.535 -1.423899 2.400862
v 2.305477 -1.441362 2.221145
v 2.535 -1.441362 2.34655
v 2.764523 -1.441362 2.221145
v 2.889928 -1.441362 1.991622
v 2.764523 -1.441362 1.762099
v 2.535 -1.441362 1.636694
v 2.305477 -1.441362 1.762099
v 2.180072 -1.441362 1.991622
v 2.320909 -1.254161 2.205713
v 2.535 -1.254161 2.324725
v 2.749091 -1.254161 2.205713
v 2.868103 -1.254161 1.991622
v 2.749091 -1.254161 1.777531
v 2.535 -1.254161 1.658518
v 2.320909 -1.254161 1.777531
v 2.201896 -1.254161 1.991622
v 2.010273 -0.557038 2.516348
v 2.535 -0.557038 2.783099
v 3.059726 -0.557038 2.516348
v 3.326477 -0.557038 1.991622
v 3.059726 -0.557038 1.466896
v 2.535 -0.557038 1.200144
v 2.010274 -0.557038 1.466895
v 1.743522 -0.557038 1.991621
v 2.699125 -0.369615 2.155747
v 2.370874 -0.369615 2.155747
v 2.370874 -0.369615 1.827496
v 2.699125 -0.369615 1.827496
v 2.699125 -0.111223 2.155747
v 2.370874 -0.111223 2.155747
v 2.370874 -0.111223 1.827496
v 2.699125 -0.111223 1.827496
v 2.679394 -0.088382 2.136017
v 2.390605 -0.088382 2.136016
v 2.390605 -0.088382 1.847227
v 2.679394 -0.088382 1.847227
v 2.370874 -0.133445 1.846692
v 2.370874 -0.133445 2.136552
v 2.370874 -0.347394 2.136552
v 2.370874 -0.347394 1.846692
v 2.626584 -0.133445 1.846692
v 2.626584 -0.133445 2.136552
v 2.626584 -0.347393 2.136552
v 2.626584 -0.347393 1.846692
v 2.24706 -0.541721 2.85544
v 2.24706 -0.51857 2.839515
v 2.822939 -0.51857 2.839515
v 2.822939 -0.541721 2.85544
v 2.247061 -0.51857 1.143728
v 2.247061 -0.541721 1.127804
v 2.822939 -0.541721 1.127804
v 2.822939 -0.51857 1.143728
v 1.671182 -0.541721 2.279561
v 1.687106 -0.51857 2.279561
v 3.382893 -0.518569 2.279561
v 3.398818 -0.541721 2.279561
v 1.671182 -0.541721 1.703682
v 1.687106 -0.51857 1.703682
v 3.382894 -0.518569 1.703683
v 3.398818 -0.541721 1.703683
v 2.646472 -0.088382 2.103095
v 2.423527 -0.088382 2.103094
v 2.423527 -0.088382 1.880149
v 2.646472 -0.088382 1.880149
v 2.646472 -0.053462 2.103095
v 2.423527 -0.053462 2.103094
v 2.423527 -0.053462 1.880149
v 2.646472 -0.053462 1.880149
v 2.629379 -0.033674 2.086001
v 2.44062 -0.033674 2.086001
v 2.44062 -0.033674 1.897242
v 2.629379 -0.033674 1.897242
f 2358 2373 2389
f 2358 2389 2374
f 2408 2407 2358
f 2408 2358 2359
f 2359 2358 2374
f 2359 2374 2375
f 2409 2408 2359
f 2409 2359 2360
f 2360 2359 2375
f 2360 2375 2376
f 2409 2360 2410
f 2410 2360 2361
f 2360 2376 2361
f 2361 2376 2377
f 2410 2361 2411
f 2411 2361 2362
f 2361 2377 2362
f 2362 2377 2378
f 2411 2362 2363
f 2411 2363 2412
f 2362 2378 2379
f 2362 2379 2363
f 2412 2363 2364
f 2412 2364 2413
f 2363 2379 2380
f 2363 2380 2364
f 2414 2413 2364
f 2414 2364 2365
f 2365 2364 2380
f 2365 2380 2381
f 2415 2414 2365
f 2415 2365 2366
f 2366 2365 2381
f 2366 2381 2382
f 2416 2415 2366
f 2416 2366 2367
f 2367 2366 2382
f 2367 2382 2383
f 2417 2416 2367
f 2417 2367 2368
f 2368 2367 2383
f 2368 2383 2384
f 2369 2418 2368
f 2368 2418 2417
f 2385 2369 2384
f 2384 2369 2368
f 2370 2419 2369
f 2369 2419 2418
f 2386 2370 2385
f 2385 2370 2369
f 2371 2420 2370
f 2370 2420 2419
f 2387 2371 2386
f 2386 2371 2370
f 2372 2421 2420
f 2372 2420 2371
f 2388 2372 2371
f 2388 2371 2387
f 2422 2421 2372
f 2422 2372 2373
f 2373 2372 2388
f 2373 2388 2389
f 2407 2422 2373
f 2407 2373 2358
f 2390 2374 2405
f 2405 2374 2389
f 2391 2375 2374
f 2391 2374 2390
f 2376 2375 2392
f 2392 2375 2391
f 2377 2376 2393
f 2393 2376 2392
f 2378 2377 2394
f 2394 2377 2393
f 2379 2378 2394
f 2379 2394 2395
f 2380 2379 2395
f 2380 2395 2396
f 2380 2396 2381
f 2381 2396 2397
f 2381 2397 2382
f 2382 2397 2398
f 2382 2398 2399
f 2382 2399 2383
f 2399 2400 2383
f 2383 2400 2384
f 2400 2401 2384
f 2384 2401 2385
f 2401 2402 2385
f 2385 2402 2386
f 2402 2403 2387
f 2402 2387 2386
f 2403 2404 2388
f 2403 2388 2387
f 2405 2389 2404
f 2404 2389 2388
f 2405 2406 2390
f 2390 2406 2391
f 2391 2406 2392
f 2392 2406 2393
f 2393 2406 2394
f 2394 2406 2395
f 2395 2406 2396
f 2396 2406 2397
f 2397 2406 2398
f 2398 2406 2399
f 2399 2406 2400
f 2400 2406 2401
f 2401 2406 2402
f 2402 2406 2403
f 2403 2406 2404
f 2404 2406 2405
f 2424 2425 2422
f 2424 2422 2407
f 2438 2423 2408
f 2438 2408 2409
f 2438 2409 2410
f 2438 2410 2437
f 2437 2410 2411
f 2437 2411 2436
f 2436 2411 2435
f 2435 2411 2412
f 2435 2412 2434
f 2434 2412 2413
f 2433 2434 2413
f 2433 2413 2414
f 2432 2433 2414
f 2432 2414 2415
f 2431 2432 2415
f 2431 2415 2416
f 2430 2431 2416
f 2430 2416 2417
f 2418 2429 2430
f 2418 2430 2417
f 2419 2428 2429
f 2419 2429 2418
f 2420 2427 2419
f 2419 2427 2428
f 2421 2426 2420
f 2420 2426 2427
f 2425 2426 2421
f 2425 2421 2422
f 2454 2439 2423
f 2454 2423 2438
f 2423 2424 2407
f 2423 2407 2408
f 2439 2440 2424
f 2439 2424 2423
f 2440 2441 2425
f 2440 2425 2424
f 2441 2442 2426
f 2441 2426 2425
f 2426 2442 2443
f 2426 2443 2427
f 2427 2443 2444
f 2427 2444 2428
f 2428 2444 2445
f 2428 2445 2429
f 2429 2445 2446
f 2429 2446 2430
f 2446 2447 2431
f 2446 2431 2430
f 2447 2448 2432
f 2447 2432 2431
f 2448 2449 2433
f 2448 2433 2432
f 2449 2450 2434
f 2449 2434 2433
f 2451 2435 2434
f 2451 2434 2450
f 2452 2436 2435
f 2452 2435 2451
f 2453 2437 2436
f 2453 2436 2452
f 2454 2438 2437
f 2454 2437 2453
f 2452 2451 2453
f 2453 2451 2450
f 2453 2450 2454
f 2454 2450 2449
f 2454 2449 2439
f 2439 2449 2448
f 2439 2448 2440
f 2440 2448 2447
f 2440 2447 2441
f 2441 2447 2446
f 2441 2446 2442
f 2442 2446 2445
f 2442 2445 2443
f 2443 2445 2444
f 2455 2677 2676
f 2455 2676 2456
f 2455 2697 2705
f 2456 2458 2710
f 2456 2710 2706
f 2676 2679 2458
f 2676 2458 2456
f 2697 2455 2456
f 2697 2456 2698
f 2455 2457 2678
f 2455 2678 2677
f 2457 2700 2703
f 2457 2703 2458
f 2678 2457 2679
f 2679 2457 2458
f 2458 2703 2710
f 2459 2463 2704
f 2459 2704 2696
f 2467 2463 2459
f 2467 2459 2468
f 2469 2460 2470
f 2470 2460 2464
f 2461 2462 2702
f 2461 2702 2701
f 2465 2474 2461
f 2461 2474 2473
f 2462 2466 2711
f 2462 2711 2702
f 2462 2472 2471
f 2462 2471 2466
f 2704 2463 2465
f 2704 2465 2708
f 2471 2470 2464
f 2471 2464 2466
f 2465 2463 2467
f 2465 2467 2474
f 2474 2467 2475
f 2474 2475 2482
f 2475 2467 2468
f 2475 2468 2476
f 2468 2459 2469
f 2469 2459 2460
f 2476 2468 2477
f 2477 2468 2469
f 2477 2469 2478
f 2478 2469 2470
f 2479 2478 2470
f 2479 2470 2471
f 2472 2480 2479
f 2472 2479 2471
f 2461 2473 2472
f 2461 2472 2462
f 2473 2481 2480
f 2473 2480 2472
f 2474 2482 2473
f 2473 2482 2481
f 2475 2483 2675
f 2475 2675 2490
f 2475 2490 2482
f 2475 2476 2484
f 2475 2484 2668
f 2475 2668 2483
f 2476 2477 2485
f 2476 2485 2669
f 2476 2669 2484
f 2477 2478 2486
f 2477 2486 2670
f 2477 2670 2485
f 2486 2478 2671
f 2671 2478 2479
f 2671 2479 2487
f 2479 2480 2488
f 2479 2488 2672
f 2479 2672 2487
f 2480 2481 2489
f 2480 2489 2673
f 2480 2673 2488
f 2481 2482 2490
f 2481 2490 2674
f 2481 2674 2489
f 2675 2483 2546
f 2546 2483 2491
f 2491 2483 2668
f 2491 2668 2539
f 2539 2668 2484
f 2539 2484 2492
f 2492 2484 2669
f 2492 2669 2540
f 2540 2669 2493
f 2493 2669 2485
f 2493 2485 2541
f 2541 2485 2670
f 2541 2670 2494
f 2494 2670 2486
f 2542 2494 2486
f 2542 2486 2671
f 2495 2542 2671
f 2495 2671 2487
f 2672 2543 2495
f 2672 2495 2487
f 2488 2496 2543
f 2488 2543 2672
f 2673 2544 2496
f 2673 2496 2488
f 2489 2497 2544
f 2489 2544 2673
f 2674 2545 2489
f 2489 2545 2497
f 2490 2498 2674
f 2674 2498 2545
f 2490 2675 2546
f 2490 2546 2498
f 2539 2628 2548
f 2539 2548 2491
f 2491 2548 2635
f 2491 2635 2546
f 2629 2550 2492
f 2629 2492 2540
f 2550 2628 2539
f 2550 2539 2492
f 2630 2552 2493
f 2630 2493 2541
f 2552 2629 2540
f 2552 2540 2493
f 2554 2494 2542
f 2554 2542 2631
f 2630 2541 2494
f 2630 2494 2554
f 2556 2495 2543
f 2556 2543 2632
f 2631 2542 2495
f 2631 2495 2556
f 2633 2558 2496
f 2633 2496 2544
f 2558 2632 2543
f 2558 2543 2496
f 2634 2560 2497
f 2634 2497 2545
f 2560 2633 2544
f 2560 2544 2497
f 2546 2635 2562
f 2546 2562 2498
f 2498 2562 2634
f 2498 2634 2545
f 2547 2636 2499
f 2499 2636 2563
f 2628 2547 2548
f 2548 2547 2499
f 2499 2563 2643
f 2499 2643 2561
f 2637 2564 2500
f 2637 2500 2549
f 2549 2500 2550
f 2549 2550 2629
f 2564 2636 2547
f 2564 2547 2500
f 2638 2565 2501
f 2638 2501 2551
f 2551 2501 2552
f 2551 2552 2630
f 2565 2637 2549
f 2565 2549 2501
f 2566 2502 2553
f 2566 2553 2639
f 2502 2554 2631
f 2502 2631 2553
f 2638 2551 2502
f 2638 2502 2566
f 2567 2503 2640
f 2640 2503 2555
f 2503 2556 2555
f 2555 2556 2632
f 2639 2553 2567
f 2567 2553 2503
f 2641 2568 2504
f 2641 2504 2557
f 2557 2504 2558
f 2557 2558 2633
f 2568 2640 2555
f 2568 2555 2504
f 2642 2569 2505
f 2642 2505 2559
f 2559 2505 2560
f 2559 2560 2634
f 2569 2641 2557
f 2569 2557 2505
f 2561 2643 2570
f 2561 2570 2506
f 2635 2561 2506
f 2635 2506 2562
f 2506 2570 2642
f 2506 2642 2559
f 2507 2563 2636
f 2507 2636 2578
f 2563 2507 2643
f 2643 2507 2579
f 2585 2508 2564
f 2585 2564 2637
f 2578 2636 2564
f 2578 2564 2508
f 2571 2508 2651
f 2651 2508 2585
f 2509 2565 2580
f 2580 2565 2638
f 2572 2509 2646
f 2646 2509 2580
f 2509 2585 2637
f 2509 2637 2565
f 2510 2566 2582
f 2582 2566 2639
f 2580 2638 2510
f 2510 2638 2566
f 2648 2573 2510
f 2648 2510 2582
f 2640 2584 2511
f 2640 2511 2567
f 2582 2639 2511
f 2511 2639 2567
f 2584 2650 2574
f 2584 2574 2511
f 2581 2512 2568
f 2581 2568 2641
f 2581 2647 2575
f 2581 2575 2512
f 2568 2512 2584
f 2568 2584 2640
f 2642 2583 2569
f 2569 2583 2513
f 2513 2581 2641
f 2513 2641 2569
f 2583 2649 2513
f 2513 2649 2576
f 2643 2579 2514
f 2643 2514 2570
f 2514 2579 2645
f 2514 2645 2577
f 2570 2514 2642
f 2642 2514 2583
f 2596 2515 2586
f 2596 2586 2652
f 2515 2587 2644
f 2515 2644 2586
f 2659 2594 2515
f 2659 2515 2596
f 2598 2516 2588
f 2598 2588 2653
f 2652 2586 2516
f 2652 2516 2598
f 2600 2517 2654
f 2654 2517 2589
f 2653 2588 2600
f 2600 2588 2517
f 2602 2518 2655
f 2655 2518 2590
f 2654 2589 2602
f 2602 2589 2518
f 2591 2656 2604
f 2591 2604 2519
f 2519 2604 2655
f 2519 2655 2590
f 2592 2657 2606
f 2592 2606 2520
f 2520 2606 2656
f 2520 2656 2591
f 2593 2658 2521
f 2521 2658 2608
f 2521 2608 2657
f 2521 2657 2592
f 2594 2659 2522
f 2522 2659 2610
f 2522 2610 2593
f 2593 2610 2658
f 2595 2660 2523
f 2523 2660 2612
f 2652 2595 2596
f 2596 2595 2523
f 2523 2612 2667
f 2523 2667 2609
f 2524 2597 2661
f 2524 2661 2614
f 2598 2653 2597
f 2598 2597 2524
f 2595 2524 2614
f 2595 2614 2660
f 2525 2599 2662
f 2525 2662 2616
f 2600 2654 2599
f 2600 2599 2525
f 2597 2525 2616
f 2597 2616 2661
f 2618 2526 2601
f 2618 2601 2663
f 2526 2602 2655
f 2526 2655 2601
f 2662 2599 2526
f 2662 2526 2618
f 2620 2527 2664
f 2664 2527 2603
f 2527 2604 2603
f 2603 2604 2656
f 2663 2601 2620
f 2620 2601 2527
f 2528 2605 2665
f 2528 2665 2622
f 2606 2657 2605
f 2606 2605 2528
f 2603 2528 2622
f 2603 2622 2664
f 2529 2607 2666
f 2529 2666 2624
f 2608 2658 2607
f 2608 2607 2529
f 2605 2529 2624
f 2605 2624 2665
f 2609 2667 2626
f 2609 2626 2530
f 2659 2609 2530
f 2659 2530 2610
f 2530 2626 2666
f 2530 2666 2607
f 2625 2531 2611
f 2625 2611 2627
f 2612 2660 2531
f 2531 2660 2611
f 2611 2532 2613
f 2611 2613 2627
f 2614 2661 2532
f 2532 2661 2613
f 2627 2613 2533
f 2627 2533 2615
f 2533 2616 2662
f 2533 2662 2615
f 2627 2615 2617
f 2617 2615 2534
f 2534 2618 2663
f 2534 2663 2617
f 2619 2627 2617
f 2619 2617 2535
f 2620 2664 2535
f 2535 2664 2619
f 2621 2627 2536
f 2536 2627 2619
f 2622 2665 2536
f 2536 2665 2621
f 2537 2623 2627
f 2537 2627 2621
f 2666 2623 2537
f 2666 2537 2624
f 2538 2625 2623
f 2623 2625 2627
f 2667 2625 2538
f 2667 2538 2626
f 2500 2547 2628
f 2500 2628 2550
f 2501 2549 2629
f 2501 2629 2552
f 2551 2630 2554
f 2551 2554 2502
f 2553 2631 2503
f 2503 2631 2556
f 2504 2555 2632
f 2504 2632 2558
f 2505 2557 2633
f 2505 2633 2560
f 2562 2506 2559
f 2562 2559 2634
f 2548 2499 2561
f 2548 2561 2635
f 2644 2578 2508
f 2644 2508 2571
f 2516 2571 2651
f 2516 2651 2588
f 2517 2572 2589
f 2589 2572 2646
f 2651 2585 2572
f 2572 2585 2509
f 2646 2580 2573
f 2573 2580 2510
f 2518 2573 2590
f 2590 2573 2648
f 2574 2648 2511
f 2511 2648 2582
f 2650 2591 2519
f 2650 2519 2574
f 2647 2592 2520
f 2647 2520 2575
f 2512 2575 2650
f 2512 2650 2584
f 2513 2576 2581
f 2581 2576 2647
f 2649 2593 2576
f 2576 2593 2521
f 2645 2594 2577
f 2577 2594 2522
f 2514 2577 2583
f 2583 2577 2649
f 2587 2507 2578
f 2587 2578 2644
f 2586 2644 2571
f 2586 2571 2516
f 2579 2507 2645
f 2645 2507 2587
f 2588 2651 2517
f 2517 2651 2572
f 2589 2646 2518
f 2518 2646 2573
f 2574 2519 2590
f 2574 2590 2648
f 2575 2520 2591
f 2575 2591 2650
f 2576 2521 2592
f 2576 2592 2647
f 2577 2522 2649
f 2649 2522 2593
f 2594 2645 2587
f 2594 2587 2515
f 2652 2598 2524
f 2652 2524 2595
f 2653 2600 2525
f 2653 2525 2597
f 2599 2654 2602
f 2599 2602 2526
f 2601 2655 2527
f 2527 2655 2604
f 2656 2606 2528
f 2656 2528 2603
f 2657 2608 2529
f 2657 2529 2605
f 2610 2530 2607
f 2610 2607 2658
f 2596 2523 2609
f 2596 2609 2659
f 2614 2532 2660
f 2660 2532 2611
f 2661 2616 2533
f 2661 2533 2613
f 2662 2618 2534
f 2662 2534 2615
f 2617 2663 2535
f 2535 2663 2620
f 2619 2664 2536
f 2536 2664 2622
f 2665 2624 2537
f 2665 2537 2621
f 2666 2626 2538
f 2666 2538 2623
f 2612 2531 2625
f 2612 2625 2667
f 2676 2680 2683
f 2676 2683 2679
f 2676 2677 2681
f 2676 2681 2680
f 2681 2677 2690
f 2681 2690 2689
f 2690 2677 2691
f 2691 2677 2678
f 2678 2679 2683
f 2678 2683 2682
f 2685 2681 2686
f 2686 2681 2682
f 2681 2689 2688
f 2681 2688 2682
f 2682 2683 2687
f 2682 2687 2686
f 2688 2691 2678
f 2688 2678 2682
f 2680 2684 2687
f 2680 2687 2683
f 2712 2715 2687
f 2712 2687 2684
f 2680 2681 2685
f 2680 2685 2684
f 2685 2713 2712
f 2685 2712 2684
f 2685 2686 2714
f 2685 2714 2713
f 2714 2686 2715
f 2715 2686 2687
f 2695 2691 2688
f 2695 2688 2692
f 2688 2689 2693
f 2688 2693 2692
f 2690 2694 2693
f 2690 2693 2689
f 2690 2691 2695
f 2690 2695 2694
f 2693 2694 2695
f 2693 2695 2692
f 2460 2459 2696
f 2460 2696 2699
f 2696 2704 2705
f 2696 2705 2697
f 2707 2699 2698
f 2707 2698 2706
f 2699 2696 2697
f 2699 2697 2698
f 2464 2460 2699
f 2464 2699 2707
f 2708 2701 2700
f 2708 2700 2709
f 2701 2702 2703
f 2701 2703 2700
f 2465 2461 2701
f 2465 2701 2708
f 2702 2711 2710
f 2702 2710 2703
f 2705 2704 2708
f 2705 2708 2709
f 2705 2709 2457
f 2705 2457 2455
f 2706 2698 2456
f 2707 2706 2710
f 2707 2710 2711
f 2464 2707 2711
f 2464 2711 2466
f 2709 2700 2457
f 2712 2716 2719
f 2712 2719 2715
f 2712 2713 2717
f 2712 2717 2716
f 2717 2713 2714
f 2717 2714 2718
f 2714 2715 2719
f 2714 2719 2718
f 2717 2718 2722
f 2717 2722 2721
f 2722 2718 2723
f 2723 2718 2719
f 2720 2723 2719
f 2720 2719 2716
f 2717 2721 2720
f 2717 2720 2716
f 2721 2722 2723
f 2721 2723 2720
o Cylinder8
v -0.207267 1.264691 0.425491
v -0.207266 1.104893 0.393705
v -0.207266 0.969423 0.303186
v -0.207265 0.878905 0.167714
v -0.207265 0.847119 0.007915
v -0.207265 0.878905 -0.151885
v -0.207265 0.969423 -0.287356
v -0.207265 1.104893 -0.377875
v -0.207265 1.264691 -0.409662
v -0.207266 1.424488 -0.377876
v -0.207266 1.559958 -0.287356
v -0.207267 1.650476 -0.151885
v -0.207267 1.682262 0.007914
v -0.207267 1.650476 0.167714
v -0.207267 1.559958 0.303185
v -0.207267 1.424488 0.393705
v 0.207261 1.26469 0.42549
v 0.207262 1.104892 0.393704
v 0.207262 0.969422 0.303185
v 0.207263 0.878904 0.167713
v 0.207263 0.847118 0.007914
v 0.207263 0.878904 -0.151886
v 0.207263 0.969422 -0.287357
v 0.207263 1.104892 -0.377876
v 0.207263 1.26469 -0.409662
v 0.207262 1.424487 -0.377876
v 0.207262 1.559957 -0.287357
v 0.207262 1.650475 -0.151886
v 0.207261 1.682261 0.007914
v 0.207261 1.650475 0.167713
v 0.207261 1.559957 0.303185
v 0.207261 1.424487 0.393704
v -0.000002 1.101047 0.402988
v -0.000002 1.027161 0.363406
v -0.000002 1.181281 0.427245
v -0.207267 1.183234 0.417429
v -0.000003 1.26469 0.435539
v -0.000003 1.348099 0.427245
v 0.207262 1.183233 0.417428
v -0.000002 0.962317 0.310291
v -0.000001 0.909202 0.245446
v -0.207266 1.032722 0.355084
v 0.207262 1.032721 0.355084
v -0.000001 0.86962 0.171559
v -0.000001 0.845364 0.091324
v -0.207266 0.917525 0.239886
v 0.207263 0.917524 0.239885
v -0.000001 0.83707 0.007914
v -0.000001 0.845364 -0.075496
v -0.207265 0.855181 0.089372
v 0.207263 0.85518 0.089371
v -0.000001 0.86962 -0.155731
v -0.000001 0.909202 -0.229618
v -0.207265 0.855181 -0.073543
v 0.207263 0.85518 -0.073544
v -0.000001 0.962317 -0.294463
v -0.000001 1.027161 -0.347578
v -0.207265 0.917525 -0.224057
v 0.207263 0.917524 -0.224058
v -0.000001 1.101047 -0.38716
v -0.000001 1.181281 -0.411417
v -0.207265 1.032722 -0.339255
v 0.207263 1.032721 -0.339256
v -0.000001 1.26469 -0.419711
v -0.000001 1.348099 -0.411417
v -0.207265 1.183234 -0.4016
v 0.207263 1.183233 -0.401601
v -0.000002 1.428334 -0.38716
v -0.000002 1.50222 -0.347578
v -0.207265 1.346147 -0.4016
v 0.207263 1.346146 -0.401601
v -0.000002 1.567063 -0.294463
v -0.000002 1.620178 -0.229618
v -0.207266 1.496659 -0.339255
v 0.207262 1.496659 -0.339256
v -0.000003 1.65976 -0.155731
v -0.000003 1.684017 -0.075496
v -0.207266 1.611856 -0.224057
v 0.207262 1.611856 -0.224058
v -0.000003 1.692311 0.007914
v -0.000003 1.684017 0.091324
v -0.207267 1.674201 -0.073543
v 0.207261 1.6742 -0.073544
v -0.000003 1.65976 0.171559
v -0.000003 1.620178 0.245446
v -0.207267 1.674201 0.089372
v 0.207261 1.6742 0.089371
v -0.000003 1.567063 0.310291
v -0.000003 1.502219 0.363406
v -0.207267 1.611856 0.239886
v 0.207261 1.611855 0.239885
v -0.000003 1.428333 0.402988
v -0.207267 1.496659 0.355084
v 0.207261 1.496658 0.355083
v -0.207267 1.346147 0.417429
v 0.207261 1.346146 0.417428
v -0.197266 1.181274 0.427284
v -0.197267 1.264691 0.43554
v -0.197267 1.348107 0.427284
v -0.197267 1.428334 0.402989
v -0.197267 1.502242 0.363439
v -0.197267 1.567064 0.310291
v -0.197267 1.620211 0.245468
v -0.197267 1.65976 0.17156
v -0.197267 1.684056 0.091332
v -0.197267 1.692311 0.007914
v -0.197267 1.684056 -0.075503
v -0.197267 1.65976 -0.155731
v -0.197266 1.620211 -0.229639
v -0.197266 1.567064 -0.294462
v -0.197266 1.502242 -0.34761
v -0.197266 1.428334 -0.38716
v -0.197265 1.348108 -0.411455
v -0.197265 1.264691 -0.419711
v -0.197265 1.181274 -0.411455
v -0.197265 1.101047 -0.38716
v -0.197265 1.02714 -0.34761
v -0.197265 0.962317 -0.294462
v -0.197265 0.90917 -0.229639
v -0.197265 0.869621 -0.15573
v -0.197265 0.845326 -0.075503
v -0.197265 0.83707 0.007915
v -0.197265 0.845326 0.091333
v -0.197265 0.869621 0.17156
v -0.197265 0.90917 0.245469
v -0.197266 0.962317 0.310291
v -0.197266 1.027139 0.363439
v -0.197266 1.101047 0.402989
v 0.197261 1.502241 0.363438
v 0.197261 1.428333 0.402988
v 0.197261 1.348107 0.427284
v 0.197261 1.26469 0.435539
v 0.197262 1.181273 0.427284
v 0.197262 1.101046 0.402988
v 0.197262 1.027138 0.363438
v 0.197262 0.962316 0.310291
v 0.197263 0.909169 0.245468
v 0.197263 0.86962 0.171559
v 0.197263 0.845325 0.091332
v 0.197263 0.837069 0.007914
v 0.197263 0.845325 -0.075504
v 0.197263 0.86962 -0.155731
v 0.197263 0.909169 -0.22964
v 0.197263 0.962316 -0.294463
v 0.197263 1.027139 -0.347611
v 0.197263 1.101047 -0.38716
v 0.197263 1.181273 -0.411456
v 0.197263 1.26469 -0.419712
v 0.197263 1.348107 -0.411456
v 0.197262 1.428333 -0.387161
v 0.197262 1.502241 -0.347611
v 0.197262 1.567063 -0.294463
v 0.197262 1.62021 -0.22964
v 0.197261 1.65976 -0.155731
v 0.197261 1.684055 -0.075504
v 0.197261 1.69231 0.007914
v 0.197261 1.684055 0.091331
v 0.197261 1.659759 0.171559
v 0.197261 1.62021 0.245468
v 0.197261 1.567063 0.31029
f 2851 2820 2759
f 2851 2759 2725
f 2766 2741 2857
f 2766 2857 2858
f 2742 2859 2860
f 2742 2860 2770
f 2743 2861 2862
f 2743 2862 2774
f 2744 2863 2778
f 2778 2863 2864
f 2745 2865 2782
f 2782 2865 2866
f 2786 2746 2867
f 2786 2867 2868
f 2790 2747 2869
f 2790 2869 2870
f 2794 2748 2871
f 2794 2871 2872
f 2798 2749 2873
f 2798 2873 2874
f 2876 2802 2750
f 2876 2750 2875
f 2878 2806 2751
f 2878 2751 2877
f 2880 2810 2752
f 2880 2752 2879
f 2882 2814 2881
f 2881 2814 2753
f 2817 2754 2883
f 2817 2883 2852
f 2821 2822 2818
f 2821 2818 2724
f 2744 2778 2774
f 2774 2778 2745
f 2774 2745 2743
f 2743 2745 2782
f 2743 2782 2770
f 2770 2782 2746
f 2770 2746 2742
f 2742 2746 2786
f 2742 2786 2766
f 2766 2786 2747
f 2766 2747 2741
f 2741 2747 2790
f 2741 2790 2762
f 2762 2790 2740
f 2740 2790 2748
f 2740 2748 2794
f 2740 2794 2819
f 2819 2794 2749
f 2819 2749 2755
f 2755 2749 2798
f 2755 2798 2817
f 2817 2798 2750
f 2817 2750 2754
f 2754 2750 2802
f 2754 2802 2814
f 2814 2802 2751
f 2814 2751 2753
f 2753 2751 2806
f 2753 2806 2810
f 2810 2806 2752
f 2728 2773 2777
f 2777 2773 2727
f 2777 2727 2729
f 2729 2727 2769
f 2729 2769 2781
f 2781 2769 2726
f 2781 2726 2730
f 2730 2726 2765
f 2730 2765 2785
f 2785 2765 2725
f 2785 2725 2731
f 2731 2725 2759
f 2731 2759 2789
f 2789 2759 2724
f 2789 2724 2732
f 2732 2724 2818
f 2732 2818 2793
f 2793 2818 2739
f 2793 2739 2733
f 2733 2739 2816
f 2733 2816 2797
f 2797 2816 2738
f 2797 2738 2734
f 2734 2738 2813
f 2734 2813 2801
f 2801 2813 2737
f 2801 2737 2735
f 2735 2737 2809
f 2735 2809 2805
f 2805 2809 2736
f 2820 2821 2724
f 2820 2724 2759
f 2762 2740 2855
f 2762 2855 2856
f 2741 2762 2856
f 2741 2856 2857
f 2849 2850 2765
f 2849 2765 2726
f 2850 2851 2725
f 2850 2725 2765
f 2742 2766 2858
f 2742 2858 2859
f 2848 2769 2847
f 2847 2769 2727
f 2849 2726 2848
f 2848 2726 2769
f 2770 2860 2861
f 2770 2861 2743
f 2846 2773 2728
f 2846 2728 2845
f 2847 2727 2846
f 2846 2727 2773
f 2774 2862 2863
f 2774 2863 2744
f 2844 2777 2729
f 2844 2729 2843
f 2845 2728 2777
f 2845 2777 2844
f 2778 2864 2745
f 2745 2864 2865
f 2842 2781 2730
f 2842 2730 2841
f 2843 2729 2781
f 2843 2781 2842
f 2782 2866 2746
f 2746 2866 2867
f 2839 2840 2785
f 2839 2785 2731
f 2840 2841 2730
f 2840 2730 2785
f 2747 2786 2868
f 2747 2868 2869
f 2837 2838 2789
f 2837 2789 2732
f 2838 2839 2731
f 2838 2731 2789
f 2748 2790 2870
f 2748 2870 2871
f 2835 2836 2793
f 2835 2793 2733
f 2836 2837 2732
f 2836 2732 2793
f 2749 2794 2872
f 2749 2872 2873
f 2833 2834 2797
f 2833 2797 2734
f 2834 2835 2733
f 2834 2733 2797
f 2750 2798 2874
f 2750 2874 2875
f 2735 2831 2801
f 2801 2831 2832
f 2801 2832 2734
f 2734 2832 2833
f 2877 2751 2802
f 2877 2802 2876
f 2736 2829 2805
f 2805 2829 2830
f 2805 2830 2735
f 2735 2830 2831
f 2879 2752 2806
f 2879 2806 2878
f 2737 2827 2828
f 2737 2828 2809
f 2809 2828 2829
f 2809 2829 2736
f 2881 2753 2880
f 2880 2753 2810
f 2738 2825 2826
f 2738 2826 2813
f 2813 2826 2827
f 2813 2827 2737
f 2883 2754 2882
f 2882 2754 2814
f 2819 2755 2853
f 2819 2853 2854
f 2823 2824 2816
f 2823 2816 2739
f 2824 2825 2738
f 2824 2738 2816
f 2755 2817 2852
f 2755 2852 2853
f 2822 2823 2818
f 2818 2823 2739
f 2740 2819 2854
f 2740 2854 2855
f 2758 2760 2821
f 2758 2821 2820
f 2760 2761 2822
f 2760 2822 2821
f 2761 2815 2823
f 2761 2823 2822
f 2815 2812 2824
f 2815 2824 2823
f 2812 2811 2825
f 2812 2825 2824
f 2825 2811 2826
f 2826 2811 2808
f 2826 2808 2807
f 2826 2807 2827
f 2827 2807 2828
f 2828 2807 2804
f 2828 2804 2803
f 2828 2803 2829
f 2829 2803 2800
f 2829 2800 2830
f 2830 2800 2799
f 2830 2799 2831
f 2831 2799 2796
f 2831 2796 2832
f 2832 2796 2795
f 2832 2795 2833
f 2795 2792 2834
f 2795 2834 2833
f 2792 2791 2835
f 2792 2835 2834
f 2791 2788 2836
f 2791 2836 2835
f 2788 2787 2837
f 2788 2837 2836
f 2787 2784 2838
f 2787 2838 2837
f 2784 2783 2839
f 2784 2839 2838
f 2783 2780 2840
f 2783 2840 2839
f 2780 2779 2841
f 2780 2841 2840
f 2776 2842 2841
f 2776 2841 2779
f 2775 2843 2776
f 2776 2843 2842
f 2772 2844 2843
f 2772 2843 2775
f 2771 2845 2772
f 2772 2845 2844
f 2768 2846 2845
f 2768 2845 2771
f 2767 2847 2846
f 2767 2846 2768
f 2764 2848 2847
f 2764 2847 2767
f 2763 2849 2848
f 2763 2848 2764
f 2763 2757 2850
f 2763 2850 2849
f 2757 2756 2851
f 2757 2851 2850
f 2756 2758 2820
f 2756 2820 2851
f 2853 2852 2812
f 2853 2812 2815
f 2854 2853 2815
f 2854 2815 2761
f 2855 2854 2760
f 2760 2854 2761
f 2856 2855 2760
f 2856 2760 2758
f 2857 2856 2756
f 2756 2856 2758
f 2858 2857 2757
f 2757 2857 2756
f 2859 2858 2757
f 2859 2757 2763
f 2859 2763 2860
f 2860 2763 2764
f 2860 2764 2767
f 2860 2767 2861
f 2861 2767 2862
f 2862 2767 2768
f 2862 2768 2771
f 2862 2771 2863
f 2863 2771 2772
f 2863 2772 2864
f 2864 2772 2775
f 2864 2775 2865
f 2865 2775 2776
f 2865 2776 2866
f 2866 2776 2779
f 2866 2779 2867
f 2868 2867 2780
f 2780 2867 2779
f 2869 2868 2780
f 2869 2780 2783
f 2870 2869 2783
f 2870 2783 2784
f 2871 2870 2787
f 2787 2870 2784
f 2872 2871 2787
f 2872 2787 2788
f 2873 2872 2791
f 2791 2872 2788
f 2874 2873 2792
f 2792 2873 2791
f 2875 2874 2792
f 2875 2792 2795
f 2796 2876 2875
f 2796 2875 2795
f 2799 2877 2796
f 2796 2877 2876
f 2800 2878 2877
f 2800 2877 2799
f 2803 2879 2800
f 2800 2879 2878
f 2804 2880 2879
f 2804 2879 2803
f 2807 2881 2880
f 2807 2880 2804
f 2808 2882 2881
f 2808 2881 2807
f 2811 2883 2882
f 2811 2882 2808
f 2852 2883 2812
f 2812 2883 2811
o Cylinder7
v -0.000001 1.373265 -0.111563
v 0.04292 1.364902 -0.111563
v 0.079306 1.341087 -0.111564
v 0.103619 1.305445 -0.111564
v 0.112157 1.263403 -0.111564
v 0.103619 1.221361 -0.111564
v 0.079307 1.185719 -0.111564
v 0.04292 1.161904 -0.111564
v -0.000001 1.153542 -0.111564
v -0.042922 1.161904 -0.111563
v -0.079309 1.185719 -0.111563
v -0.103621 1.221361 -0.111563
v -0.112159 1.263403 -0.111563
v -0.103622 1.305446 -0.111563
v -0.079309 1.341087 -0.111563
v -0.042922 1.364902 -0.111563
v 0.000007 1.373268 -4.885799
v 0.042928 1.364905 -4.885799
v 0.079315 1.34109 -4.885799
v 0.103628 1.305448 -4.885799
v 0.112165 1.263406 -4.885799
v 0.103628 1.221364 -4.885799
v 0.079315 1.185722 -4.885799
v 0.042929 1.161907 -4.885799
v 0.000008 1.153545 -4.885799
v -0.042913 1.161908 -4.885799
v -0.0793 1.185723 -4.885799
v -0.103613 1.221364 -4.885799
v -0.11215 1.263407 -4.885799
v -0.103613 1.305449 -4.885799
v -0.0793 1.34109 -4.885799
v -0.042914 1.364905 -4.885799
f 2901 2900 2884
f 2901 2884 2885
f 2902 2901 2885
f 2902 2885 2886
f 2902 2886 2887
f 2902 2887 2903
f 2903 2887 2888
f 2903 2888 2904
f 2904 2888 2889
f 2904 2889 2905
f 2905 2889 2890
f 2905 2890 2906
f 2907 2906 2890
f 2907 2890 2891
f 2908 2907 2891
f 2908 2891 2892
f 2909 2908 2892
f 2909 2892 2893
f 2910 2909 2893
f 2910 2893 2894
f 2895 2911 2910
f 2895 2910 2894
f 2896 2912 2911
f 2896 2911 2895
f 2897 2913 2912
f 2897 2912 2896
f 2898 2914 2913
f 2898 2913 2897
f 2915 2914 2898
f 2915 2898 2899
f 2900 2915 2899
f 2900 2899 2884
f 2904 2905 2903
f 2903 2905 2906
f 2903 2906 2902
f 2902 2906 2907
f 2902 2907 2901
f 2901 2907 2900
f 2900 2907 2908
f 2900 2908 2909
f 2900 2909 2915
f 2915 2909 2910
f 2915 2910 2914
f 2914 2910 2911
f 2914 2911 2913
f 2913 2911 2912
f 2888 2887 2889
f 2889 2887 2886
f 2889 2886 2890
f 2890 2886 2885
f 2890 2885 2891
f 2891 2885 2884
f 2891 2884 2892
f 2892 2884 2899
f 2892 2899 2893
f 2893 2899 2898
f 2893 2898 2894
f 2894 2898 2897
f 2894 2897 2895
f 2895 2897 2896
o Cylinder3002
v 0.000004 1.405418 -2.918118
v 0.054453 1.394603 -2.918118
v 0.100603 1.36381 -2.918118
v 0.131432 1.317738 -2.918118
v 0.142255 1.263404 -2.918118
v 0.131432 1.20907 -2.918118
v 0.100604 1.162998 -2.918118
v 0.054453 1.132206 -2.918118
v 0.000004 1.121391 -2.918118
v -0.054445 1.132206 -2.918118
v -0.100596 1.162999 -2.918118
v -0.131424 1.20907 -2.918118
v -0.142247 1.263405 -2.918118
v -0.131424 1.317739 -2.918118
v -0.100596 1.363811 -2.918118
v -0.054446 1.394603 -2.918118
v 0.000005 1.405418 -3.513612
v 0.054454 1.394603 -3.513612
v 0.100605 1.36381 -3.513612
v 0.131433 1.317739 -3.513613
v 0.142256 1.263404 -3.513613
v 0.131433 1.20907 -3.513613
v 0.100605 1.162998 -3.513613
v 0.054455 1.132206 -3.513612
v 0.000005 1.121391 -3.513612
v -0.054444 1.132206 -3.513612
v -0.100594 1.162999 -3.513612
v -0.131423 1.209071 -3.513612
v -0.142246 1.263405 -3.513612
v -0.131423 1.317739 -3.513612
v -0.100595 1.363811 -3.513612
v -0.054444 1.394603 -3.513612
v -0.064188 1.418157 -3.488611
v 0.000005 1.430907 -3.488611
v 0.064197 1.418156 -3.488611
v 0.118617 1.381846 -3.488611
v 0.154979 1.327505 -3.488611
v 0.167748 1.263404 -3.488611
v 0.154979 1.199304 -3.488611
v 0.118617 1.144962 -3.488611
v 0.064198 1.108652 -3.488611
v 0.000005 1.095902 -3.488611
v -0.064187 1.108653 -3.488611
v -0.118607 1.144963 -3.488611
v -0.154969 1.199305 -3.488611
v -0.167738 1.263405 -3.488611
v -0.154969 1.327505 -3.488611
v -0.118607 1.381847 -3.488611
v 0.000004 1.430907 -2.943119
v -0.064189 1.418157 -2.943119
v -0.118608 1.381847 -2.943119
v -0.15497 1.327505 -2.943119
v -0.167739 1.263405 -2.943119
v -0.15497 1.199304 -2.943119
v -0.118608 1.144963 -2.943119
v -0.064188 1.108653 -2.943119
v 0.000004 1.095902 -2.943119
v 0.064197 1.108652 -2.943119
v 0.118616 1.144962 -2.943119
v 0.154978 1.199304 -2.943119
v 0.167747 1.263404 -2.943119
v 0.154978 1.327504 -2.943119
v 0.118616 1.381846 -2.943119
v 0.064196 1.418156 -2.943119
f 2950 2933 2932
f 2950 2932 2949
f 2951 2934 2950
f 2950 2934 2933
f 2952 2935 2951
f 2951 2935 2934
f 2952 2953 2936
f 2952 2936 2935
f 2953 2954 2936
f 2936 2954 2937
f 2937 2954 2955
f 2937 2955 2938
f 2938 2955 2956
f 2938 2956 2939
f 2939 2956 2957
f 2939 2957 2940
f 2940 2957 2941
f 2941 2957 2958
f 2941 2958 2942
f 2942 2958 2959
f 2942 2959 2943
f 2943 2959 2960
f 2944 2943 2960
f 2944 2960 2961
f 2945 2944 2962
f 2962 2944 2961
f 2963 2946 2945
f 2963 2945 2962
f 2948 2947 2946
f 2948 2946 2963
f 2949 2932 2947
f 2949 2947 2948
f 2936 2937 2935
f 2935 2937 2938
f 2935 2938 2934
f 2934 2938 2939
f 2934 2939 2933
f 2933 2939 2932
f 2932 2939 2940
f 2932 2940 2941
f 2932 2941 2947
f 2947 2941 2942
f 2947 2942 2946
f 2946 2942 2943
f 2946 2943 2945
f 2945 2943 2944
f 2920 2919 2921
f 2921 2919 2918
f 2921 2918 2922
f 2922 2918 2917
f 2922 2917 2923
f 2923 2917 2916
f 2923 2916 2924
f 2924 2916 2931
f 2924 2931 2925
f 2925 2931 2930
f 2925 2930 2926
f 2926 2930 2929
f 2926 2929 2927
f 2927 2929 2928
f 2916 2964 2931
f 2931 2964 2965
f 2917 2979 2964
f 2917 2964 2916
f 2918 2978 2979
f 2918 2979 2917
f 2919 2977 2978
f 2919 2978 2918
f 2976 2977 2920
f 2920 2977 2919
f 2975 2976 2920
f 2975 2920 2921
f 2975 2921 2974
f 2974 2921 2922
f 2974 2922 2973
f 2973 2922 2923
f 2973 2923 2924
f 2973 2924 2972
f 2972 2924 2925
f 2972 2925 2971
f 2971 2925 2926
f 2971 2926 2970
f 2970 2926 2927
f 2970 2927 2969
f 2927 2928 2969
f 2969 2928 2968
f 2928 2929 2967
f 2928 2967 2968
f 2930 2966 2929
f 2929 2966 2967
f 2931 2965 2930
f 2930 2965 2966
f 2949 2948 2965
f 2949 2965 2964
f 2948 2963 2966
f 2948 2966 2965
f 2966 2963 2962
f 2966 2962 2967
f 2967 2962 2961
f 2967 2961 2968
f 2968 2961 2960
f 2968 2960 2969
f 2969 2960 2959
f 2969 2959 2970
f 2959 2958 2971
f 2959 2971 2970
f 2958 2957 2972
f 2958 2972 2971
f 2957 2956 2973
f 2957 2973 2972
f 2956 2955 2974
f 2956 2974 2973
f 2954 2975 2974
f 2954 2974 2955
f 2953 2976 2975
f 2953 2975 2954
f 2952 2977 2976
f 2952 2976 2953
f 2951 2978 2977
f 2951 2977 2952
f 2951 2950 2979
f 2951 2979 2978
f 2950 2949 2964
f 2950 2964 2979
o Cylinder4002
v 0.000007 1.438676 -4.610025
v 0.065163 1.425718 -4.610026
v 0.121239 1.388257 -4.610026
v 0.159331 1.331259 -4.610026
v 0.172831 1.263406 -4.610026
v 0.159332 1.195554 -4.610026
v 0.121239 1.138556 -4.610025
v 0.065164 1.101095 -4.610025
v 0.000007 1.088137 -4.610025
v -0.065149 1.101095 -4.610025
v -0.121225 1.138557 -4.610025
v -0.159317 1.195555 -4.610025
v -0.172817 1.263407 -4.610025
v -0.159318 1.331259 -4.610025
v -0.121225 1.388258 -4.610025
v -0.06515 1.425719 -4.610025
v 0.000007 1.416634 -4.734087
v 0.053832 1.40593 -4.734087
v 0.10156 1.374045 -4.734087
v 0.13501 1.323993 -4.734087
v 0.147064 1.263406 -4.734087
v 0.13501 1.20282 -4.734087
v 0.10156 1.152768 -4.734087
v 0.053832 1.120884 -4.734087
v 0.000008 1.11018 -4.734087
v -0.053817 1.120884 -4.734087
v -0.101545 1.152769 -4.734087
v -0.134996 1.202821 -4.734087
v -0.147049 1.263407 -4.734087
v -0.134996 1.323993 -4.734087
v -0.101546 1.374045 -4.734087
v -0.053818 1.40593 -4.734087
v -0.072704 1.438911 -4.698328
v 0.000007 1.453371 -4.698328
v 0.072717 1.438911 -4.698328
v 0.134359 1.397732 -4.698328
v 0.175546 1.336103 -4.698328
v 0.190009 1.263406 -4.698328
v 0.175546 1.19071 -4.698328
v 0.134359 1.129081 -4.698328
v 0.072718 1.087902 -4.698328
v 0.000008 1.073442 -4.698328
v -0.072703 1.087903 -4.698328
v -0.134344 1.129082 -4.698327
v -0.175532 1.190711 -4.698327
v -0.189995 1.263407 -4.698327
v -0.175532 1.336103 -4.698327
v -0.134345 1.397732 -4.698327
v 0.000007 1.453371 -4.624329
v -0.072704 1.438911 -4.624329
v -0.134345 1.397732 -4.624329
v -0.175532 1.336103 -4.624329
v -0.189995 1.263407 -4.624329
v -0.175532 1.190711 -4.624329
v -0.134344 1.129082 -4.624329
v -0.072703 1.087903 -4.624329
v 0.000008 1.073442 -4.624329
v 0.072718 1.087902 -4.624329
v 0.134359 1.129081 -4.62433
v 0.175546 1.19071 -4.62433
v 0.190009 1.263406 -4.62433
v 0.175546 1.336103 -4.62433
v 0.134358 1.397732 -4.62433
v 0.072717 1.438911 -4.624329
f 2997 2996 3013
f 2997 3013 3014
f 2998 2997 3014
f 2998 3014 3015
f 2998 3015 3016
f 2998 3016 2999
f 2999 3016 3000
f 3000 3016 3017
f 3000 3017 3001
f 3001 3017 3018
f 3001 3018 3002
f 3002 3018 3019
f 3003 3002 3019
f 3003 3019 3020
f 3004 3003 3020
f 3004 3020 3021
f 3005 3004 3021
f 3005 3021 3022
f 3006 3005 3022
f 3006 3022 3023
f 3024 3007 3006
f 3024 3006 3023
f 3025 3008 3007
f 3025 3007 3024
f 3026 3009 3008
f 3026 3008 3025
f 3027 3010 3026
f 3026 3010 3009
f 3011 3010 3027
f 3011 3027 3012
f 2996 3011 3012
f 2996 3012 3013
f 3000 3001 2999
f 2999 3001 3002
f 2999 3002 2998
f 2998 3002 3003
f 2998 3003 2997
f 2997 3003 2996
f 2996 3003 3004
f 2996 3004 3005
f 2996 3005 3011
f 3011 3005 3006
f 3011 3006 3010
f 3010 3006 3007
f 3010 3007 3009
f 3009 3007 3008
f 2984 2983 2985
f 2985 2983 2982
f 2985 2982 2986
f 2986 2982 2981
f 2986 2981 2987
f 2987 2981 2980
f 2987 2980 2988
f 2988 2980 2995
f 2988 2995 2989
f 2989 2995 2994
f 2989 2994 2990
f 2990 2994 2993
f 2990 2993 2991
f 2991 2993 2992
f 3028 3029 2980
f 2980 3029 2995
f 3043 3028 2980
f 3043 2980 2981
f 3042 3043 2981
f 3042 2981 2982
f 3042 2982 3041
f 3041 2982 2983
f 3041 2983 3040
f 3040 2983 2984
f 3040 2984 2985
f 3040 2985 3039
f 3039 2985 2986
f 3039 2986 3038
f 3037 3038 2986
f 3037 2986 2987
f 3036 3037 2987
f 3036 2987 2988
f 3035 3036 2989
f 2989 3036 2988
f 3034 3035 2990
f 2990 3035 2989
f 2991 3033 2990
f 2990 3033 3034
f 2992 3032 2991
f 2991 3032 3033
f 2993 3031 3032
f 2993 3032 2992
f 2994 3030 3031
f 2994 3031 2993
f 3029 3030 2995
f 2995 3030 2994
f 3013 3012 3029
f 3013 3029 3028
f 3012 3027 3030
f 3012 3030 3029
f 3030 3027 3026
f 3030 3026 3031
f 3031 3026 3025
f 3031 3025 3032
f 3032 3025 3024
f 3032 3024 3033
f 3033 3024 3023
f 3033 3023 3034
f 3023 3022 3035
f 3023 3035 3034
f 3022 3021 3036
f 3022 3036 3035
f 3021 3020 3037
f 3021 3037 3036
f 3020 3019 3038
f 3020 3038 3037
f 3018 3039 3038
f 3018 3038 3019
f 3017 3040 3039
f 3017 3039 3018
f 3016 3041 3040
f 3016 3040 3017
f 3015 3042 3041
f 3015 3041 3016
f 3015 3014 3043
f 3015 3043 3042
f 3014 3013 3028
f 3014 3028 3043
o Cylinder5002
v 0.000005 1.438677 -4.430418
v 0.065162 1.425719 -4.430418
v 0.121237 1.388258 -4.430418
v 0.15933 1.331259 -4.430418
v 0.17283 1.263407 -4.430418
v 0.15933 1.195555 -4.430418
v 0.121238 1.138557 -4.430418
v 0.065162 1.101096 -4.430418
v 0.000006 1.088138 -4.430418
v -0.06515 1.101096 -4.430418
v -0.121226 1.138557 -4.430418
v -0.159319 1.195556 -4.430418
v -0.172818 1.263408 -4.430418
v -0.159319 1.33126 -4.430418
v -0.121227 1.388258 -4.430418
v -0.065151 1.425719 -4.430418
v 0.000006 1.416635 -4.55448
v 0.05383 1.40593 -4.55448
v 0.101558 1.374046 -4.55448
v 0.135009 1.323994 -4.55448
v 0.147063 1.263407 -4.55448
v 0.135009 1.202821 -4.55448
v 0.101559 1.152769 -4.55448
v 0.053831 1.120885 -4.55448
v 0.000006 1.11018 -4.554479
v -0.053818 1.120885 -4.554479
v -0.101546 1.152769 -4.554479
v -0.134997 1.202821 -4.554479
v -0.147051 1.263408 -4.554479
v -0.134997 1.323994 -4.554479
v -0.101547 1.374046 -4.554479
v -0.053819 1.405931 -4.55448
v -0.072705 1.438912 -4.51872
v 0.000005 1.453372 -4.51872
v 0.072716 1.438912 -4.51872
v 0.134357 1.397732 -4.518721
v 0.175545 1.336103 -4.518721
v 0.190008 1.263407 -4.518721
v 0.175545 1.190711 -4.518721
v 0.134358 1.129082 -4.518721
v 0.072717 1.087903 -4.51872
v 0.000006 1.073443 -4.51872
v -0.072704 1.087903 -4.51872
v -0.134345 1.129083 -4.51872
v -0.175533 1.190712 -4.51872
v -0.189996 1.263408 -4.51872
v -0.175533 1.336104 -4.51872
v -0.134346 1.397733 -4.51872
v 0.000005 1.453372 -4.444722
v -0.072705 1.438912 -4.444722
v -0.134346 1.397733 -4.444721
v -0.175533 1.336104 -4.444721
v -0.189996 1.263408 -4.444721
v -0.175533 1.190712 -4.444721
v -0.134346 1.129083 -4.444721
v -0.072704 1.087903 -4.444722
v 0.000006 1.073443 -4.444722
v 0.072717 1.087903 -4.444722
v 0.134358 1.129082 -4.444722
v 0.175545 1.190711 -4.444722
v 0.190008 1.263407 -4.444722
v 0.175545 1.336103 -4.444722
v 0.134357 1.397732 -4.444722
v 0.072716 1.438912 -4.444722
f 3061 3060 3077
f 3061 3077 3078
f 3062 3061 3078
f 3062 3078 3079
f 3062 3079 3080
f 3062 3080 3063
f 3063 3080 3064
f 3064 3080 3081
f 3064 3081 3065
f 3065 3081 3082
f 3065 3082 3066
f 3066 3082 3083
f 3067 3066 3083
f 3067 3083 3084
f 3068 3067 3084
f 3068 3084 3085
f 3069 3068 3085
f 3069 3085 3086
f 3070 3069 3086
f 3070 3086 3087
f 3088 3071 3070
f 3088 3070 3087
f 3089 3072 3071
f 3089 3071 3088
f 3090 3073 3072
f 3090 3072 3089
f 3091 3074 3090
f 3090 3074 3073
f 3075 3074 3091
f 3075 3091 3076
f 3060 3075 3076
f 3060 3076 3077
f 3064 3065 3063
f 3063 3065 3066
f 3063 3066 3062
f 3062 3066 3067
f 3062 3067 3061
f 3061 3067 3060
f 3060 3067 3068
f 3060 3068 3069
f 3060 3069 3075
f 3075 3069 3070
f 3075 3070 3074
f 3074 3070 3071
f 3074 3071 3073
f 3073 3071 3072
f 3048 3047 3049
f 3049 3047 3046
f 3049 3046 3050
f 3050 3046 3045
f 3050 3045 3051
f 3051 3045 3044
f 3051 3044 3052
f 3052 3044 3059
f 3052 3059 3053
f 3053 3059 3058
f 3053 3058 3054
f 3054 3058 3057
f 3054 3057 3055
f 3055 3057 3056
f 3092 3093 3044
f 3044 3093 3059
f 3107 3092 3044
f 3107 3044 3045
f 3106 3107 3045
f 3106 3045 3046
f 3106 3046 3105
f 3105 3046 3047
f 3105 3047 3104
f 3104 3047 3048
f 3104 3048 3049
f 3104 3049 3103
f 3103 3049 3050
f 3103 3050 3102
f 3101 3102 3050
f 3101 3050 3051
f 3100 3101 3051
f 3100 3051 3052
f 3099 3100 3053
f 3053 3100 3052
f 3098 3099 3054
f 3054 3099 3053
f 3055 3097 3054
f 3054 3097 3098
f 3056 3096 3055
f 3055 3096 3097
f 3057 3095 3096
f 3057 3096 3056
f 3058 3094 3095
f 3058 3095 3057
f 3093 3094 3059
f 3059 3094 3058
f 3077 3076 3093
f 3077 3093 3092
f 3076 3091 3094
f 3076 3094 3093
f 3094 3091 3090
f 3094 3090 3095
f 3095 3090 3089
f 3095 3089 3096
f 3096 3089 3088
f 3096 3088 3097
f 3097 3088 3087
f 3097 3087 3098
f 3087 3086 3099
f 3087 3099 3098
f 3086 3085 3100
f 3086 3100 3099
f 3085 3084 3101
f 3085 3101 3100
f 3084 3083 3102
f 3084 3102 3101
f 3082 3103 3102
f 3082 3102 3083
f 3081 3104 3103
f 3081 3103 3082
f 3080 3105 3104
f 3080 3104 3081
f 3079 3106 3105
f 3079 3105 3080
f 3079 3078 3107
f 3079 3107 3106
f 3078 3077 3092
f 3078 3092 3107
o Cylinder6
v 0.000007 1.405422 -4.798111
v 0.054456 1.394607 -4.798111
v 0.100607 1.363814 -4.798112
v 0.131435 1.317742 -4.798112
v 0.142259 1.263408 -4.798112
v 0.131435 1.209074 -4.798112
v 0.100607 1.163002 -4.798112
v 0.054457 1.13221 -4.798111
v 0.000008 1.121395 -4.798111
v -0.054441 1.13221 -4.798111
v -0.100592 1.163003 -4.798111
v -0.13142 1.209075 -4.798111
v -0.142244 1.263409 -4.798111
v -0.131421 1.317743 -4.798111
v -0.100593 1.363815 -4.798111
v -0.054442 1.394607 -4.798111
v 0.000008 1.405422 -5.393606
v 0.054457 1.394607 -5.393606
v 0.100608 1.363814 -5.393606
v 0.131436 1.317743 -5.393606
v 0.14226 1.263408 -5.393606
v 0.131437 1.209074 -5.393606
v 0.100609 1.163003 -5.393606
v 0.054458 1.13221 -5.393606
v 0.000009 1.121395 -5.393606
v -0.05444 1.13221 -5.393606
v -0.100591 1.163003 -5.393605
v -0.131419 1.209075 -5.393605
v -0.142243 1.263409 -5.393605
v -0.131419 1.317743 -5.393605
v -0.100591 1.363815 -5.393605
v -0.054441 1.394607 -5.393606
v -0.064184 1.418161 -5.368605
v 0.000008 1.430911 -5.368605
v 0.064201 1.418161 -5.368605
v 0.11862 1.38185 -5.368605
v 0.154982 1.327509 -5.368605
v 0.167751 1.263408 -5.368605
v 0.154983 1.199308 -5.368605
v 0.118621 1.144966 -5.368605
v 0.064201 1.108657 -5.368605
v 0.000009 1.095906 -5.368605
v -0.064183 1.108657 -5.368605
v -0.118603 1.144967 -5.368605
v -0.154965 1.199309 -5.368604
v -0.167734 1.263409 -5.368604
v -0.154966 1.32751 -5.368604
v -0.118604 1.381851 -5.368604
v 0.000007 1.430911 -4.823112
v -0.064185 1.418161 -4.823112
v -0.118605 1.381851 -4.823112
v -0.154967 1.327509 -4.823112
v -0.167735 1.263409 -4.823112
v -0.154966 1.199309 -4.823112
v -0.118604 1.144967 -4.823112
v -0.064185 1.108657 -4.823112
v 0.000008 1.095906 -4.823112
v 0.0642 1.108656 -4.823112
v 0.11862 1.144966 -4.823113
v 0.154982 1.199308 -4.823113
v 0.16775 1.263408 -4.823113
v 0.154981 1.327509 -4.823113
v 0.118619 1.38185 -4.823112
v 0.064199 1.41816 -4.823112
v 0.044217 1.369986 -5.393606
v 0.081696 1.344979 -5.393606
v 0.106738 1.307554 -5.393606
v 0.115532 1.263408 -5.393606
v 0.106739 1.219263 -5.393606
v 0.081696 1.181838 -5.393606
v 0.044218 1.156832 -5.393606
v 0.000009 1.148051 -5.393606
v -0.0442 1.156832 -5.393606
v -0.081679 1.181839 -5.393605
v -0.106721 1.219263 -5.393605
v -0.115515 1.263409 -5.393605
v -0.106721 1.307555 -5.393605
v -0.081679 1.344979 -5.393605
v 0.000008 1.378767 -5.393606
v -0.044201 1.369986 -5.393605
v 0.000008 1.361213 -4.978743
v 0.037506 1.353764 -4.978743
v 0.06929 1.332557 -4.978743
v 0.090521 1.300828 -4.978743
v 0.097976 1.263408 -4.978743
v 0.090522 1.225989 -4.978743
v 0.069291 1.194259 -4.978743
v 0.037507 1.173053 -4.978743
v 0.000008 1.165605 -4.978743
v -0.037491 1.173053 -4.978743
v -0.069275 1.19426 -4.978743
v -0.090506 1.225989 -4.978743
v -0.09796 1.263409 -4.978743
v -0.090506 1.300829 -4.978743
v -0.069275 1.332558 -4.978743
v -0.037491 1.353764 -4.978743
v 0.000008 1.378767 -5.003744
v -0.044201 1.369986 -5.003744
v -0.08168 1.344979 -5.003744
v -0.106722 1.307554 -5.003744
v -0.115516 1.263409 -5.003744
v -0.106722 1.219263 -5.003744
v -0.08168 1.181838 -5.003744
v -0.044201 1.156832 -5.003744
v 0.000008 1.148051 -5.003744
v 0.044217 1.156832 -5.003744
v 0.081696 1.181838 -5.003744
v 0.106738 1.219263 -5.003744
v 0.115531 1.263408 -5.003744
v 0.106738 1.307554 -5.003744
v 0.081695 1.344979 -5.003744
v 0.044217 1.369985 -5.003744
v -0.044201 1.369986 -5.393605
v 0.000008 1.378767 -5.393606
v -0.081679 1.344979 -5.393605
v -0.106721 1.307555 -5.393605
v -0.115515 1.263409 -5.393605
v -0.106721 1.219263 -5.393605
v -0.081679 1.181839 -5.393605
v -0.0442 1.156832 -5.393606
v 0.000009 1.148051 -5.393606
v 0.044218 1.156832 -5.393606
v 0.081696 1.181838 -5.393606
v 0.106739 1.219263 -5.393606
v 0.115532 1.263408 -5.393606
v 0.106738 1.307554 -5.393606
v 0.081696 1.344979 -5.393606
v 0.044217 1.369986 -5.393606
f 3142 3125 3124
f 3142 3124 3141
f 3143 3126 3142
f 3142 3126 3125
f 3144 3127 3143
f 3143 3127 3126
f 3144 3145 3128
f 3144 3128 3127
f 3145 3146 3128
f 3128 3146 3129
f 3129 3146 3147
f 3129 3147 3130
f 3130 3147 3148
f 3130 3148 3131
f 3131 3148 3149
f 3131 3149 3132
f 3132 3149 3133
f 3133 3149 3150
f 3133 3150 3134
f 3134 3150 3151
f 3134 3151 3135
f 3135 3151 3152
f 3136 3135 3152
f 3136 3152 3153
f 3137 3136 3154
f 3154 3136 3153
f 3155 3138 3137
f 3155 3137 3154
f 3140 3139 3138
f 3140 3138 3155
f 3141 3124 3139
f 3141 3139 3140
f 3127 3175 3174
f 3127 3174 3126
f 3126 3174 3173
f 3126 3173 3125
f 3125 3173 3172
f 3125 3172 3186
f 3125 3186 3124
f 3124 3186 3187
f 3124 3187 3139
f 3139 3187 3185
f 3139 3185 3138
f 3138 3185 3184
f 3138 3184 3183
f 3138 3183 3135
f 3138 3135 3137
f 3137 3135 3136
f 3128 3129 3127
f 3127 3129 3175
f 3175 3129 3176
f 3176 3129 3130
f 3176 3130 3177
f 3177 3130 3131
f 3177 3131 3178
f 3178 3131 3179
f 3179 3131 3132
f 3179 3132 3180
f 3180 3132 3133
f 3180 3133 3181
f 3181 3133 3134
f 3181 3134 3182
f 3182 3134 3183
f 3183 3134 3135
f 3112 3111 3113
f 3113 3111 3110
f 3113 3110 3114
f 3114 3110 3109
f 3114 3109 3115
f 3115 3109 3108
f 3115 3108 3116
f 3116 3108 3123
f 3116 3123 3117
f 3117 3123 3122
f 3117 3122 3118
f 3118 3122 3121
f 3118 3121 3119
f 3119 3121 3120
f 3108 3156 3123
f 3123 3156 3157
f 3109 3171 3156
f 3109 3156 3108
f 3110 3170 3171
f 3110 3171 3109
f 3111 3169 3170
f 3111 3170 3110
f 3168 3169 3112
f 3112 3169 3111
f 3167 3168 3112
f 3167 3112 3113
f 3167 3113 3166
f 3166 3113 3114
f 3166 3114 3165
f 3165 3114 3115
f 3165 3115 3116
f 3165 3116 3164
f 3164 3116 3117
f 3164 3117 3163
f 3163 3117 3118
f 3163 3118 3162
f 3162 3118 3119
f 3162 3119 3161
f 3119 3120 3161
f 3161 3120 3160
f 3120 3121 3159
f 3120 3159 3160
f 3122 3158 3121
f 3121 3158 3159
f 3123 3157 3122
f 3122 3157 3158
f 3141 3140 3157
f 3141 3157 3156
f 3140 3155 3158
f 3140 3158 3157
f 3158 3155 3154
f 3158 3154 3159
f 3159 3154 3153
f 3159 3153 3160
f 3160 3153 3152
f 3160 3152 3161
f 3161 3152 3151
f 3161 3151 3162
f 3151 3150 3163
f 3151 3163 3162
f 3150 3149 3164
f 3150 3164 3163
f 3149 3148 3165
f 3149 3165 3164
f 3148 3147 3166
f 3148 3166 3165
f 3146 3167 3166
f 3146 3166 3147
f 3145 3168 3167
f 3145 3167 3146
f 3144 3169 3168
f 3144 3168 3145
f 3143 3170 3169
f 3143 3169 3144
f 3143 3142 3171
f 3143 3171 3170
f 3142 3141 3156
f 3142 3156 3171
f 3192 3193 3191
f 3191 3193 3194
f 3191 3194 3190
f 3190 3194 3195
f 3190 3195 3189
f 3189 3195 3188
f 3188 3195 3196
f 3188 3196 3197
f 3188 3197 3203
f 3203 3197 3198
f 3203 3198 3202
f 3202 3198 3199
f 3202 3199 3201
f 3201 3199 3200
f 3204 3188 3203
f 3204 3203 3205
f 3219 3189 3188
f 3219 3188 3204
f 3218 3190 3219
f 3219 3190 3189
f 3217 3191 3218
f 3218 3191 3190
f 3217 3216 3192
f 3217 3192 3191
f 3216 3215 3192
f 3192 3215 3193
f 3193 3215 3214
f 3193 3214 3194
f 3194 3214 3213
f 3194 3213 3195
f 3195 3213 3212
f 3195 3212 3196
f 3196 3212 3197
f 3197 3212 3211
f 3197 3211 3198
f 3198 3211 3210
f 3198 3210 3199
f 3199 3210 3209
f 3200 3199 3209
f 3200 3209 3208
f 3201 3200 3207
f 3207 3200 3208
f 3206 3202 3201
f 3206 3201 3207
f 3205 3203 3202
f 3205 3202 3206
f 3178 3179 3212
f 3178 3212 3213
f 3177 3178 3213
f 3177 3213 3214
f 3215 3176 3177
f 3215 3177 3214
f 3216 3175 3176
f 3216 3176 3215
f 3217 3174 3175
f 3217 3175 3216
f 3218 3173 3174
f 3218 3174 3217
f 3172 3173 3218
f 3172 3218 3219
f 3186 3172 3219
f 3186 3219 3204
f 3179 3180 3211
f 3179 3211 3212
f 3180 3181 3211
f 3211 3181 3210
f 3182 3209 3181
f 3181 3209 3210
f 3183 3208 3182
f 3182 3208 3209
f 3185 3206 3184
f 3184 3206 3207
f 3184 3207 3183
f 3183 3207 3208
f 3185 3187 3206
f 3206 3187 3205
f 3187 3186 3204
f 3187 3204 3205
