# Exported from Wings 3D 2.4.1
mtllib Sky-Surveillance.mtl
o Cube2
#64 vertices, 62 faces
v -2.49400000 -1.00000000 -3.7200000e-2
v -2.49400000 -1.00000000 3.7200000e-2
v -2.49400000 1.00000000 -3.7200000e-2
v -2.49400000 1.00000000 3.7200000e-2
v 2.49400000 -1.00000000 -3.7200000e-2
v 2.49400000 -1.00000000 3.7200000e-2
v 2.49400000 1.00000000 -3.7200000e-2
v 2.49400000 1.00000000 3.7200000e-2
v -3.99744269 -0.40200000 -3.7200000e-2
v -3.99744269 -0.40200000 3.7200000e-2
v -3.99744269 0.40200000 3.7200000e-2
v -3.99744269 0.40200000 -3.7200000e-2
v 3.99744269 -0.40200000 3.7200000e-2
v 3.99744269 -0.40200000 -3.7200000e-2
v 3.99744269 0.40200000 -3.7200000e-2
v 3.99744269 0.40200000 3.7200000e-2
v -2.44058803 0.94658803 3.7200000e-2
v -2.44058803 -0.94658803 3.7200000e-2
v 2.44058803 -0.94658803 3.7200000e-2
v 2.44058803 0.94658803 3.7200000e-2
v -2.44058803 -0.94658803 -3.7200000e-2
v -2.44058803 0.94658803 -3.7200000e-2
v 2.44058803 0.94658803 -3.7200000e-2
v 2.44058803 -0.94658803 -3.7200000e-2
v -3.94403073 0.36576281 3.7200000e-2
v -3.94403073 -0.36576281 3.7200000e-2
v -2.54741197 -0.92127319 3.7200000e-2
v -2.54741197 0.92127319 3.7200000e-2
v -3.94403073 -0.36576281 -3.7200000e-2
v -3.94403073 0.36576281 -3.7200000e-2
v -2.54741197 0.92127319 -3.7200000e-2
v -2.54741197 -0.92127319 -3.7200000e-2
v 3.94403073 0.36576281 -3.7200000e-2
v 3.94403073 -0.36576281 -3.7200000e-2
v 2.54741197 -0.92127319 -3.7200000e-2
v 2.54741197 0.92127319 -3.7200000e-2
v 3.94403073 -0.36576281 3.7200000e-2
v 3.94403073 0.36576281 3.7200000e-2
v 2.54741197 0.92127319 3.7200000e-2
v 2.54741197 -0.92127319 3.7200000e-2
v 3.94403073 -0.36576281 -9.1544858e-4
v 3.94403073 0.36576281 -9.1544858e-4
v 2.54741197 0.92127319 -9.1544858e-4
v 2.54741197 -0.92127319 -9.1544858e-4
v 3.94403073 0.36576281 9.1544858e-4
v 3.94403073 -0.36576281 9.1544858e-4
v 2.54741197 -0.92127319 9.1544858e-4
v 2.54741197 0.92127319 9.1544858e-4
v -3.94403073 -0.36576281 9.1544858e-4
v -3.94403073 0.36576281 9.1544858e-4
v -2.54741197 0.92127319 9.1544858e-4
v -2.54741197 -0.92127319 9.1544858e-4
v -3.94403073 0.36576281 -9.1544858e-4
v -3.94403073 -0.36576281 -9.1544858e-4
v -2.54741197 -0.92127319 -9.1544858e-4
v -2.54741197 0.92127319 -9.1544858e-4
v -2.44058803 -0.94658803 9.1544858e-4
v -2.44058803 0.94658803 9.1544858e-4
v 2.44058803 0.94658803 9.1544858e-4
v 2.44058803 -0.94658803 9.1544858e-4
v -2.44058803 0.94658803 -9.1544858e-4
v -2.44058803 -0.94658803 -9.1544858e-4
v 2.44058803 -0.94658803 -9.1544858e-4
v 2.44058803 0.94658803 -9.1544858e-4
vn -8.2937130e-2 -0.43291640 -0.89761062
vn -8.2937130e-2 -0.43291640 0.89761062
vn -8.2937130e-2 0.43291640 -0.89761062
vn -8.2937130e-2 0.43291640 0.89761062
vn 8.2937130e-2 -0.43291640 -0.89761062
vn 8.2937130e-2 -0.43291640 0.89761062
vn 8.2937130e-2 0.43291640 -0.89761062
vn 8.2937130e-2 0.43291640 0.89761062
vn -0.52757866 -0.35793415 -0.77041800
vn -0.52757866 -0.35793415 0.77041800
vn -0.52757866 0.35793415 0.77041800
vn -0.52757866 0.35793415 -0.77041800
vn 0.52757866 -0.35793415 0.77041800
vn 0.52757866 -0.35793415 -0.77041800
vn 0.52757866 0.35793415 -0.77041800
vn 0.52757866 0.35793415 0.77041800
vn 0.40824829 -0.40824829 0.81649658
vn 0.40824829 0.40824829 0.81649658
vn -0.40824829 0.40824829 0.81649658
vn -0.40824829 -0.40824829 0.81649658
vn 0.40824829 0.40824829 -0.81649658
vn 0.40824829 -0.40824829 -0.81649658
vn -0.40824829 -0.40824829 -0.81649658
vn -0.40824829 0.40824829 -0.81649658
vn 0.52757866 -0.35793415 0.77041800
vn 0.52757866 0.35793415 0.77041800
vn -0.27485014 0.40511660 0.87197359
vn -0.27485014 -0.40511660 0.87197359
vn 0.52757866 0.35793415 -0.77041800
vn 0.52757866 -0.35793415 -0.77041800
vn -0.27485014 -0.40511660 -0.87197359
vn -0.27485014 0.40511660 -0.87197359
vn -0.52757866 -0.35793415 -0.77041800
vn -0.52757866 0.35793415 -0.77041800
vn 0.27485014 0.40511660 -0.87197359
vn 0.27485014 -0.40511660 -0.87197359
vn -0.52757866 0.35793415 0.77041800
vn -0.52757866 -0.35793415 0.77041800
vn 0.27485014 -0.40511660 0.87197359
vn 0.27485014 0.40511660 0.87197359
vn -0.70827600 0.48052772 0.51714429
vn -0.70827600 -0.48052772 0.51714429
vn 0.41926611 -0.61797918 0.66506966
vn 0.41926611 0.61797918 0.66506966
vn -0.70827600 -0.48052772 -0.51714429
vn -0.70827600 0.48052772 -0.51714429
vn 0.41926611 0.61797918 -0.66506966
vn 0.41926611 -0.61797918 -0.66506966
vn 0.70827600 0.48052772 -0.51714429
vn 0.70827600 -0.48052772 -0.51714429
vn -0.41926611 -0.61797918 -0.66506966
vn -0.41926611 0.61797918 -0.66506966
vn 0.70827600 -0.48052772 0.51714429
vn 0.70827600 0.48052772 0.51714429
vn -0.41926611 0.61797918 0.66506966
vn -0.41926611 -0.61797918 0.66506966
vn 0.57735027 0.57735027 -0.57735027
vn 0.57735027 -0.57735027 -0.57735027
vn -0.57735027 -0.57735027 -0.57735027
vn -0.57735027 0.57735027 -0.57735027
vn 0.57735027 -0.57735027 0.57735027
vn 0.57735027 0.57735027 0.57735027
vn -0.57735027 0.57735027 0.57735027
vn -0.57735027 -0.57735027 0.57735027
g Cube2_default
usemtl default
s 1
f 1//1 5//5 6//6 2//2
f 1//1 21//21 24//24 5//5
f 1//1 32//32 31//31 3//3
f 2//2 10//10 9//9 1//1
f 2//2 18//18 17//17 4//4
f 2//2 27//27 26//26 10//10
f 3//3 12//12 11//11 4//4
f 3//3 22//22 21//21 1//1
f 3//3 31//31 30//30 12//12
f 4//4 8//8 7//7 3//3
f 4//4 17//17 20//20 8//8
f 4//4 28//28 27//27 2//2
f 5//5 14//14 13//13 6//6
f 5//5 24//24 23//23 7//7
f 5//5 35//35 34//34 14//14
f 6//6 19//19 18//18 2//2
f 6//6 40//40 39//39 8//8
f 7//7 23//23 22//22 3//3
f 7//7 36//36 35//35 5//5
f 8//8 16//16 15//15 7//7
f 8//8 20//20 19//19 6//6
f 8//8 39//39 38//38 16//16
f 9//9 29//29 32//32 1//1
f 10//10 11//11 12//12 9//9
f 10//10 26//26 25//25 11//11
f 11//11 25//25 28//28 4//4
f 12//12 30//30 29//29 9//9
f 13//13 37//37 40//40 6//6
f 14//14 15//15 16//16 13//13
f 14//14 34//34 33//33 15//15
f 15//15 33//33 36//36 7//7
f 16//16 38//38 37//37 13//13
f 17//17 61//61 64//64 20//20
f 18//18 62//62 61//61 17//17
f 19//19 63//63 62//62 18//18
f 20//20 64//64 63//63 19//19
f 21//21 57//57 60//60 24//24
f 22//22 58//58 57//57 21//21
f 23//23 59//59 58//58 22//22
f 24//24 60//60 59//59 23//23
f 25//25 53//53 56//56 28//28
f 26//26 54//54 53//53 25//25
f 27//27 55//55 54//54 26//26
f 28//28 56//56 55//55 27//27
f 29//29 49//49 52//52 32//32
f 30//30 50//50 49//49 29//29
f 31//31 51//51 50//50 30//30
f 32//32 52//52 51//51 31//31
f 33//33 45//45 48//48 36//36
f 34//34 46//46 45//45 33//33
f 35//35 47//47 46//46 34//34
f 36//36 48//48 47//47 35//35
f 37//37 41//41 44//44 40//40
f 38//38 42//42 41//41 37//37
f 39//39 43//43 42//42 38//38
f 40//40 44//44 43//43 39//39
f 42//42 43//43 44//44 41//41
f 46//46 47//47 48//48 45//45
f 50//50 51//51 52//52 49//49
f 54//54 55//55 56//56 53//53
f 58//58 59//59 60//60 57//57
f 62//62 63//63 64//64 61//61
o sphere1
#848 vertices, 850 faces
v 0.70566825 -2.94433334 2.2603751e-18
v 0.65195245 -2.94433334 0.27004755
v 0.49898280 -2.94433334 0.49898280
v 0.27004755 -2.94433334 0.65195245
v 8.0197675e-17 -2.94433334 0.70566825
v -0.27004755 -2.94433334 0.65195245
v -0.49898280 -2.94433334 0.49898280
v -0.65195245 -2.94433334 0.27004755
v -0.70566825 -2.94433334 8.8679811e-17
v -0.65195245 -2.94433334 -0.27004755
v -0.49898280 -2.94433334 -0.49898280
v -0.27004755 -2.94433334 -0.65195245
v -9.2641198e-17 -2.94433334 -0.70566825
v 0.27004755 -2.94433334 -0.65195245
v 0.49898280 -2.94433334 -0.49898280
v 0.65195245 -2.94433334 -0.27004755
v 1.30390490 -3.34406230 2.2603751e-18
v 1.20465105 -3.34406230 0.49898280
v 0.92200000 -3.34406230 0.92200000
v 0.49898280 -3.34406230 1.20465105
v 1.1682910e-16 -3.34406230 1.30390490
v -0.49898280 -3.34406230 1.20465105
v -0.92200000 -3.34406230 0.92200000
v -1.20465105 -3.34406230 0.49898280
v -1.30390490 -3.34406230 1.6194267e-16
v -1.20465105 -3.34406230 -0.49898280
v -0.92200000 -3.34406230 -0.92200000
v -0.49898280 -3.34406230 -1.20465105
v -2.0253549e-16 -3.34406230 -1.30390490
v 0.49898280 -3.34406230 -1.20465105
v 0.92200000 -3.34406230 -0.92200000
v 1.20465105 -3.34406230 -0.49898280
v 1.70363386 -3.94229895 2.2603751e-18
v 1.57395245 -3.94229895 0.65195245
v 1.20465105 -3.94229895 1.20465105
v 0.65195245 -3.94229895 1.57395245
v 1.4130544e-16 -3.94229895 1.70363386
v -0.65195245 -3.94229895 1.57395245
v -1.20465105 -3.94229895 1.20465105
v -1.57395245 -3.94229895 0.65195245
v -1.70363386 -3.94229895 2.1089535e-16
v -1.57395245 -3.94229895 -0.65195245
v -1.20465105 -3.94229895 -1.20465105
v -0.65195245 -3.94229895 -1.57395245
v -2.7596451e-16 -3.94229895 -1.70363386
v 0.65195245 -3.94229895 -1.57395245
v 1.20465105 -3.94229895 -1.20465105
v 1.57395245 -3.94229895 -0.65195245
v 1.84400000 -4.64796720 2.2603751e-18
v 1.70363386 -4.64796720 0.70566825
v 1.30390490 -4.64796720 1.30390490
v 0.70566825 -4.64796720 1.70363386
v 1.4990039e-16 -4.64796720 1.84400000
v -0.70566825 -4.64796720 1.70363386
v -1.30390490 -4.64796720 1.30390490
v -1.70363386 -4.64796720 0.70566825
v -1.84400000 -4.64796720 2.2808524e-16
v -1.70363386 -4.64796720 -0.70566825
v -1.30390490 -4.64796720 -1.30390490
v -0.70566825 -4.64796720 -1.70363386
v -3.0174935e-16 -4.64796720 -1.84400000
v 0.70566825 -4.64796720 -1.70363386
v 1.30390490 -4.64796720 -1.30390490
v 1.70363386 -4.64796720 -0.70566825
v 1.70363386 -5.35363545 2.2603751e-18
v 1.57395245 -5.35363545 0.65195245
v 1.20465105 -5.35363545 1.20465105
v 0.65195245 -5.35363545 1.57395245
v 1.4130544e-16 -5.35363545 1.70363386
v -0.65195245 -5.35363545 1.57395245
v -1.20465105 -5.35363545 1.20465105
v -1.57395245 -5.35363545 0.65195245
v -1.70363386 -5.35363545 2.1089535e-16
v -1.57395245 -5.35363545 -0.65195245
v -1.20465105 -5.35363545 -1.20465105
v -0.65195245 -5.35363545 -1.57395245
v -2.7596451e-16 -5.35363545 -1.70363386
v 0.65195245 -5.35363545 -1.57395245
v 1.20465105 -5.35363545 -1.20465105
v 1.57395245 -5.35363545 -0.65195245
v 1.30390490 -5.95187211 2.2603751e-18
v 1.20465105 -5.95187211 0.49898280
v 0.92200000 -5.95187211 0.92200000
v 0.49898280 -5.95187211 1.20465105
v 1.1682910e-16 -5.95187211 1.30390490
v -0.49898280 -5.95187211 1.20465105
v -0.92200000 -5.95187211 0.92200000
v -1.20465105 -5.95187211 0.49898280
v -1.30390490 -5.95187211 1.6194267e-16
v -1.20465105 -5.95187211 -0.49898280
v -0.92200000 -5.95187211 -0.92200000
v -0.49898280 -5.95187211 -1.20465105
v -2.0253549e-16 -5.95187211 -1.30390490
v 0.49898280 -5.95187211 -1.20465105
v 0.92200000 -5.95187211 -0.92200000
v 1.20465105 -5.95187211 -0.49898280
v 0.70566825 -6.15320106 2.2603751e-18
v 0.65195245 -6.15320106 0.27004755
v 0.49898280 -6.15320106 0.49898280
v 0.27004755 -6.15320106 0.65195245
v 8.0197675e-17 -6.15320106 0.70566825
v -0.27004755 -6.15320106 0.65195245
v -0.49898280 -6.15320106 0.49898280
v -0.65195245 -6.15320106 0.27004755
v -0.70566825 -6.15320106 8.8679811e-17
v -0.65195245 -6.15320106 -0.27004755
v -0.49898280 -6.15320106 -0.49898280
v -0.27004755 -6.15320106 -0.65195245
v -9.2641198e-17 -6.15320106 -0.70566825
v 0.27004755 -6.15320106 -0.65195245
v 0.49898280 -6.15320106 -0.49898280
v 0.65195245 -6.15320106 -0.27004755
v 1.35868563 -3.47041749 0.14904612
v 1.31229933 -3.47041749 0.38224583
v 1.52559841 -3.81594376 0.47059720
v 1.58955890 -3.81594376 0.14904612
v 0.85534430 -3.47041749 1.06612734
v 0.65764714 -3.47041749 1.19822437
v 0.74599851 -3.81594376 1.41152345
v 1.01859636 -3.81594376 1.22937940
v -0.14904612 -3.47041749 1.35868563
v -0.38224583 -3.47041749 1.31229933
v -0.47059720 -3.81594376 1.52559841
v -0.14904612 -3.81594376 1.58955890
v -1.06612734 -3.47041749 0.85534430
v -1.19822437 -3.47041749 0.65764714
v -1.41152345 -3.81594376 0.74599851
v -1.22937940 -3.81594376 1.01859636
v -1.35868563 -3.47041749 -0.14904612
v -1.31229933 -3.47041749 -0.38224583
v -1.52559841 -3.81594376 -0.47059720
v -1.58955890 -3.81594376 -0.14904612
v -0.85534430 -3.47041749 -1.06612734
v -0.65764714 -3.47041749 -1.19822437
v -0.74599851 -3.81594376 -1.41152345
v -1.01859636 -3.81594376 -1.22937940
v 0.14904612 -3.47041749 -1.35868563
v 0.38224583 -3.47041749 -1.31229933
v 0.47059720 -3.81594376 -1.52559841
v 0.14904612 -3.81594376 -1.58955890
v 1.06612734 -3.47041749 -0.85534430
v 1.19822437 -3.47041749 -0.65764714
v 1.41152345 -3.81594376 -0.74599851
v 1.22937940 -3.81594376 -1.01859636
v 1.78501234 -4.79624270 0.14827550
v 1.70587894 -4.79624270 0.54610595
v 1.63069503 -5.20535996 0.51496376
v 1.70363386 -5.20535996 0.14827550
v 1.15734772 -4.79624270 1.36704094
v 0.82008334 -4.79624270 1.59239379
v 0.78894115 -5.20535996 1.51720988
v 1.09980445 -5.20535996 1.30949766
v -0.14827550 -4.79624270 1.78501234
v -0.54610595 -4.79624270 1.70587894
v -0.51496376 -5.20535996 1.63069503
v -0.14827550 -5.20535996 1.70363386
v -1.36704094 -4.79624270 1.15734772
v -1.59239379 -4.79624270 0.82008334
v -1.51720988 -5.20535996 0.78894115
v -1.30949766 -5.20535996 1.09980445
v -1.78501234 -4.79624270 -0.14827550
v -1.70587894 -4.79624270 -0.54610595
v -1.63069503 -5.20535996 -0.51496376
v -1.70363386 -5.20535996 -0.14827550
v -1.15734772 -4.79624270 -1.36704094
v -0.82008334 -4.79624270 -1.59239379
v -0.78894115 -5.20535996 -1.51720988
v -1.09980445 -5.20535996 -1.30949766
v 0.14827550 -4.79624270 -1.78501234
v 0.54610595 -4.79624270 -1.70587894
v 0.51496376 -5.20535996 -1.63069503
v 0.14827550 -5.20535996 -1.70363386
v 1.36704094 -4.79624270 -1.15734772
v 1.59239379 -4.79624270 -0.82008334
v 1.51720988 -5.20535996 -0.78894115
v 1.30949766 -5.20535996 -1.09980445
v 2.82024099 -5.27850056 -1.94296562
v 2.87432567 -5.27850056 -1.86202217
v 2.85628154 -5.37668871 -1.85454805
v 2.80643060 -5.37668871 -1.92915524
v 0.62032736 -5.27850056 -3.36809570
v 0.71580667 -5.27850056 -3.34910368
v 0.70833254 -5.37668871 -3.33105954
v 0.62032736 -5.37668871 -3.34856486
v -1.94296562 -5.27850056 -2.82024099
v -1.86202217 -5.27850056 -2.87432567
v -1.85454805 -5.37668871 -2.85628154
v -1.92915524 -5.37668871 -2.80643060
v -3.36809570 -5.27850056 -0.62032736
v -3.34910368 -5.27850056 -0.71580667
v -3.33105954 -5.37668871 -0.70833254
v -3.34856486 -5.37668871 -0.62032736
v -2.82024099 -5.27850056 1.94296562
v -2.87432567 -5.27850056 1.86202217
v -2.85628154 -5.37668871 1.85454805
v -2.80643060 -5.37668871 1.92915524
v -0.62032736 -5.27850056 3.36809570
v -0.71580667 -5.27850056 3.34910368
v -0.70833254 -5.37668871 3.33105954
v -0.62032736 -5.37668871 3.34856486
v 1.94296562 -5.27850056 2.82024099
v 1.86202217 -5.27850056 2.87432567
v 1.85454805 -5.37668871 2.85628154
v 1.92915524 -5.37668871 2.80643060
v 3.36809570 -5.27850056 0.62032736
v 3.34910368 -5.27850056 0.71580667
v 3.33105954 -5.37668871 0.70833254
v 3.34856486 -5.37668871 0.62032736
v 2.37475090 -2.66625219 -1.62107321
v 2.40645418 -2.66625219 -1.57362589
v 2.45764596 -2.74917849 -1.59483022
v 2.41393139 -2.74917849 -1.66025370
v 0.53293060 -2.66625219 -2.82547432
v 0.58889853 -2.66625219 -2.81434161
v 0.61010286 -2.74917849 -2.86553339
v 0.53293060 -2.74917849 -2.88088391
v -1.62107321 -2.66625219 -2.37475090
v -1.57362589 -2.66625219 -2.40645418
v -1.59483022 -2.74917849 -2.45764596
v -1.66025370 -2.74917849 -2.41393139
v -2.82547432 -2.66625219 -0.53293060
v -2.81434161 -2.66625219 -0.58889853
v -2.86553339 -2.74917849 -0.61010286
v -2.88088391 -2.74917849 -0.53293060
v -2.37475090 -2.66625219 1.62107321
v -2.40645418 -2.66625219 1.57362589
v -2.45764596 -2.74917849 1.59483022
v -2.41393139 -2.74917849 1.66025370
v -0.53293060 -2.66625219 2.82547432
v -0.58889853 -2.66625219 2.81434161
v -0.61010286 -2.74917849 2.86553339
v -0.53293060 -2.74917849 2.88088391
v 1.62107321 -2.66625219 2.37475090
v 1.57362589 -2.66625219 2.40645418
v 1.59483022 -2.74917849 2.45764596
v 1.66025370 -2.74917849 2.41393139
v 2.82547432 -2.66625219 0.53293060
v 2.81434161 -2.66625219 0.58889853
v 2.86553339 -2.74917849 0.61010286
v 2.88088391 -2.74917849 0.53293060
v 3.31467936 -5.39451219 -2.27333878
v 3.36876404 -5.39451219 -2.19239533
v 3.35071990 -5.49270033 -2.18492120
v 3.30086897 -5.49270033 -2.25952839
v 0.73633898 -5.39451219 -3.95132552
v 0.83181829 -5.39451219 -3.93233350
v 0.82434417 -5.49270033 -3.91428936
v 0.73633898 -5.49270033 -3.93179468
v -2.27333878 -5.39451219 -3.31467936
v -2.19239533 -5.39451219 -3.36876404
v -2.18492120 -5.49270033 -3.35071990
v -2.25952839 -5.49270033 -3.30086897
v -3.95132552 -5.39451219 -0.73633898
v -3.93233350 -5.39451219 -0.83181829
v -3.91428936 -5.49270033 -0.82434417
v -3.93179468 -5.49270033 -0.73633898
v -3.31467936 -5.39451219 2.27333878
v -3.36876404 -5.39451219 2.19239533
v -3.35071990 -5.49270033 2.18492120
v -3.30086897 -5.49270033 2.25952839
v -0.73633898 -5.39451219 3.95132552
v -0.83181829 -5.39451219 3.93233350
v -0.82434417 -5.49270033 3.91428936
v -0.73633898 -5.49270033 3.93179468
v 2.27333878 -5.39451219 3.31467936
v 2.19239533 -5.39451219 3.36876404
v 2.18492120 -5.49270033 3.35071990
v 2.25952839 -5.49270033 3.30086897
v 3.95132552 -5.39451219 0.73633898
v 3.93233350 -5.39451219 0.83181829
v 3.91428936 -5.49270033 0.82434417
v 3.93179468 -5.49270033 0.73633898
v 2.79609400 -2.33416201 -1.90260567
v 2.82779728 -2.33416201 -1.85515835
v 2.87898906 -2.41708831 -1.87636268
v 2.83527449 -2.41708831 -1.94178616
v 0.63179166 -2.33416201 -3.32248240
v 0.68775959 -2.33416201 -3.31134968
v 0.70896392 -2.41708831 -3.36254146
v 0.63179166 -2.41708831 -3.37789198
v -1.90260567 -2.33416201 -2.79609400
v -1.85515835 -2.33416201 -2.82779728
v -1.87636268 -2.41708831 -2.87898906
v -1.94178616 -2.41708831 -2.83527449
v -3.32248240 -2.33416201 -0.63179166
v -3.31134968 -2.33416201 -0.68775959
v -3.36254146 -2.41708831 -0.70896392
v -3.37789198 -2.41708831 -0.63179166
v -2.79609400 -2.33416201 1.90260567
v -2.82779728 -2.33416201 1.85515835
v -2.87898906 -2.41708831 1.87636268
v -2.83527449 -2.41708831 1.94178616
v -0.63179166 -2.33416201 3.32248240
v -0.68775959 -2.33416201 3.31134968
v -0.70896392 -2.41708831 3.36254146
v -0.63179166 -2.41708831 3.37789198
v 1.90260567 -2.33416201 2.79609400
v 1.85515835 -2.33416201 2.82779728
v 1.87636268 -2.41708831 2.87898906
v 1.94178616 -2.41708831 2.83527449
v 3.32248240 -2.33416201 0.63179166
v 3.31134968 -2.33416201 0.68775959
v 3.36254146 -2.41708831 0.70896392
v 3.37789198 -2.41708831 0.63179166
v 3.35171748 -5.35546176 -2.36072556
v 3.46367278 -5.35546176 -2.19317262
v 3.42632141 -5.55871121 -2.17770118
v 3.32312998 -5.55871121 -2.33213806
v 0.70073711 -5.35546176 -4.03930721
v 0.89837928 -5.35546176 -3.99999374
v 0.88290784 -5.55871121 -3.96264237
v 0.70073711 -5.55871121 -3.99887838
v -2.36072556 -5.35546176 -3.35171748
v -2.19317262 -5.35546176 -3.46367278
v -2.17770118 -5.55871121 -3.42632141
v -2.33213806 -5.55871121 -3.32312998
v -4.03930721 -5.35546176 -0.70073711
v -3.99999374 -5.35546176 -0.89837928
v -3.96264237 -5.55871121 -0.88290784
v -3.99887838 -5.55871121 -0.70073711
v -3.35171748 -5.35546176 2.36072556
v -3.46367278 -5.35546176 2.19317262
v -3.42632141 -5.55871121 2.17770118
v -3.32312998 -5.55871121 2.33213806
v -0.70073711 -5.35546176 4.03930721
v -0.89837928 -5.35546176 3.99999374
v -0.88290784 -5.55871121 3.96264237
v -0.70073711 -5.55871121 3.99887838
v 2.36072556 -5.35546176 3.35171748
v 2.19317262 -5.35546176 3.46367278
v 2.17770118 -5.55871121 3.42632141
v 2.33213806 -5.55871121 3.32312998
v 4.03930721 -5.35546176 0.70073711
v 3.99999374 -5.35546176 0.89837928
v 3.96264237 -5.55871121 0.88290784
v 3.99887838 -5.55871121 0.70073711
v 2.80391704 -2.25120849 -1.94455032
v 2.86954284 -2.25120849 -1.84633437
v 2.97550983 -2.42286594 -1.89022733
v 2.88502066 -2.42286594 -2.02565394
v 0.60766403 -2.25120849 -3.35767347
v 0.72351765 -2.25120849 -3.33462875
v 0.76741061 -2.42286594 -3.44059574
v 0.60766403 -2.42286594 -3.47237131
v -1.94455032 -2.25120849 -2.80391704
v -1.84633437 -2.25120849 -2.86954284
v -1.89022733 -2.42286594 -2.97550983
v -2.02565394 -2.42286594 -2.88502066
v -3.35767347 -2.25120849 -0.60766403
v -3.33462875 -2.25120849 -0.72351765
v -3.44059574 -2.42286594 -0.76741061
v -3.47237131 -2.42286594 -0.60766403
v -2.80391704 -2.25120849 1.94455032
v -2.86954284 -2.25120849 1.84633437
v -2.97550983 -2.42286594 1.89022733
v -2.88502066 -2.42286594 2.02565394
v -0.60766403 -2.25120849 3.35767347
v -0.72351765 -2.25120849 3.33462875
v -0.76741061 -2.42286594 3.44059574
v -0.60766403 -2.42286594 3.47237131
v 1.94455032 -2.25120849 2.80391704
v 1.84633437 -2.25120849 2.86954284
v 1.89022733 -2.42286594 2.97550983
v 2.02565394 -2.42286594 2.88502066
v 3.35767347 -2.25120849 0.60766403
v 3.33462875 -2.25120849 0.72351765
v 3.44059574 -2.42286594 0.76741061
v 3.47237131 -2.42286594 0.60766403
v 3.46337056 -5.38165927 -2.43532976
v 3.57532585 -5.38165927 -2.26777682
v 3.53797448 -5.58490872 -2.25230537
v 3.43478306 -5.58490872 -2.40674226
v 0.72693462 -5.38165927 -4.17101099
v 0.92457679 -5.38165927 -4.13169752
v 0.90910535 -5.58490872 -4.09434615
v 0.72693462 -5.58490872 -4.13058216
v -2.43532976 -5.38165927 -3.46337056
v -2.26777682 -5.38165927 -3.57532585
v -2.25230537 -5.58490872 -3.53797448
v -2.40674226 -5.58490872 -3.43478306
v -4.17101099 -5.38165927 -0.72693462
v -4.13169752 -5.38165927 -0.92457679
v -4.09434615 -5.58490872 -0.90910535
v -4.13058216 -5.58490872 -0.72693462
v -3.46337056 -5.38165927 2.43532976
v -3.57532585 -5.38165927 2.26777682
v -3.53797448 -5.58490872 2.25230537
v -3.43478306 -5.58490872 2.40674226
v -0.72693462 -5.38165927 4.17101099
v -0.92457679 -5.38165927 4.13169752
v -0.90910535 -5.58490872 4.09434615
v -0.72693462 -5.58490872 4.13058216
v 2.43532976 -5.38165927 3.46337056
v 2.26777682 -5.38165927 3.57532585
v 2.25230537 -5.58490872 3.53797448
v 2.40674226 -5.58490872 3.43478306
v 4.17101099 -5.38165927 0.72693462
v 4.13169752 -5.38165927 0.92457679
v 4.09434615 -5.58490872 0.90910535
v 4.13058216 -5.58490872 0.72693462
v 2.89906388 -2.17621656 -2.00812541
v 2.96468969 -2.17621656 -1.90990946
v 3.07065667 -2.34787401 -1.95380242
v 2.98016750 -2.34787401 -2.08922903
v 0.62998863 -2.17621656 -3.46990683
v 0.74584225 -2.17621656 -3.44686211
v 0.78973521 -2.34787401 -3.55282910
v 0.62998863 -2.34787401 -3.58460467
v -2.00812541 -2.17621656 -2.89906388
v -1.90990946 -2.17621656 -2.96468969
v -1.95380242 -2.34787401 -3.07065667
v -2.08922903 -2.34787401 -2.98016750
v -3.46990683 -2.17621656 -0.62998863
v -3.44686211 -2.17621656 -0.74584225
v -3.55282910 -2.34787401 -0.78973521
v -3.58460467 -2.34787401 -0.62998863
v -2.89906388 -2.17621656 2.00812541
v -2.96468969 -2.17621656 1.90990946
v -3.07065667 -2.34787401 1.95380242
v -2.98016750 -2.34787401 2.08922903
v -0.62998863 -2.17621656 3.46990683
v -0.74584225 -2.17621656 3.44686211
v -0.78973521 -2.34787401 3.55282910
v -0.62998863 -2.34787401 3.58460467
v 2.00812541 -2.17621656 2.89906388
v 1.90990946 -2.17621656 2.96468969
v 1.95380242 -2.34787401 3.07065667
v 2.08922903 -2.34787401 2.98016750
v 3.46990683 -2.17621656 0.62998863
v 3.44686211 -2.17621656 0.74584225
v 3.55282910 -2.34787401 0.78973521
v 3.58460467 -2.34787401 0.62998863
v 2.41097935 -5.44889166 3.53410110
v 2.34244182 -5.44889166 3.57989641
v 2.33553502 -5.53962679 3.56322192
v 2.39821725 -5.53962679 3.52133900
v -0.79416701 -5.44889166 4.20380670
v -0.87501253 -5.44889166 4.18772553
v -0.86810573 -5.53962679 4.17105104
v -0.79416701 -5.53962679 4.18575836
v -3.53410110 -5.44889166 2.41097935
v -3.57989641 -5.44889166 2.34244182
v -3.56322192 -5.53962679 2.33553502
v -3.52133900 -5.53962679 2.39821725
v 4.20380670 -5.44889166 0.79416701
v 4.18772553 -5.44889166 0.87501253
v 4.17105104 -5.53962679 0.86810573
v 4.18575836 -5.53962679 0.79416701
v 0.69589088 -2.19273971 -3.53771040
v 0.71090381 -2.19273971 -3.53472414
v 0.73027997 -2.26851638 -3.58150233
v 0.69589088 -2.26851638 -3.58834275
v 0.79416701 -5.44889166 -4.20380670
v 0.87501253 -5.44889166 -4.18772553
v 0.86810573 -5.53962679 -4.17105104
v 0.79416701 -5.53962679 -4.18575836
v -3.53771040 -2.19273971 -0.69589088
v -3.53472414 -2.19273971 -0.71090381
v -3.58150233 -2.26851638 -0.73027997
v -3.58834275 -2.26851638 -0.69589088
v -4.20380670 -5.44889166 -0.79416701
v -4.18772553 -5.44889166 -0.87501253
v -4.17105104 -5.53962679 -0.86810573
v -4.18575836 -5.53962679 -0.79416701
v 2.99360817 -2.19273971 -2.00946985
v 3.00211232 -2.19273971 -1.99674250
v 3.04889051 -2.26851638 -2.01611866
v 3.02941065 -2.26851638 -2.04527233
v -2.99360817 -2.19273971 2.00946985
v -3.00211232 -2.19273971 1.99674250
v -3.04889051 -2.26851638 2.01611866
v -3.02941065 -2.26851638 2.04527233
v -0.69589088 -2.19273971 3.53771040
v -0.71090381 -2.19273971 3.53472414
v -0.73027997 -2.26851638 3.58150233
v -0.69589088 -2.26851638 3.58834275
v 3.53410110 -5.44889166 -2.41097935
v 3.57989641 -5.44889166 -2.34244182
v 3.56322192 -5.53962679 -2.33553502
v 3.52133900 -5.53962679 -2.39821725
v 3.53771040 -2.19273971 0.69589088
v 3.53472414 -2.19273971 0.71090381
v 3.58150233 -2.26851638 0.73027997
v 3.58834275 -2.26851638 0.69589088
v -2.41097935 -5.44889166 -3.53410110
v -2.34244182 -5.44889166 -3.57989641
v -2.33553502 -5.53962679 -3.56322192
v -2.39821725 -5.53962679 -3.52133900
v -2.00946985 -2.19273971 -2.99360817
v -1.99674250 -2.19273971 -3.00211232
v -2.01611866 -2.26851638 -3.04889051
v -2.04527233 -2.26851638 -3.02941065
v 2.00946985 -2.19273971 2.99360817
v 1.99674250 -2.19273971 3.00211232
v 2.01611866 -2.26851638 3.04889051
v 2.04527233 -2.26851638 3.02941065
v 0.15516468 -6.15320106 -6.4271316e-2
v 0.16794904 -6.15320106 4.0303121e-17
v 0.15516468 -6.15320106 6.4271316e-2
v 0.11875791 -6.15320106 0.11875791
v 6.4271316e-2 -6.15320106 0.15516468
v 9.5414773e-17 -6.15320106 0.16794904
v -6.4271316e-2 -6.15320106 0.15516468
v -0.11875791 -6.15320106 0.11875791
v -0.15516468 -6.15320106 6.4271316e-2
v -0.16794904 -6.15320106 -3.3056975e-17
v -0.15516468 -6.15320106 -6.4271316e-2
v -0.11875791 -6.15320106 -0.11875791
v -6.4271316e-2 -6.15320106 -0.15516468
v 5.1921237e-17 -6.15320106 -0.16794904
v 6.4271316e-2 -6.15320106 -0.15516468
v 0.11875791 -6.15320106 -0.11875791
v 0.15516468 -7.83640106 -6.4271316e-2
v 0.16794904 -7.83640106 -2.3019936e-16
v 0.15516468 -7.83640106 6.4271316e-2
v 0.11875791 -7.83640106 0.11875791
v 6.4271316e-2 -7.83640106 0.15516468
v 9.5414773e-17 -7.83640106 0.16794904
v -6.4271316e-2 -7.83640106 0.15516468
v -0.11875791 -7.83640106 0.11875791
v -0.15516468 -7.83640106 6.4271316e-2
v -0.16794904 -7.83640106 -3.0355945e-16
v -0.15516468 -7.83640106 -6.4271316e-2
v -0.11875791 -7.83640106 -0.11875791
v -6.4271316e-2 -7.83640106 -0.15516468
v 5.1921237e-17 -7.83640106 -0.16794904
v 6.4271316e-2 -7.83640106 -0.15516468
v 0.11875791 -7.83640106 -0.11875791
v 0.29574389 -8.01764906 -0.12250113
v 0.32011088 -8.01764906 -1.7943616e-16
v 0.29574389 -8.01764906 0.12250113
v 0.22635257 -8.01764906 0.22635257
v 0.12250113 -8.01764906 0.29574389
v 1.8500388e-16 -8.01764906 0.32011088
v -0.12250113 -8.01764906 0.29574389
v -0.22635257 -8.01764906 0.22635257
v -0.29574389 -8.01764906 0.12250113
v -0.32011088 -8.01764906 -3.1926051e-16
v -0.29574389 -8.01764906 -0.12250113
v -0.22635257 -8.01764906 -0.22635257
v -0.12250113 -8.01764906 -0.29574389
v 1.0210520e-16 -8.01764906 -0.32011088
v 0.12250113 -8.01764906 -0.29574389
v 0.22635257 -8.01764906 -0.22635257
v 0.35785010 -8.21732906 -0.14822637
v 0.38733416 -8.21732906 -2.4640683e-16
v 0.35785010 -8.21732906 0.14822637
v 0.27388661 -8.21732906 0.27388661
v 0.14822637 -8.21732906 0.35785010
v 2.2312611e-16 -8.21732906 0.38733416
v -0.14822637 -8.21732906 0.35785010
v -0.27388661 -8.21732906 0.27388661
v -0.35785010 -8.21732906 0.14822637
v -0.38733416 -8.21732906 -4.1559429e-16
v -0.35785010 -8.21732906 -0.14822637
v -0.27388661 -8.21732906 -0.27388661
v -0.14822637 -8.21732906 -0.35785010
v 1.2281870e-16 -8.21732906 -0.38733416
v 0.14822637 -8.21732906 -0.35785010
v 0.27388661 -8.21732906 -0.27388661
v 0.35785010 -8.49688106 -0.14822637
v 0.38733416 -8.49688106 -3.8155233e-16
v 0.35785010 -8.49688106 0.14822637
v 0.27388661 -8.49688106 0.27388661
v 0.14822637 -8.49688106 0.35785010
v 2.2312611e-16 -8.49688106 0.38733416
v -0.14822637 -8.49688106 0.35785010
v -0.27388661 -8.49688106 0.27388661
v -0.35785010 -8.49688106 0.14822637
v -0.38733416 -8.49688106 -5.5073978e-16
v -0.35785010 -8.49688106 -0.14822637
v -0.27388661 -8.49688106 -0.27388661
v -0.14822637 -8.49688106 -0.35785010
v 1.2281870e-16 -8.49688106 -0.38733416
v 0.14822637 -8.49688106 -0.35785010
v 0.27388661 -8.49688106 -0.27388661
v 0.23403397 -8.69963306 -9.6940043e-2
v 0.25331654 -8.69963306 -2.0073638e-16
v 0.23403397 -8.69963306 9.6940043e-2
v 0.17912184 -8.69963306 0.17912184
v 9.6940043e-2 -8.69963306 0.23403397
v 1.4352362e-16 -8.69963306 0.25331654
v -9.6940043e-2 -8.69963306 0.23403397
v -0.17912184 -8.69963306 0.17912184
v -0.23403397 -8.69963306 9.6940043e-2
v -0.25331654 -8.69963306 -3.1138498e-16
v -0.23403397 -8.69963306 -9.6940043e-2
v -0.17912184 -8.69963306 -0.17912184
v -9.6940043e-2 -8.69963306 -0.23403397
v 7.7922575e-17 -8.69963306 -0.25331654
v 9.6940043e-2 -8.69963306 -0.23403397
v 0.17912184 -8.69963306 -0.17912184
v 1.45631467 -7.51458877 -2.04351525
v 1.33065442 -7.51458877 -2.12747874
v 1.30492918 -7.31490877 -2.06537253
v 1.40878063 -7.31490877 -1.99598121
v -0.41521352 -7.51458877 -2.47475347
v -0.56343988 -7.51458877 -2.44526941
v -0.53771465 -7.31490877 -2.38316320
v -0.41521352 -7.31490877 -2.40753018
v -2.04351525 -7.51458877 -1.45631467
v -2.12747874 -7.51458877 -1.33065442
v -2.06537253 -7.31490877 -1.30492918
v -1.99598121 -7.31490877 -1.40878063
v -2.47475347 -7.51458877 0.41521352
v -2.44526941 -7.51458877 0.56343988
v -2.38316320 -7.31490877 0.53771465
v -2.40753018 -7.31490877 0.41521352
v -1.45631467 -7.51458877 2.04351525
v -1.33065442 -7.51458877 2.12747874
v -1.30492918 -7.31490877 2.06537253
v -1.40878063 -7.31490877 1.99598121
v 0.41521352 -7.51458877 2.47475347
v 0.56343988 -7.51458877 2.44526941
v 0.53771465 -7.31490877 2.38316320
v 0.41521352 -7.31490877 2.40753018
v 2.04351525 -7.51458877 1.45631467
v 2.12747874 -7.51458877 1.33065442
v 2.06537253 -7.31490877 1.30492918
v 1.99598121 -7.31490877 1.40878063
v 2.47475347 -7.51458877 -0.41521352
v 2.44526941 -7.51458877 -0.56343988
v 2.38316320 -7.31490877 -0.53771465
v 2.40753018 -7.31490877 -0.41521352
v 1.69746776 -6.59466954 -2.40442636
v 1.57180751 -6.59466954 -2.48838985
v 1.54608227 -6.60535570 -2.42628363
v 1.64993372 -6.60535570 -2.35689232
v -0.49989522 -6.59466954 -2.90047714
v -0.64812159 -6.59466954 -2.87099309
v -0.62239635 -6.60535570 -2.80888687
v -0.49989522 -6.60535570 -2.83325386
v -2.40442636 -6.59466954 -1.69746776
v -2.48838985 -6.59466954 -1.57180751
v -2.42628363 -6.60535570 -1.54608227
v -2.35689232 -6.60535570 -1.64993372
v -2.90047714 -6.59466954 0.49989522
v -2.87099309 -6.59466954 0.64812159
v -2.80888687 -6.60535570 0.62239635
v -2.83325386 -6.60535570 0.49989522
v -1.69746776 -6.59466954 2.40442636
v -1.57180751 -6.59466954 2.48838985
v -1.54608227 -6.60535570 2.42628363
v -1.64993372 -6.60535570 2.35689232
v 0.49989522 -6.59466954 2.90047714
v 0.64812159 -6.59466954 2.87099309
v 0.62239635 -6.60535570 2.80888687
v 0.49989522 -6.60535570 2.83325386
v 2.40442636 -6.59466954 1.69746776
v 2.48838985 -6.59466954 1.57180751
v 2.42628363 -6.60535570 1.54608227
v 2.35689232 -6.60535570 1.64993372
v 2.90047714 -6.59466954 -0.49989522
v 2.87099309 -6.59466954 -0.64812159
v 2.80888687 -6.60535570 -0.62239635
v 2.83325386 -6.60535570 -0.49989522
v 1.54627225 -4.85771960 0.86752130
v 1.39321794 -4.85771960 1.09658325
v 1.35296840 -5.14388305 1.05633371
v 1.49368368 -5.14388305 0.84573840
v 0.47994940 -4.85771960 1.70680978
v 0.20975240 -4.85771960 1.76055531
v 0.20975240 -5.14388305 1.70363386
v 0.45816650 -5.14388305 1.65422122
v -0.86752130 -4.85771960 1.54627225
v -1.09658325 -4.85771960 1.39321794
v -1.05633371 -5.14388305 1.35296840
v -0.84573840 -5.14388305 1.49368368
v -1.70680978 -4.85771960 0.47994940
v -1.76055531 -4.85771960 0.20975240
v -1.70363386 -5.14388305 0.20975240
v -1.65422122 -5.14388305 0.45816650
v -1.54627225 -4.85771960 -0.86752130
v -1.39321794 -4.85771960 -1.09658325
v -1.35296840 -5.14388305 -1.05633371
v -1.49368368 -5.14388305 -0.84573840
v -0.47994940 -4.85771960 -1.70680978
v -0.20975240 -4.85771960 -1.76055531
v -0.20975240 -5.14388305 -1.70363386
v -0.45816650 -5.14388305 -1.65422122
v 0.86752130 -4.85771960 -1.54627225
v 1.09658325 -4.85771960 -1.39321794
v 1.05633371 -5.14388305 -1.35296840
v 0.84573840 -5.14388305 -1.49368368
v 1.70680978 -4.85771960 -0.47994940
v 1.76055531 -4.85771960 -0.20975240
v 1.70363386 -5.14388305 -0.20975240
v 1.65422122 -5.14388305 -0.45816650
v 2.63021441 -5.08979176 -0.61615599
v 2.66579395 -5.08979176 -0.43728557
v 2.62811195 -5.27923197 -0.43728557
v 2.59540078 -5.27923197 -0.60173571
v 1.42415437 -5.08979176 -2.29553052
v 1.57579339 -5.08979176 -2.19420857
v 1.54914819 -5.27923197 -2.16756338
v 1.40973409 -5.27923197 -2.26071690
v -0.61615599 -5.08979176 -2.63021441
v -0.43728557 -5.08979176 -2.66579395
v -0.43728557 -5.27923197 -2.62811195
v -0.60173571 -5.27923197 -2.59540078
v -2.29553052 -5.08979176 -1.42415437
v -2.19420857 -5.08979176 -1.57579339
v -2.16756338 -5.27923197 -1.54914819
v -2.26071690 -5.27923197 -1.40973409
v -2.63021441 -5.08979176 0.61615599
v -2.66579395 -5.08979176 0.43728557
v -2.62811195 -5.27923197 0.43728557
v -2.59540078 -5.27923197 0.60173571
v -1.42415437 -5.08979176 2.29553052
v -1.57579339 -5.08979176 2.19420857
v -1.54914819 -5.27923197 2.16756338
v -1.40973409 -5.27923197 2.26071690
v 0.61615599 -5.08979176 2.63021441
v 0.43728557 -5.08979176 2.66579395
v 0.43728557 -5.27923197 2.62811195
v 0.60173571 -5.27923197 2.59540078
v 2.29553052 -5.08979176 1.42415437
v 2.19420857 -5.08979176 1.57579339
v 2.16756338 -5.27923197 1.54914819
v 2.26071690 -5.27923197 1.40973409
v 3.00958668 -5.53760713 -0.69161782
v 3.04516621 -5.53760713 -0.51274741
v 3.00748421 -5.72704733 -0.51274741
v 2.97477305 -5.72704733 -0.67719755
v 1.63905149 -5.53760713 -2.61714680
v 1.79069051 -5.53760713 -2.51582485
v 1.76404531 -5.72704733 -2.48917965
v 1.62463122 -5.72704733 -2.58233317
v -0.69161782 -5.53760713 -3.00958668
v -0.51274741 -5.53760713 -3.04516621
v -0.51274741 -5.72704733 -3.00748421
v -0.67719755 -5.72704733 -2.97477305
v -2.61714680 -5.53760713 -1.63905149
v -2.51582485 -5.53760713 -1.79069051
v -2.48917965 -5.72704733 -1.76404531
v -2.58233317 -5.72704733 -1.62463122
v -3.00958668 -5.53760713 0.69161782
v -3.04516621 -5.53760713 0.51274741
v -3.00748421 -5.72704733 0.51274741
v -2.97477305 -5.72704733 0.67719755
v -1.63905149 -5.53760713 2.61714680
v -1.79069051 -5.53760713 2.51582485
v -1.76404531 -5.72704733 2.48917965
v -1.62463122 -5.72704733 2.58233317
v 0.69161782 -5.53760713 3.00958668
v 0.51274741 -5.53760713 3.04516621
v 0.51274741 -5.72704733 3.00748421
v 0.67719755 -5.72704733 2.97477305
v 2.61714680 -5.53760713 1.63905149
v 2.51582485 -5.53760713 1.79069051
v 2.48917965 -5.72704733 1.76404531
v 2.58233317 -5.72704733 1.62463122
v 3.15871922 -5.56727143 -0.72128213
v 3.19429876 -5.56727143 -0.54241172
v 3.15661676 -5.75671164 -0.54241172
v 3.12390559 -5.75671164 -0.70686185
v 1.72352829 -5.56727143 -2.74357527
v 1.87516731 -5.56727143 -2.64225332
v 1.84852211 -5.75671164 -2.61560812
v 1.70910802 -5.75671164 -2.70876164
v -0.72128213 -5.56727143 -3.15871922
v -0.54241172 -5.56727143 -3.19429876
v -0.54241172 -5.75671164 -3.15661676
v -0.70686185 -5.75671164 -3.12390559
v -2.74357527 -5.56727143 -1.72352829
v -2.64225332 -5.56727143 -1.87516731
v -2.61560812 -5.75671164 -1.84852211
v -2.70876164 -5.75671164 -1.70910802
v -3.15871922 -5.56727143 0.72128213
v -3.19429876 -5.56727143 0.54241172
v -3.15661676 -5.75671164 0.54241172
v -3.12390559 -5.75671164 0.70686185
v -1.72352829 -5.56727143 2.74357527
v -1.87516731 -5.56727143 2.64225332
v -1.84852211 -5.75671164 2.61560812
v -1.70910802 -5.75671164 2.70876164
v 0.72128213 -5.56727143 3.15871922
v 0.54241172 -5.56727143 3.19429876
v 0.54241172 -5.75671164 3.15661676
v 0.70686185 -5.75671164 3.12390559
v 2.74357527 -5.56727143 1.72352829
v 2.64225332 -5.56727143 1.87516731
v 2.61560812 -5.75671164 1.84852211
v 2.70876164 -5.75671164 1.70910802
v 0.11343973 -2.94433334 4.6988273e-2
v 0.12278628 -2.94433334 1.4246936e-16
v 0.11343973 -2.94433334 -4.6988273e-2
v 8.6823008e-2 -2.94433334 -8.6823008e-2
v 4.6988273e-2 -2.94433334 -0.11343973
v 4.7567788e-17 -2.94433334 -0.12278628
v -4.6988273e-2 -2.94433334 -0.11343973
v -8.6823008e-2 -2.94433334 -8.6823008e-2
v -0.11343973 -2.94433334 -4.6988273e-2
v -0.12278628 -2.94433334 7.2184637e-17
v -0.11343973 -2.94433334 4.6988273e-2
v -8.6823008e-2 -2.94433334 8.6823008e-2
v -4.6988273e-2 -2.94433334 0.11343973
v 1.0494044e-16 -2.94433334 0.12278628
v 4.6988273e-2 -2.94433334 0.11343973
v 8.6823008e-2 -2.94433334 8.6823008e-2
v 0.11343973 -1.21649183 4.6988273e-2
v 0.12278628 -1.21649183 -1.1728620e-16
v 0.11343973 -1.21649183 -4.6988273e-2
v 8.6823008e-2 -1.21649183 -8.6823008e-2
v 4.6988273e-2 -1.21649183 -0.11343973
v 4.7567788e-17 -1.21649183 -0.12278628
v -4.6988273e-2 -1.21649183 -0.11343973
v -8.6823008e-2 -1.21649183 -8.6823008e-2
v -0.11343973 -1.21649183 -4.6988273e-2
v -0.12278628 -1.21649183 -1.8757092e-16
v -0.11343973 -1.21649183 4.6988273e-2
v -8.6823008e-2 -1.21649183 8.6823008e-2
v -4.6988273e-2 -1.21649183 0.11343973
v 1.0494044e-16 -1.21649183 0.12278628
v 4.6988273e-2 -1.21649183 0.11343973
v 8.6823008e-2 -1.21649183 8.6823008e-2
v 0.11343973 1.09964812 4.6988273e-2
v 0.12278628 1.09964812 1.9718993e-15
v 0.11343973 1.09964812 -4.6988273e-2
v 8.6823008e-2 1.09964812 -8.6823008e-2
v 4.6988273e-2 1.09964812 -0.11343973
v 4.7567788e-17 1.09964812 -0.12278628
v -4.6988273e-2 1.09964812 -0.11343973
v -8.6823008e-2 1.09964812 -8.6823008e-2
v -0.11343973 1.09964812 -4.6988273e-2
v -0.12278628 1.09964812 1.9016145e-15
v -0.11343973 1.09964812 4.6988273e-2
v -8.6823008e-2 1.09964812 8.6823008e-2
v -4.6988273e-2 1.09964812 0.11343973
v 1.0494044e-16 1.09964812 0.12278628
v 4.6988273e-2 1.09964812 0.11343973
v 8.6823008e-2 1.09964812 8.6823008e-2
v 7.5530243e-2 1.13989261 3.1285651e-2
v 8.1753346e-2 1.13989261 1.9571073e-15
v 7.5530243e-2 1.13989261 -3.1285651e-2
v 5.7808346e-2 1.13989261 -5.7808346e-2
v 3.1285651e-2 1.13989261 -7.5530243e-2
v 4.6406584e-17 1.13989261 -8.1753346e-2
v -3.1285651e-2 1.13989261 -7.5530243e-2
v -5.7808346e-2 1.13989261 -5.7808346e-2
v -7.5530243e-2 1.13989261 -3.1285651e-2
v -8.1753346e-2 1.13989261 1.9704293e-15
v -7.5530243e-2 1.13989261 3.1285651e-2
v -5.7808346e-2 1.13989261 5.7808346e-2
v -3.1285651e-2 1.13989261 7.5530243e-2
v 1.5254983e-16 1.13989261 8.1753346e-2
v 3.1285651e-2 1.13989261 7.5530243e-2
v 5.7808346e-2 1.13989261 5.7808346e-2
vn 0.28940366 0.95720715 -3.2729067e-17
vn 0.26737411 0.95720715 0.11074998
vn 0.20463929 0.95720715 0.20463929
vn 0.11074998 0.95720715 0.26737411
vn -7.2731261e-18 0.95720715 0.28940366
vn -0.11074998 0.95720715 0.26737411
vn -0.20463929 0.95720715 0.20463929
vn -0.26737411 0.95720715 0.11074998
vn -0.28940366 0.95720715 4.7275320e-17
vn -0.26737411 0.95720715 -0.11074998
vn -0.20463929 0.95720715 -0.20463929
vn -0.11074998 0.95720715 -0.26737411
vn -2.9092504e-17 0.95720715 -0.28940366
vn 0.11074998 0.95720715 -0.26737411
vn 0.20463929 0.95720715 -0.20463929
vn 0.26737411 0.95720715 -0.11074998
vn 0.73376135 0.67857688 3.3581137e-2
vn 0.69075804 0.67857688 0.24977339
vn 0.49510218 0.67857688 0.54259308
vn 0.31182324 0.67857688 0.66505615
vn -3.3581137e-2 0.67857688 0.73376135
vn -0.24977339 0.67857688 0.69075804
vn -0.54259308 0.67857688 0.49510218
vn -0.66505615 0.67857688 0.31182324
vn -0.73376135 0.67857688 -3.3581137e-2
vn -0.69075804 0.67857688 -0.24977339
vn -0.49510218 0.67857688 -0.54259308
vn -0.31182324 0.67857688 -0.66505615
vn 3.3581137e-2 0.67857688 -0.73376135
vn 0.24977339 0.67857688 -0.69075804
vn 0.54259308 0.67857688 -0.49510218
vn 0.66505615 0.67857688 -0.31182324
vn 0.90721305 0.41931549 3.3749231e-2
vn 0.85107084 0.41931549 0.31599518
vn 0.61763219 0.41931549 0.66536081
vn 0.37835563 0.41931549 0.82524029
vn -3.3749231e-2 0.41931549 0.90721305
vn -0.31599518 0.41931549 0.85107084
vn -0.66536081 0.41931549 0.61763219
vn -0.82524029 0.41931549 0.37835563
vn -0.90721305 0.41931549 -3.3749231e-2
vn -0.85107084 0.41931549 -0.31599518
vn -0.61763219 0.41931549 -0.66536081
vn -0.37835563 0.41931549 -0.82524029
vn 3.3749231e-2 0.41931549 -0.90721305
vn 0.31599518 0.41931549 -0.85107084
vn 0.66536081 0.41931549 -0.61763219
vn 0.82524029 0.41931549 -0.37835563
vn 0.99780910 -6.6158857e-2 -2.0138776e-16
vn 0.92185541 -6.6158857e-2 0.38184501
vn 0.70555758 -6.6158857e-2 0.70555758
vn 0.38184501 -6.6158857e-2 0.92185541
vn 7.6719148e-17 -6.6158857e-2 0.99780910
vn -0.38184501 -6.6158857e-2 0.92185541
vn -0.70555758 -6.6158857e-2 0.70555758
vn -0.92185541 -6.6158857e-2 0.38184501
vn -0.99780910 -6.6158857e-2 4.7949467e-17
vn -0.92185541 -6.6158857e-2 -0.38184501
vn -0.70555758 -6.6158857e-2 -0.70555758
vn -0.38184501 -6.6158857e-2 -0.92185541
vn -1.1507872e-16 -6.6158857e-2 -0.99780910
vn 0.38184501 -6.6158857e-2 -0.92185541
vn 0.70555758 -6.6158857e-2 -0.70555758
vn 0.92185541 -6.6158857e-2 -0.38184501
vn 0.94702674 -0.32115471 -2.3933994e-16
vn 0.87493862 -0.32115471 0.36241144
vn 0.66964903 -0.32115471 0.66964903
vn 0.36241144 -0.32115471 0.87493862
vn 1.0052277e-16 -0.32115471 0.94702674
vn -0.36241144 -0.32115471 0.87493862
vn -0.66964903 -0.32115471 0.66964903
vn -0.87493862 -0.32115471 0.36241144
vn -0.94702674 -0.32115471 2.3933994e-17
vn -0.87493862 -0.32115471 -0.36241144
vn -0.66964903 -0.32115471 -0.66964903
vn -0.36241144 -0.32115471 -0.87493862
vn -8.1375579e-17 -0.32115471 -0.94702674
vn 0.36241144 -0.32115471 -0.87493862
vn 0.66964903 -0.32115471 -0.66964903
vn 0.87493862 -0.32115471 -0.36241144
vn 0.60616666 -0.79533765 -9.9737305e-17
vn 0.56002497 -0.79533765 0.23196994
vn 0.42862456 -0.79533765 0.42862456
vn 0.23196994 -0.79533765 0.56002497
vn 3.6939743e-18 -0.79533765 0.60616666
vn -0.23196994 -0.79533765 0.56002497
vn -0.42862456 -0.79533765 0.42862456
vn -0.56002497 -0.79533765 0.23196994
vn -0.60616666 -0.79533765 7.7573460e-17
vn -0.56002497 -0.79533765 -0.23196994
vn -0.42862456 -0.79533765 -0.42862456
vn -0.23196994 -0.79533765 -0.56002497
vn -7.0185511e-17 -0.79533765 -0.60616666
vn 0.23196994 -0.79533765 -0.56002497
vn 0.42862456 -0.79533765 -0.42862456
vn 0.56002497 -0.79533765 -0.23196994
vn 0.16144158 -0.98688227 -1.7595943e-17
vn 0.14915257 -0.98688227 6.1781017e-2
vn 0.11415643 -0.98688227 0.11415643
vn 6.1781017e-2 -0.98688227 0.14915257
vn -3.5191885e-18 -0.98688227 0.16144158
vn -6.1781017e-2 -0.98688227 0.14915257
vn -0.11415643 -0.98688227 0.11415643
vn -0.14915257 -0.98688227 6.1781017e-2
vn -0.16144158 -0.98688227 3.8711074e-17
vn -0.14915257 -0.98688227 -6.1781017e-2
vn -0.11415643 -0.98688227 -0.11415643
vn -6.1781017e-2 -0.98688227 -0.14915257
vn -1.7595943e-17 -0.98688227 -0.16144158
vn 6.1781017e-2 -0.98688227 -0.14915257
vn 0.11415643 -0.98688227 -0.11415643
vn 0.14915257 -0.98688227 -6.1781017e-2
vn 0.52260895 0.80431975 -0.28275364
vn 0.37462258 0.80431975 0.46122409
vn 0.80981601 0.17308505 0.56057078
vn 0.96269358 0.17308505 -0.20799670
vn 0.56947735 0.80431975 0.16960332
vn -6.1236515e-2 0.80431975 0.59103285
vn 0.17624299 0.17308505 0.96900979
vn 0.82780304 0.17308505 0.53365128
vn 0.28275364 0.80431975 0.52260895
vn -0.46122409 0.80431975 0.37462258
vn -0.56057078 0.17308505 0.80981601
vn 0.20799670 0.17308505 0.96269358
vn -0.16960332 0.80431975 0.56947735
vn -0.59103285 0.80431975 -6.1236515e-2
vn -0.96900979 0.17308505 0.17624299
vn -0.53365128 0.17308505 0.82780304
vn -0.52260895 0.80431975 0.28275364
vn -0.37462258 0.80431975 -0.46122409
vn -0.80981601 0.17308505 -0.56057078
vn -0.96269358 0.17308505 0.20799670
vn -0.56947735 0.80431975 -0.16960332
vn 6.1236515e-2 0.80431975 -0.59103285
vn -0.17624299 0.17308505 -0.96900979
vn -0.82780304 0.17308505 -0.53365128
vn -0.28275364 0.80431975 -0.52260895
vn 0.46122409 0.80431975 -0.37462258
vn 0.56057078 0.17308505 -0.80981601
vn -0.20799670 0.17308505 -0.96269358
vn 0.16960332 0.80431975 -0.56947735
vn 0.59103285 0.80431975 6.1236515e-2
vn 0.96900979 0.17308505 -0.17624299
vn 0.53365128 0.17308505 -0.82780304
vn 0.95799610 0.20267821 -0.20289161
vn 0.80742973 0.20267821 0.55405665
vn 0.65507215 -0.54876594 0.51936156
vn 0.80395881 -0.54876594 -0.22914226
vn 0.82087158 0.20267821 0.53393951
vn 0.17916183 0.20267821 0.96271625
vn 9.5961878e-2 -0.54876594 0.83045004
vn 0.73051277 -0.54876594 0.40645669
vn 0.20289161 0.20267821 0.95799610
vn -0.55405665 0.20267821 0.80742973
vn -0.51936156 -0.54876594 0.65507215
vn 0.22914226 -0.54876594 0.80395881
vn -0.53393951 0.20267821 0.82087158
vn -0.96271625 0.20267821 0.17916183
vn -0.83045004 -0.54876594 9.5961878e-2
vn -0.40645669 -0.54876594 0.73051277
vn -0.95799610 0.20267821 0.20289161
vn -0.80742973 0.20267821 -0.55405665
vn -0.65507215 -0.54876594 -0.51936156
vn -0.80395881 -0.54876594 0.22914226
vn -0.82087158 0.20267821 -0.53393951
vn -0.17916183 0.20267821 -0.96271625
vn -9.5961878e-2 -0.54876594 -0.83045004
vn -0.73051277 -0.54876594 -0.40645669
vn -0.20289161 0.20267821 -0.95799610
vn 0.55405665 0.20267821 -0.80742973
vn 0.51936156 -0.54876594 -0.65507215
vn -0.22914226 -0.54876594 -0.80395881
vn 0.53393951 0.20267821 -0.82087158
vn 0.96271625 0.20267821 -0.17916183
vn 0.83045004 -0.54876594 -9.5961878e-2
vn 0.40645669 -0.54876594 -0.73051277
vn -0.23670829 0.66683176 -0.70661488
vn 0.56224268 0.66683176 0.48909975
vn 0.32078295 -0.71753739 0.61825431
vn -0.44843418 -0.71753739 -0.53296048
vn -0.66703021 0.66683176 -0.33227413
vn 0.74341136 0.66683176 -5.1719858e-2
vn 0.66399961 -0.71753739 0.21034402
vn -0.69395082 -0.71753739 -5.9769116e-2
vn -0.70661488 0.66683176 0.23670829
vn 0.48909975 0.66683176 -0.56224268
vn 0.61825431 -0.71753739 -0.32078295
vn -0.53296048 -0.71753739 0.44843418
vn -0.33227413 0.66683176 0.66703021
vn -5.1719858e-2 0.66683176 -0.74341136
vn 0.21034402 -0.71753739 -0.66399961
vn -5.9769116e-2 -0.71753739 0.69395082
vn 0.23670829 0.66683176 0.70661488
vn -0.56224268 0.66683176 -0.48909975
vn -0.32078295 -0.71753739 -0.61825431
vn 0.44843418 -0.71753739 0.53296048
vn 0.66703021 0.66683176 0.33227413
vn -0.74341136 0.66683176 5.1719858e-2
vn -0.66399961 -0.71753739 -0.21034402
vn 0.69395082 -0.71753739 5.9769116e-2
vn 0.70661488 0.66683176 -0.23670829
vn -0.48909975 0.66683176 0.56224268
vn -0.61825431 -0.71753739 0.32078295
vn 0.53296048 -0.71753739 -0.44843418
vn 0.33227413 0.66683176 -0.66703021
vn 5.1719858e-2 0.66683176 0.74341136
vn -0.21034402 -0.71753739 0.66399961
vn 5.9769116e-2 -0.71753739 -0.69395082
vn -0.67333933 0.64989835 -0.35248585
vn 6.7978655e-2 0.64989835 0.75697493
vn 0.75682549 -0.52551508 0.38865033
vn -6.9441508e-2 -0.52551508 -0.84794562
vn -0.72536795 0.64989835 0.22687767
vn 0.58333027 0.64989835 0.48719393
vn 0.80997372 -0.52551508 -0.26033915
vn -0.64869066 -0.52551508 -0.55048554
vn -0.35248585 0.64989835 0.67333933
vn 0.75697493 0.64989835 -6.7978655e-2
vn 0.38865033 -0.52551508 -0.75682549
vn -0.84794562 -0.52551508 6.9441508e-2
vn 0.22687767 0.64989835 0.72536795
vn 0.48719393 0.64989835 -0.58333027
vn -0.26033915 -0.52551508 -0.80997372
vn -0.55048554 -0.52551508 0.64869066
vn 0.67333933 0.64989835 0.35248585
vn -6.7978655e-2 0.64989835 -0.75697493
vn -0.75682549 -0.52551508 -0.38865033
vn 6.9441508e-2 -0.52551508 0.84794562
vn 0.72536795 0.64989835 -0.22687767
vn -0.58333027 0.64989835 -0.48719393
vn -0.80997372 -0.52551508 0.26033915
vn 0.64869066 -0.52551508 0.55048554
vn 0.35248585 0.64989835 -0.67333933
vn -0.75697493 0.64989835 6.7978655e-2
vn -0.38865033 -0.52551508 0.75682549
vn 0.84794562 -0.52551508 -6.9441508e-2
vn -0.22687767 0.64989835 -0.72536795
vn -0.48719393 0.64989835 0.58333027
vn 0.26033915 -0.52551508 0.80997372
vn 0.55048554 -0.52551508 -0.64869066
vn -0.61336946 0.69367550 -0.37761384
vn 0.11414336 0.69367550 0.71118605
vn -8.9439995e-2 -0.56106376 0.82292645
vn -0.79451211 -0.56106376 -0.23228854
vn -0.70073101 0.69367550 0.16670440
vn 0.58359603 0.69367550 0.42217293
vn 0.51865325 -0.56106376 0.64514050
vn -0.72605770 -0.56106376 0.39755210
vn -0.37761384 0.69367550 0.61336946
vn 0.71118605 0.69367550 -0.11414336
vn 0.82292645 -0.56106376 8.9439995e-2
vn -0.23228854 -0.56106376 0.79451211
vn 0.16670440 0.69367550 0.70073101
vn 0.42217293 0.69367550 -0.58359603
vn 0.64514050 -0.56106376 -0.51865325
vn 0.39755210 -0.56106376 0.72605770
vn 0.61336946 0.69367550 0.37761384
vn -0.11414336 0.69367550 -0.71118605
vn 8.9439995e-2 -0.56106376 -0.82292645
vn 0.79451211 -0.56106376 0.23228854
vn 0.70073101 0.69367550 -0.16670440
vn -0.58359603 0.69367550 -0.42217293
vn -0.51865325 -0.56106376 -0.64514050
vn 0.72605770 -0.56106376 -0.39755210
vn 0.37761384 0.69367550 -0.61336946
vn -0.71118605 0.69367550 0.11414336
vn -0.82292645 -0.56106376 -8.9439995e-2
vn 0.23228854 -0.56106376 -0.79451211
vn -0.16670440 0.69367550 -0.70073101
vn -0.42217293 0.69367550 0.58359603
vn -0.64514050 -0.56106376 0.51865325
vn -0.39755210 -0.56106376 -0.72605770
vn -0.91484122 0.37229746 -0.15639740
vn -0.20560222 0.37229746 0.90505377
vn 0.38576021 -0.71347132 0.58493396
vn -0.39278448 -0.71347132 -0.58024050
vn -0.75748009 0.37229746 0.53630076
vn 0.49458694 0.37229746 0.78535238
vn 0.68638443 -0.71347132 0.14083711
vn -0.68803256 -0.71347132 -0.13255143
vn -0.15639740 0.37229746 0.91484122
vn 0.90505377 0.37229746 0.20560222
vn 0.58493396 -0.71347132 -0.38576021
vn -0.58024050 -0.71347132 0.39278448
vn 0.53630076 0.37229746 0.75748009
vn 0.78535238 0.37229746 -0.49458694
vn 0.14083711 -0.71347132 -0.68638443
vn -0.13255143 -0.71347132 0.68803256
vn 0.91484122 0.37229746 0.15639740
vn 0.20560222 0.37229746 -0.90505377
vn -0.38576021 -0.71347132 -0.58493396
vn 0.39278448 -0.71347132 0.58024050
vn 0.75748009 0.37229746 -0.53630076
vn -0.49458694 0.37229746 -0.78535238
vn -0.68638443 -0.71347132 -0.14083711
vn 0.68803256 -0.71347132 0.13255143
vn 0.15639740 0.37229746 -0.91484122
vn -0.90505377 0.37229746 -0.20560222
vn -0.58493396 -0.71347132 0.38576021
vn 0.58024050 -0.71347132 -0.39278448
vn -0.53630076 0.37229746 -0.75748009
vn -0.78535238 0.37229746 0.49458694
vn -0.14083711 -0.71347132 0.68638443
vn 0.13255143 -0.71347132 -0.68803256
vn -0.61336946 0.69367550 -0.37761384
vn 0.11414336 0.69367550 0.71118605
vn -8.9439995e-2 -0.56106376 0.82292645
vn -0.79451211 -0.56106376 -0.23228854
vn -0.70073101 0.69367550 0.16670440
vn 0.58359603 0.69367550 0.42217293
vn 0.51865325 -0.56106376 0.64514050
vn -0.72605770 -0.56106376 0.39755210
vn -0.37761384 0.69367550 0.61336946
vn 0.71118605 0.69367550 -0.11414336
vn 0.82292645 -0.56106376 8.9439995e-2
vn -0.23228854 -0.56106376 0.79451211
vn 0.16670440 0.69367550 0.70073101
vn 0.42217293 0.69367550 -0.58359603
vn 0.64514050 -0.56106376 -0.51865325
vn 0.39755210 -0.56106376 0.72605770
vn 0.61336946 0.69367550 0.37761384
vn -0.11414336 0.69367550 -0.71118605
vn 8.9439995e-2 -0.56106376 -0.82292645
vn 0.79451211 -0.56106376 0.23228854
vn 0.70073101 0.69367550 -0.16670440
vn -0.58359603 0.69367550 -0.42217293
vn -0.51865325 -0.56106376 -0.64514050
vn 0.72605770 -0.56106376 -0.39755210
vn 0.37761384 0.69367550 -0.61336946
vn -0.71118605 0.69367550 0.11414336
vn -0.82292645 -0.56106376 -8.9439995e-2
vn 0.23228854 -0.56106376 -0.79451211
vn -0.16670440 0.69367550 -0.70073101
vn -0.42217293 0.69367550 0.58359603
vn -0.64514050 -0.56106376 0.51865325
vn -0.39755210 -0.56106376 -0.72605770
vn -0.91484122 0.37229746 -0.15639740
vn -0.20560222 0.37229746 0.90505377
vn 0.38576021 -0.71347132 0.58493396
vn -0.39278448 -0.71347132 -0.58024050
vn -0.75748009 0.37229746 0.53630076
vn 0.49458694 0.37229746 0.78535238
vn 0.68638443 -0.71347132 0.14083711
vn -0.68803256 -0.71347132 -0.13255143
vn -0.15639740 0.37229746 0.91484122
vn 0.90505377 0.37229746 0.20560222
vn 0.58493396 -0.71347132 -0.38576021
vn -0.58024050 -0.71347132 0.39278448
vn 0.53630076 0.37229746 0.75748009
vn 0.78535238 0.37229746 -0.49458694
vn 0.14083711 -0.71347132 -0.68638443
vn -0.13255143 -0.71347132 0.68803256
vn 0.91484122 0.37229746 0.15639740
vn 0.20560222 0.37229746 -0.90505377
vn -0.38576021 -0.71347132 -0.58493396
vn 0.39278448 -0.71347132 0.58024050
vn 0.75748009 0.37229746 -0.53630076
vn -0.49458694 0.37229746 -0.78535238
vn -0.68638443 -0.71347132 -0.14083711
vn 0.68803256 -0.71347132 0.13255143
vn 0.15639740 0.37229746 -0.91484122
vn -0.90505377 0.37229746 -0.20560222
vn -0.58493396 -0.71347132 0.38576021
vn 0.58024050 -0.71347132 -0.39278448
vn -0.53630076 0.37229746 -0.75748009
vn -0.78535238 0.37229746 0.49458694
vn -0.14083711 -0.71347132 0.68638443
vn 0.13255143 -0.71347132 -0.68803256
vn 0.16962677 0.48620431 -0.85722350
vn 0.85688460 0.48620431 0.17133053
vn 0.64135501 -0.70845019 0.29455404
vn -2.6696511e-2 -0.70845019 -0.70525572
vn -0.48620431 0.48620431 -0.72609279
vn 0.72705789 0.48620431 -0.48475993
vn 0.66178763 -0.70845019 -0.24522532
vn -0.51756838 -0.70845019 -0.47981382
vn -0.85722350 0.48620431 -0.16962677
vn 0.17133053 0.48620431 -0.85688460
vn 0.29455404 -0.70845019 -0.64135501
vn -0.70525572 -0.70845019 2.6696511e-2
vn -0.72609279 0.48620431 0.48620431
vn -0.48475993 0.48620431 -0.72705789
vn -0.24522532 -0.70845019 -0.66178763
vn -0.47981382 -0.70845019 0.51756838
vn -0.16962677 0.48620431 0.85722350
vn -0.85688460 0.48620431 -0.17133053
vn -0.64135501 -0.70845019 -0.29455404
vn 2.6696511e-2 -0.70845019 0.70525572
vn 0.48620431 0.48620431 0.72609279
vn -0.72705789 0.48620431 0.48475993
vn -0.66178763 -0.70845019 0.24522532
vn 0.51756838 -0.70845019 0.47981382
vn 0.85722350 0.48620431 0.16962677
vn -0.17133053 0.48620431 0.85688460
vn -0.29455404 -0.70845019 0.64135501
vn 0.70525572 -0.70845019 -2.6696511e-2
vn 0.72609279 0.48620431 -0.48620431
vn 0.48475993 0.48620431 0.72705789
vn 0.24522532 -0.70845019 0.66178763
vn 0.47981382 -0.70845019 -0.51756838
vn -0.28249315 0.81060046 -0.51295664
vn 0.36580470 0.81060046 0.45728965
vn 0.97664540 -0.18559815 0.10824548
vn 0.27374023 -0.18559815 -0.94372645
vn -0.56246794 0.81060046 -0.16296230
vn 0.58201559 0.81060046 6.4689628e-2
vn 0.76713370 -0.18559815 -0.61405147
vn -0.47375180 -0.18559815 -0.86087895
vn -0.51295664 0.81060046 0.28249315
vn 0.45728965 0.81060046 -0.36580470
vn 0.10824548 -0.18559815 -0.97664540
vn -0.94372645 -0.18559815 -0.27374023
vn -0.16296230 0.81060046 0.56246794
vn 6.4689628e-2 0.81060046 -0.58201559
vn -0.61405147 -0.18559815 -0.76713370
vn -0.86087895 -0.18559815 0.47375180
vn 0.28249315 0.81060046 0.51295664
vn -0.36580470 0.81060046 -0.45728965
vn -0.97664540 -0.18559815 -0.10824548
vn -0.27374023 -0.18559815 0.94372645
vn 0.56246794 0.81060046 0.16296230
vn -0.58201559 0.81060046 -6.4689628e-2
vn -0.76713370 -0.18559815 0.61405147
vn 0.47375180 -0.18559815 0.86087895
vn 0.51295664 0.81060046 -0.28249315
vn -0.45728965 0.81060046 0.36580470
vn -0.10824548 -0.18559815 0.97664540
vn 0.94372645 -0.18559815 0.27374023
vn 0.16296230 0.81060046 -0.56246794
vn -6.4689628e-2 0.81060046 0.58201559
vn 0.61405147 -0.18559815 0.76713370
vn 0.86087895 -0.18559815 -0.47375180
vn 0.75842091 7.8797598e-2 0.64698428
vn 0.30750042 7.8797598e-2 0.94827972
vn 0.24837811 -0.45134824 0.85708406
vn 0.69679223 -0.45134824 0.55746332
vn 7.8797598e-2 7.8797598e-2 0.99377154
vn -0.45309939 7.8797598e-2 0.88797065
vn -0.43042011 -0.45134824 0.78167980
vn 9.8520419e-2 -0.45134824 0.88689261
vn -0.64698428 7.8797598e-2 0.75842091
vn -0.94827972 7.8797598e-2 0.30750042
vn -0.85708406 -0.45134824 0.24837811
vn -0.55746332 -0.45134824 0.69679223
vn 0.99377154 7.8797598e-2 -7.8797598e-2
vn 0.88797065 7.8797598e-2 0.45309939
vn 0.78167980 -0.45134824 0.43042011
vn 0.88689261 -0.45134824 -9.8520419e-2
vn -0.14401679 0.75131961 -0.64403262
vn 0.37951477 0.75131961 -0.53989571
vn 0.44392427 0.30705077 -0.84181415
vn -8.7984218e-2 0.30705077 -0.94761733
vn -7.8797598e-2 7.8797598e-2 -0.99377154
vn 0.45309939 7.8797598e-2 -0.88797065
vn 0.43042011 -0.45134824 -0.78167980
vn -9.8520419e-2 -0.45134824 -0.88689261
vn -0.64403262 0.75131961 0.14401679
vn -0.53989571 0.75131961 -0.37951477
vn -0.84181415 0.30705077 -0.44392427
vn -0.94761733 0.30705077 8.7984218e-2
vn -0.99377154 7.8797598e-2 7.8797598e-2
vn -0.88797065 7.8797598e-2 -0.45309939
vn -0.78167980 -0.45134824 -0.43042011
vn -0.88689261 -0.45134824 9.8520419e-2
vn 0.35356458 0.75131961 -0.55723508
vn 0.65012139 0.75131961 -0.11340645
vn 0.90915436 0.30705077 -0.28135063
vn 0.60785240 0.30705077 -0.73228088
vn -0.35356458 0.75131961 0.55723508
vn -0.65012139 0.75131961 0.11340645
vn -0.90915436 0.30705077 0.28135063
vn -0.60785240 0.30705077 0.73228088
vn 0.14401679 0.75131961 0.64403262
vn -0.37951477 0.75131961 0.53989571
vn -0.44392427 0.30705077 0.84181415
vn 8.7984218e-2 0.30705077 0.94761733
vn 0.64698428 7.8797598e-2 -0.75842091
vn 0.94827972 7.8797598e-2 -0.30750042
vn 0.85708406 -0.45134824 -0.24837811
vn 0.55746332 -0.45134824 -0.69679223
vn 0.64403262 0.75131961 -0.14401679
vn 0.53989571 0.75131961 0.37951477
vn 0.84181415 0.30705077 0.44392427
vn 0.94761733 0.30705077 -8.7984218e-2
vn -0.75842091 7.8797598e-2 -0.64698428
vn -0.30750042 7.8797598e-2 -0.94827972
vn -0.24837811 -0.45134824 -0.85708406
vn -0.69679223 -0.45134824 -0.55746332
vn -0.55723508 0.75131961 -0.35356458
vn -0.11340645 0.75131961 -0.65012139
vn -0.28135063 0.30705077 -0.90915436
vn -0.73228088 0.30705077 -0.60785240
vn 0.55723508 0.75131961 0.35356458
vn 0.11340645 0.75131961 0.65012139
vn 0.28135063 0.30705077 0.90915436
vn 0.73228088 0.30705077 0.60785240
vn 0.64691385 -0.71393252 -0.26796049
vn 0.70021451 -0.71393252 -3.4677314e-16
vn 0.64691385 -0.71393252 0.26796049
vn 0.49512643 -0.71393252 0.49512643
vn 0.26796049 -0.71393252 0.64691385
vn 8.9170236e-17 -0.71393252 0.70021451
vn -0.26796049 -0.71393252 0.64691385
vn -0.49512643 -0.71393252 0.49512643
vn -0.64691385 -0.71393252 0.26796049
vn -0.70021451 -0.71393252 -4.1612777e-16
vn -0.64691385 -0.71393252 -0.26796049
vn -0.49512643 -0.71393252 -0.49512643
vn -0.26796049 -0.71393252 -0.64691385
vn 9.9078040e-17 -0.71393252 -0.70021451
vn 0.26796049 -0.71393252 -0.64691385
vn 0.49512643 -0.71393252 -0.49512643
vn 0.86766630 0.34349300 -0.35939915
vn 0.93915524 0.34349300 -4.7245976e-16
vn 0.86766630 0.34349300 0.35939915
vn 0.66408304 0.34349300 0.66408304
vn 0.35939915 0.34349300 0.86766630
vn 1.0499106e-16 0.34349300 0.93915524
vn -0.35939915 0.34349300 0.86766630
vn -0.66408304 0.34349300 0.66408304
vn -0.86766630 0.34349300 0.35939915
vn -0.93915524 0.34349300 -5.6995146e-16
vn -0.86766630 0.34349300 -0.35939915
vn -0.66408304 0.34349300 -0.66408304
vn -0.35939915 0.34349300 -0.86766630
vn 1.1998978e-16 0.34349300 -0.93915524
vn 0.35939915 0.34349300 -0.86766630
vn 0.66408304 0.34349300 -0.66408304
vn 0.45224883 0.70351848 -0.54820867
vn 0.62761382 0.70351848 0.33341063
vn 0.70743028 0.70351848 -6.7853849e-2
vn 0.20803307 0.70351848 0.67954690
vn 0.54820867 0.70351848 0.45224883
vn -0.33341063 0.70351848 0.62761382
vn 6.7853849e-2 0.70351848 0.70743028
vn -0.67954690 0.70351848 0.20803307
vn -0.45224883 0.70351848 0.54820867
vn -0.62761382 0.70351848 -0.33341063
vn -0.70743028 0.70351848 6.7853849e-2
vn -0.20803307 0.70351848 -0.67954690
vn -0.54820867 0.70351848 -0.45224883
vn 0.33341063 0.70351848 -0.62761382
vn -6.7853849e-2 0.70351848 -0.70743028
vn 0.67954690 0.70351848 -0.20803307
vn 0.74888066 -0.16028942 -0.64302804
vn 0.93795169 -0.16028942 0.30749622
vn 0.98422808 -0.16028942 7.4849105e-2
vn 0.44579934 -0.16028942 0.88066467
vn 0.64302804 -0.16028942 0.74888066
vn -0.30749622 -0.16028942 0.93795169
vn -7.4849105e-2 -0.16028942 0.98422808
vn -0.88066467 -0.16028942 0.44579934
vn -0.74888066 -0.16028942 0.64302804
vn -0.93795169 -0.16028942 -0.30749622
vn -0.98422808 -0.16028942 -7.4849105e-2
vn -0.44579934 -0.16028942 -0.88066467
vn -0.64302804 -0.16028942 -0.74888066
vn 0.30749622 -0.16028942 -0.93795169
vn 7.4849105e-2 -0.16028942 -0.98422808
vn 0.88066467 -0.16028942 -0.44579934
vn 0.88453018 -0.28873660 -0.36638440
vn 0.95740857 -0.28873660 -5.4509286e-16
vn 0.88453018 -0.28873660 0.36638440
vn 0.67699009 -0.28873660 0.67699009
vn 0.36638440 -0.28873660 0.88453018
vn 1.1785792e-16 -0.28873660 0.95740857
vn -0.36638440 -0.28873660 0.88453018
vn -0.67699009 -0.28873660 0.67699009
vn -0.88453018 -0.28873660 0.36638440
vn -0.95740857 -0.28873660 -7.0714749e-16
vn -0.88453018 -0.28873660 -0.36638440
vn -0.67699009 -0.28873660 -0.67699009
vn -0.36638440 -0.28873660 -0.88453018
vn 9.5759556e-17 -0.28873660 -0.95740857
vn 0.36638440 -0.28873660 -0.88453018
vn 0.67699009 -0.28873660 -0.67699009
vn 0.57195408 -0.78532900 -0.23691114
vn 0.61907864 -0.78532900 -2.1818545e-15
vn 0.57195408 -0.78532900 0.23691114
vn 0.43775470 -0.78532900 0.43775470
vn 0.23691114 -0.78532900 0.57195408
vn 7.3076467e-17 -0.78532900 0.61907864
vn -0.23691114 -0.78532900 0.57195408
vn -0.43775470 -0.78532900 0.43775470
vn -0.57195408 -0.78532900 0.23691114
vn -0.61907864 -0.78532900 -2.2966890e-15
vn -0.57195408 -0.78532900 -0.23691114
vn -0.43775470 -0.78532900 -0.43775470
vn -0.23691114 -0.78532900 -0.57195408
vn 7.3076467e-17 -0.78532900 -0.61907864
vn 0.23691114 -0.78532900 -0.57195408
vn 0.43775470 -0.78532900 -0.43775470
vn 0.87100268 -0.48505042 7.7977108e-2
vn -0.40535975 -0.48505042 -0.77486100
vn -0.83099532 0.55620301 -9.2187916e-3
vn 0.32652520 0.55620301 0.76421169
vn 0.67103004 -0.48505042 -0.56075376
vn -0.83454209 -0.48505042 -0.26127684
vn -0.59412110 0.55620301 0.58108376
vn 0.77126745 0.55620301 0.30949109
vn 7.7977108e-2 -0.48505042 -0.87100268
vn -0.77486100 -0.48505042 0.40535975
vn -9.2187916e-3 0.55620301 0.83099532
vn 0.76421169 0.55620301 -0.32652520
vn -0.56075376 -0.48505042 -0.67103004
vn -0.26127684 -0.48505042 0.83454209
vn 0.58108376 0.55620301 0.59412110
vn 0.30949109 0.55620301 -0.77126745
vn -0.87100268 -0.48505042 -7.7977108e-2
vn 0.40535975 -0.48505042 0.77486100
vn 0.83099532 0.55620301 9.2187916e-3
vn -0.32652520 0.55620301 -0.76421169
vn -0.67103004 -0.48505042 0.56075376
vn 0.83454209 -0.48505042 0.26127684
vn 0.59412110 0.55620301 -0.58108376
vn -0.77126745 0.55620301 -0.30949109
vn -7.7977108e-2 -0.48505042 0.87100268
vn 0.77486100 -0.48505042 -0.40535975
vn 9.2187916e-3 0.55620301 -0.83099532
vn -0.76421169 0.55620301 0.32652520
vn 0.56075376 -0.48505042 0.67103004
vn 0.26127684 -0.48505042 -0.83454209
vn -0.58108376 0.55620301 -0.59412110
vn -0.30949109 0.55620301 0.77126745
vn 0.96270493 -0.24697239 -0.11047104
vn -0.26634929 -0.24697239 -0.93169882
vn -0.94525774 0.26387322 0.19198625
vn 0.18436231 0.26387322 0.94677424
vn 0.60262036 -0.24697239 -0.75885001
vn -0.84714794 -0.24697239 -0.47047316
vn -0.53264338 0.26387322 0.80415294
vn 0.79983433 0.26387322 0.53910664
vn -0.11047104 -0.24697239 -0.96270493
vn -0.93169882 -0.24697239 0.26634929
vn 0.19198625 0.26387322 0.94525774
vn 0.94677424 0.26387322 -0.18436231
vn -0.75885001 -0.24697239 -0.60262036
vn -0.47047316 -0.24697239 0.84714794
vn 0.80415294 0.26387322 0.53264338
vn 0.53910664 0.26387322 -0.79983433
vn -0.96270493 -0.24697239 0.11047104
vn 0.26634929 -0.24697239 0.93169882
vn 0.94525774 0.26387322 -0.19198625
vn -0.18436231 0.26387322 -0.94677424
vn -0.60262036 -0.24697239 0.75885001
vn 0.84714794 -0.24697239 0.47047316
vn 0.53264338 0.26387322 -0.80415294
vn -0.79983433 0.26387322 -0.53910664
vn 0.11047104 -0.24697239 0.96270493
vn 0.93169882 -0.24697239 -0.26634929
vn -0.19198625 0.26387322 -0.94525774
vn -0.94677424 0.26387322 0.18436231
vn 0.75885001 -0.24697239 0.60262036
vn 0.47047316 -0.24697239 -0.84714794
vn -0.80415294 0.26387322 -0.53264338
vn -0.53910664 0.26387322 0.79983433
vn 0.96242147 0.21528117 0.16552624
vn 0.52122905 0.21528117 0.82581735
vn 0.39007514 -0.55786827 0.73254650
vn 0.82606001 -0.55786827 8.0049026e-2
vn 0.56349002 0.21528117 0.79757947
vn -0.21537645 0.21528117 0.95250564
vn -0.24216383 -0.55786827 0.79381338
vn 0.52750943 -0.55786827 0.64071585
vn -0.16552624 0.21528117 0.96242147
vn -0.82581735 0.21528117 0.52122905
vn -0.73254650 -0.55786827 0.39007514
vn -8.0049026e-2 -0.55786827 0.82606001
vn -0.79757947 0.21528117 0.56349002
vn -0.95250564 0.21528117 -0.21537645
vn -0.79381338 -0.55786827 -0.24216383
vn -0.64071585 -0.55786827 0.52750943
vn -0.96242147 0.21528117 -0.16552624
vn -0.52122905 0.21528117 -0.82581735
vn -0.39007514 -0.55786827 -0.73254650
vn -0.82606001 -0.55786827 -8.0049026e-2
vn -0.56349002 0.21528117 -0.79757947
vn 0.21537645 0.21528117 -0.95250564
vn 0.24216383 -0.55786827 -0.79381338
vn -0.52750943 -0.55786827 -0.64071585
vn 0.16552624 0.21528117 -0.96242147
vn 0.82581735 0.21528117 -0.52122905
vn 0.73254650 -0.55786827 -0.39007514
vn 8.0049026e-2 -0.55786827 -0.82606001
vn 0.79757947 0.21528117 -0.56349002
vn 0.95250564 0.21528117 0.21537645
vn 0.79381338 -0.55786827 0.24216383
vn 0.64071585 -0.55786827 -0.52750943
vn 0.21766315 0.56920725 -0.79285929
vn 0.50450865 0.56920725 0.64921039
vn -0.17564254 -0.61821526 0.76613288
vn -0.45545891 -0.61821526 -0.64059899
vn -0.40672509 0.56920725 -0.71454727
vn 0.81580256 0.56920725 0.10231958
vn 0.41753972 -0.61821526 0.66593579
vn -0.77502998 -0.61821526 -0.13091381
vn -0.79285929 0.56920725 -0.21766315
vn 0.64921039 0.56920725 -0.50450865
vn 0.76613288 -0.61821526 0.17564254
vn -0.64059899 -0.61821526 0.45545891
vn -0.71454727 0.56920725 0.40672509
vn 0.10231958 0.56920725 -0.81580256
vn 0.66593579 -0.61821526 -0.41753972
vn -0.13091381 -0.61821526 0.77502998
vn -0.21766315 0.56920725 0.79285929
vn -0.50450865 0.56920725 -0.64921039
vn 0.17564254 -0.61821526 -0.76613288
vn 0.45545891 -0.61821526 0.64059899
vn 0.40672509 0.56920725 0.71454727
vn -0.81580256 0.56920725 -0.10231958
vn -0.41753972 -0.61821526 -0.66593579
vn 0.77502998 -0.61821526 0.13091381
vn 0.79285929 0.56920725 0.21766315
vn -0.64921039 0.56920725 0.50450865
vn -0.76613288 -0.61821526 -0.17564254
vn 0.64059899 -0.61821526 -0.45545891
vn 0.71454727 0.56920725 -0.40672509
vn -0.10231958 0.56920725 0.81580256
vn -0.66593579 -0.61821526 0.41753972
vn 0.13091381 -0.61821526 -0.77502998
vn 0.18447770 0.58113879 -0.79261951
vn 0.47375752 0.58113879 0.66168838
vn -0.34355175 -0.14928899 0.92719199
vn -0.67222144 -0.14928899 -0.72514214
vn -0.43002120 0.58113879 -0.69091206
vn 0.80288150 0.58113879 0.13288719
vn 0.41269597 -0.14928899 0.89855152
vn -0.98808527 -0.14928899 -3.7420586e-2
vn -0.79261951 0.58113879 -0.18447770
vn 0.66168838 0.58113879 -0.47375752
vn 0.92719199 -0.14928899 0.34355175
vn -0.72514214 -0.14928899 0.67222144
vn -0.69091206 0.58113879 0.43002120
vn 0.13288719 0.58113879 -0.80288150
vn 0.89855152 -0.14928899 -0.41269597
vn -3.7420586e-2 -0.14928899 0.98808527
vn -0.18447770 0.58113879 0.79261951
vn -0.47375752 0.58113879 -0.66168838
vn 0.34355175 -0.14928899 -0.92719199
vn 0.67222144 -0.14928899 0.72514214
vn 0.43002120 0.58113879 0.69091206
vn -0.80288150 0.58113879 -0.13288719
vn -0.41269597 -0.14928899 -0.89855152
vn 0.98808527 -0.14928899 3.7420586e-2
vn 0.79261951 0.58113879 0.18447770
vn -0.66168838 0.58113879 0.47375752
vn -0.92719199 -0.14928899 -0.34355175
vn 0.72514214 -0.14928899 -0.67222144
vn 0.69091206 0.58113879 -0.43002120
vn -0.13288719 0.58113879 0.80288150
vn -0.89855152 -0.14928899 0.41269597
vn 3.7420586e-2 -0.14928899 -0.98808527
vn 0.55460672 0.44016863 -0.70616072
vn 0.78262580 0.44016863 0.44016863
vn 0.79794071 -0.18906845 0.57231437
vn 0.51818586 -0.18906845 -0.83410823
vn -0.10716486 0.44016863 -0.89149720
vn 0.86464624 0.44016863 -0.24215379
vn 0.96891666 -0.18906845 -0.15954191
vn -0.22339085 -0.18906845 -0.95621632
vn -0.70616072 0.44016863 -0.55460672
vn 0.44016863 0.44016863 -0.78262580
vn 0.57231437 -0.18906845 -0.79794071
vn -0.83410823 -0.18906845 -0.51818586
vn -0.89149720 0.44016863 0.10716486
vn -0.24215379 0.44016863 -0.86464624
vn -0.15954191 -0.18906845 -0.96891666
vn -0.95621632 -0.18906845 0.22339085
vn -0.55460672 0.44016863 0.70616072
vn -0.78262580 0.44016863 -0.44016863
vn -0.79794071 -0.18906845 -0.57231437
vn -0.51818586 -0.18906845 0.83410823
vn 0.10716486 0.44016863 0.89149720
vn -0.86464624 0.44016863 0.24215379
vn -0.96891666 -0.18906845 0.15954191
vn 0.22339085 -0.18906845 0.95621632
vn 0.70616072 0.44016863 0.55460672
vn -0.44016863 0.44016863 0.78262580
vn -0.57231437 -0.18906845 0.79794071
vn 0.83410823 -0.18906845 0.51818586
vn 0.89149720 0.44016863 -0.10716486
vn 0.24215379 0.44016863 0.86464624
vn 0.15954191 -0.18906845 0.96891666
vn 0.95621632 -0.18906845 -0.22339085
vn 0.64691385 0.71393252 0.26796049
vn 0.70021451 0.71393252 8.6197895e-16
vn 0.64691385 0.71393252 -0.26796049
vn 0.49512643 0.71393252 -0.49512643
vn 0.26796049 0.71393252 -0.64691385
vn 9.9078040e-18 0.71393252 -0.70021451
vn -0.26796049 0.71393252 -0.64691385
vn -0.49512643 0.71393252 -0.49512643
vn -0.64691385 0.71393252 -0.26796049
vn -0.70021451 0.71393252 -5.5483703e-16
vn -0.64691385 0.71393252 0.26796049
vn -0.49512643 0.71393252 0.49512643
vn -0.26796049 0.71393252 0.64691385
vn -7.9262432e-16 0.71393252 0.70021451
vn 0.26796049 0.71393252 0.64691385
vn 0.49512643 0.71393252 0.49512643
vn 0.92387953 -1.4614531e-16 0.38268343
vn 1.00000000 2.1199704e-20 1.2027219e-15
vn 0.92387953 1.4616650e-16 -0.38268343
vn 0.70710678 2.7027057e-16 -0.70710678
vn 0.38268343 3.5292977e-16 -0.92387953
vn 2.8299339e-17 3.8210081e-16 -1.00000000
vn -0.38268343 3.5292977e-16 -0.92387953
vn -0.70710678 2.7027057e-16 -0.70710678
vn -0.92387953 1.4624997e-16 -0.38268343
vn -1.00000000 -1.1939060e-31 -8.2068085e-16
vn -0.92387953 -1.4624997e-16 0.38268343
vn -0.70710678 -2.7027057e-16 0.70710678
vn -0.38268343 -3.5292977e-16 0.92387953
vn -1.1461232e-15 -3.8210081e-16 1.00000000
vn 0.38268343 -3.5292977e-16 0.92387953
vn 0.70710678 -2.7027057e-16 0.70710678
vn 0.85109120 0.38905512 0.35253352
vn 0.92121448 0.38905512 1.1148058e-15
vn 0.85109120 0.38905512 -0.35253352
vn 0.65139701 0.38905512 -0.65139701
vn 0.35253352 0.38905512 -0.85109120
vn 4.5813938e-17 0.38905512 -0.92121448
vn -0.35253352 0.38905512 -0.85109120
vn -0.65139701 0.38905512 -0.65139701
vn -0.85109120 0.38905512 -0.35253352
vn -0.92121448 0.38905512 -8.2465088e-16
vn -0.85109120 0.38905512 0.35253352
vn -0.65139701 0.38905512 0.65139701
vn -0.35253352 0.38905512 0.85109120
vn -1.1224415e-15 0.38905512 0.92121448
vn 0.35253352 0.38905512 0.85109120
vn 0.65139701 0.38905512 0.65139701
vn 0.46024472 0.86708209 0.19063960
vn 0.49816529 0.86708209 3.6883871e-16
vn 0.46024472 0.86708209 -0.19063960
vn 0.35225606 0.86708209 -0.35225606
vn 0.19063960 0.86708209 -0.46024472
vn 2.9905841e-17 0.86708209 -0.49816529
vn -0.19063960 0.86708209 -0.46024472
vn -0.35225606 0.86708209 -0.35225606
vn -0.46024472 0.86708209 -0.19063960
vn -0.49816529 0.86708209 -7.3767741e-16
vn -0.46024472 0.86708209 0.19063960
vn -0.35225606 0.86708209 0.35225606
vn -0.19063960 0.86708209 0.46024472
vn -6.4795989e-16 0.86708209 0.49816529
vn 0.19063960 0.86708209 0.46024472
vn 0.35225606 0.86708209 0.35225606
g sphere1_default
usemtl default
s 1
f 65//65 81//81 96//96 80//80
f 65//65 850//850 849//849 66//66
f 66//66 82//82 81//81 65//65
f 66//66 849//849 864//864 67//67
f 67//67 83//83 82//82 66//66
f 67//67 864//864 863//863 68//68
f 68//68 84//84 83//83 67//67
f 68//68 863//863 862//862 69//69
f 69//69 85//85 84//84 68//68
f 69//69 862//862 861//861 70//70
f 70//70 86//86 85//85 69//69
f 70//70 861//861 860//860 71//71
f 71//71 87//87 86//86 70//70
f 71//71 860//860 859//859 72//72
f 72//72 88//88 87//87 71//71
f 72//72 859//859 858//858 73//73
f 73//73 89//89 88//88 72//72
f 73//73 858//858 857//857 74//74
f 74//74 90//90 89//89 73//73
f 74//74 857//857 856//856 75//75
f 75//75 91//91 90//90 74//74
f 75//75 856//856 855//855 76//76
f 76//76 92//92 91//91 75//75
f 76//76 855//855 854//854 77//77
f 77//77 93//93 92//92 76//76
f 77//77 854//854 853//853 78//78
f 78//78 94//94 93//93 77//77
f 78//78 853//853 852//852 79//79
f 79//79 95//95 94//94 78//78
f 79//79 852//852 851//851 80//80
f 80//80 96//96 95//95 79//79
f 80//80 851//851 850//850 65//65
f 81//81 97//97 112//112 96//96
f 81//81 177//177 180//180 97//97
f 82//82 178//178 177//177 81//81
f 83//83 99//99 98//98 82//82
f 83//83 181//181 184//184 99//99
f 84//84 182//182 181//181 83//83
f 85//85 101//101 100//100 84//84
f 85//85 185//185 188//188 101//101
f 86//86 186//186 185//185 85//85
f 87//87 103//103 102//102 86//86
f 87//87 189//189 192//192 103//103
f 88//88 190//190 189//189 87//87
f 89//89 105//105 104//104 88//88
f 89//89 193//193 196//196 105//105
f 90//90 194//194 193//193 89//89
f 91//91 107//107 106//106 90//90
f 91//91 197//197 200//200 107//107
f 92//92 198//198 197//197 91//91
f 93//93 109//109 108//108 92//92
f 93//93 201//201 204//204 109//109
f 94//94 202//202 201//201 93//93
f 95//95 111//111 110//110 94//94
f 95//95 205//205 208//208 111//111
f 96//96 206//206 205//205 95//95
f 97//97 113//113 128//128 112//112
f 97//97 180//180 179//179 98//98
f 98//98 114//114 113//113 97//97
f 98//98 179//179 178//178 82//82
f 99//99 115//115 114//114 98//98
f 99//99 184//184 183//183 100//100
f 100//100 116//116 115//115 99//99
f 100//100 183//183 182//182 84//84
f 101//101 117//117 116//116 100//100
f 101//101 188//188 187//187 102//102
f 102//102 118//118 117//117 101//101
f 102//102 187//187 186//186 86//86
f 103//103 119//119 118//118 102//102
f 103//103 192//192 191//191 104//104
f 104//104 120//120 119//119 103//103
f 104//104 191//191 190//190 88//88
f 105//105 121//121 120//120 104//104
f 105//105 196//196 195//195 106//106
f 106//106 122//122 121//121 105//105
f 106//106 195//195 194//194 90//90
f 107//107 123//123 122//122 106//106
f 107//107 200//200 199//199 108//108
f 108//108 124//124 123//123 107//107
f 108//108 199//199 198//198 92//92
f 109//109 125//125 124//124 108//108
f 109//109 204//204 203//203 110//110
f 110//110 126//126 125//125 109//109
f 110//110 203//203 202//202 94//94
f 111//111 127//127 126//126 110//110
f 111//111 208//208 207//207 112//112
f 112//112 128//128 127//127 111//111
f 112//112 207//207 206//206 96//96
f 113//113 209//209 212//212 129//129
f 113//113 750//750 749//749 128//128
f 114//114 210//210 209//209 113//113
f 114//114 721//721 724//724 130//130
f 115//115 213//213 216//216 131//131
f 115//115 722//722 721//721 114//114
f 116//116 214//214 213//213 115//115
f 116//116 725//725 728//728 132//132
f 117//117 217//217 220//220 133//133
f 117//117 726//726 725//725 116//116
f 118//118 218//218 217//217 117//117
f 118//118 729//729 732//732 134//134
f 119//119 221//221 224//224 135//135
f 119//119 730//730 729//729 118//118
f 120//120 222//222 221//221 119//119
f 120//120 733//733 736//736 136//136
f 121//121 225//225 228//228 137//137
f 121//121 734//734 733//733 120//120
f 122//122 226//226 225//225 121//121
f 122//122 737//737 740//740 138//138
f 123//123 229//229 232//232 139//139
f 123//123 738//738 737//737 122//122
f 124//124 230//230 229//229 123//123
f 124//124 741//741 744//744 140//140
f 125//125 233//233 236//236 141//141
f 125//125 742//742 741//741 124//124
f 126//126 234//234 233//233 125//125
f 126//126 745//745 748//748 142//142
f 127//127 237//237 240//240 143//143
f 127//127 746//746 745//745 126//126
f 128//128 238//238 237//237 127//127
f 128//128 749//749 752//752 144//144
f 129//129 145//145 160//160 144//144
f 129//129 212//212 211//211 130//130
f 129//129 751//751 750//750 113//113
f 130//130 146//146 145//145 129//129
f 130//130 211//211 210//210 114//114
f 130//130 724//724 723//723 131//131
f 131//131 147//147 146//146 130//130
f 131//131 216//216 215//215 132//132
f 131//131 723//723 722//722 115//115
f 132//132 148//148 147//147 131//131
f 132//132 215//215 214//214 116//116
f 132//132 728//728 727//727 133//133
f 133//133 149//149 148//148 132//132
f 133//133 220//220 219//219 134//134
f 133//133 727//727 726//726 117//117
f 134//134 150//150 149//149 133//133
f 134//134 219//219 218//218 118//118
f 134//134 732//732 731//731 135//135
f 135//135 151//151 150//150 134//134
f 135//135 224//224 223//223 136//136
f 135//135 731//731 730//730 119//119
f 136//136 152//152 151//151 135//135
f 136//136 223//223 222//222 120//120
f 136//136 736//736 735//735 137//137
f 137//137 153//153 152//152 136//136
f 137//137 228//228 227//227 138//138
f 137//137 735//735 734//734 121//121
f 138//138 154//154 153//153 137//137
f 138//138 227//227 226//226 122//122
f 138//138 740//740 739//739 139//139
f 139//139 155//155 154//154 138//138
f 139//139 232//232 231//231 140//140
f 139//139 739//739 738//738 123//123
f 140//140 156//156 155//155 139//139
f 140//140 231//231 230//230 124//124
f 140//140 744//744 743//743 141//141
f 141//141 157//157 156//156 140//140
f 141//141 236//236 235//235 142//142
f 141//141 743//743 742//742 125//125
f 142//142 158//158 157//157 141//141
f 142//142 235//235 234//234 126//126
f 142//142 748//748 747//747 143//143
f 143//143 159//159 158//158 142//142
f 143//143 240//240 239//239 144//144
f 143//143 747//747 746//746 127//127
f 144//144 160//160 159//159 143//143
f 144//144 239//239 238//238 128//128
f 144//144 752//752 751//751 129//129
f 145//145 161//161 176//176 160//160
f 146//146 162//162 161//161 145//145
f 147//147 163//163 162//162 146//146
f 148//148 164//164 163//163 147//147
f 149//149 165//165 164//164 148//148
f 150//150 166//166 165//165 149//149
f 151//151 167//167 166//166 150//150
f 152//152 168//168 167//167 151//151
f 153//153 169//169 168//168 152//152
f 154//154 170//170 169//169 153//153
f 155//155 171//171 170//170 154//154
f 156//156 172//172 171//171 155//155
f 157//157 173//173 172//172 156//156
f 158//158 174//174 173//173 157//157
f 159//159 175//175 174//174 158//158
f 160//160 176//176 175//175 159//159
f 161//161 562//562 561//561 176//176
f 162//162 563//563 562//562 161//161
f 163//163 564//564 563//563 162//162
f 164//164 565//565 564//564 163//163
f 165//165 566//566 565//565 164//164
f 166//166 567//567 566//566 165//165
f 167//167 568//568 567//567 166//166
f 168//168 569//569 568//568 167//167
f 169//169 570//570 569//569 168//168
f 170//170 571//571 570//570 169//169
f 171//171 572//572 571//571 170//170
f 172//172 573//573 572//572 171//171
f 173//173 574//574 573//573 172//172
f 174//174 575//575 574//574 173//173
f 175//175 576//576 575//575 174//174
f 176//176 561//561 576//576 175//175
f 177//177 301//301 304//304 180//180
f 178//178 302//302 301//301 177//177
f 179//179 303//303 302//302 178//178
f 180//180 304//304 303//303 179//179
f 181//181 297//297 300//300 184//184
f 182//182 298//298 297//297 181//181
f 183//183 299//299 298//298 182//182
f 184//184 300//300 299//299 183//183
f 185//185 293//293 296//296 188//188
f 186//186 294//294 293//293 185//185
f 187//187 295//295 294//294 186//186
f 188//188 296//296 295//295 187//187
f 189//189 289//289 292//292 192//192
f 190//190 290//290 289//289 189//189
f 191//191 291//291 290//290 190//190
f 192//192 292//292 291//291 191//191
f 193//193 285//285 288//288 196//196
f 194//194 286//286 285//285 193//193
f 195//195 287//287 286//286 194//194
f 196//196 288//288 287//287 195//195
f 197//197 281//281 284//284 200//200
f 198//198 282//282 281//281 197//197
f 199//199 283//283 282//282 198//198
f 200//200 284//284 283//283 199//199
f 201//201 277//277 280//280 204//204
f 202//202 278//278 277//277 201//201
f 203//203 279//279 278//278 202//202
f 204//204 280//280 279//279 203//203
f 205//205 273//273 276//276 208//208
f 206//206 274//274 273//273 205//205
f 207//207 275//275 274//274 206//206
f 208//208 276//276 275//275 207//207
f 209//209 269//269 272//272 212//212
f 210//210 270//270 269//269 209//209
f 211//211 271//271 270//270 210//210
f 212//212 272//272 271//271 211//211
f 213//213 265//265 268//268 216//216
f 214//214 266//266 265//265 213//213
f 215//215 267//267 266//266 214//214
f 216//216 268//268 267//267 215//215
f 217//217 261//261 264//264 220//220
f 218//218 262//262 261//261 217//217
f 219//219 263//263 262//262 218//218
f 220//220 264//264 263//263 219//219
f 221//221 257//257 260//260 224//224
f 222//222 258//258 257//257 221//221
f 223//223 259//259 258//258 222//222
f 224//224 260//260 259//259 223//223
f 225//225 253//253 256//256 228//228
f 226//226 254//254 253//253 225//225
f 227//227 255//255 254//254 226//226
f 228//228 256//256 255//255 227//227
f 229//229 249//249 252//252 232//232
f 230//230 250//250 249//249 229//229
f 231//231 251//251 250//250 230//230
f 232//232 252//252 251//251 231//231
f 233//233 245//245 248//248 236//236
f 234//234 246//246 245//245 233//233
f 235//235 247//247 246//246 234//234
f 236//236 248//248 247//247 235//235
f 237//237 241//241 244//244 240//240
f 238//238 242//242 241//241 237//237
f 239//239 243//243 242//242 238//238
f 240//240 244//244 243//243 239//239
f 241//241 305//305 308//308 244//244
f 242//242 306//306 305//305 241//241
f 243//243 307//307 306//306 242//242
f 244//244 308//308 307//307 243//243
f 245//245 309//309 312//312 248//248
f 246//246 310//310 309//309 245//245
f 247//247 311//311 310//310 246//246
f 248//248 312//312 311//311 247//247
f 249//249 313//313 316//316 252//252
f 250//250 314//314 313//313 249//249
f 251//251 315//315 314//314 250//250
f 252//252 316//316 315//315 251//251
f 253//253 317//317 320//320 256//256
f 254//254 318//318 317//317 253//253
f 255//255 319//319 318//318 254//254
f 256//256 320//320 319//319 255//255
f 257//257 321//321 324//324 260//260
f 258//258 322//322 321//321 257//257
f 259//259 323//323 322//322 258//258
f 260//260 324//324 323//323 259//259
f 261//261 325//325 328//328 264//264
f 262//262 326//326 325//325 261//261
f 263//263 327//327 326//326 262//262
f 264//264 328//328 327//327 263//263
f 265//265 329//329 332//332 268//268
f 266//266 330//330 329//329 265//265
f 267//267 331//331 330//330 266//266
f 268//268 332//332 331//331 267//267
f 269//269 333//333 336//336 272//272
f 270//270 334//334 333//333 269//269
f 271//271 335//335 334//334 270//270
f 272//272 336//336 335//335 271//271
f 273//273 337//337 340//340 276//276
f 274//274 338//338 337//337 273//273
f 275//275 339//339 338//338 274//274
f 276//276 340//340 339//339 275//275
f 277//277 341//341 344//344 280//280
f 278//278 342//342 341//341 277//277
f 279//279 343//343 342//342 278//278
f 280//280 344//344 343//343 279//279
f 281//281 345//345 348//348 284//284
f 282//282 346//346 345//345 281//281
f 283//283 347//347 346//346 282//282
f 284//284 348//348 347//347 283//283
f 285//285 349//349 352//352 288//288
f 286//286 350//350 349//349 285//285
f 287//287 351//351 350//350 286//286
f 288//288 352//352 351//351 287//287
f 289//289 353//353 356//356 292//292
f 290//290 354//354 353//353 289//289
f 291//291 355//355 354//354 290//290
f 292//292 356//356 355//355 291//291
f 293//293 357//357 360//360 296//296
f 294//294 358//358 357//357 293//293
f 295//295 359//359 358//358 294//294
f 296//296 360//360 359//359 295//295
f 297//297 361//361 364//364 300//300
f 298//298 362//362 361//361 297//297
f 299//299 363//363 362//362 298//298
f 300//300 364//364 363//363 299//299
f 301//301 365//365 368//368 304//304
f 302//302 366//366 365//365 301//301
f 303//303 367//367 366//366 302//302
f 304//304 368//368 367//367 303//303
f 305//305 369//369 372//372 308//308
f 306//306 370//370 369//369 305//305
f 307//307 371//371 370//370 306//306
f 308//308 372//372 371//371 307//307
f 309//309 373//373 376//376 312//312
f 310//310 374//374 373//373 309//309
f 311//311 375//375 374//374 310//310
f 312//312 376//376 375//375 311//311
f 313//313 377//377 380//380 316//316
f 314//314 378//378 377//377 313//313
f 315//315 379//379 378//378 314//314
f 316//316 380//380 379//379 315//315
f 317//317 381//381 384//384 320//320
f 318//318 382//382 381//381 317//317
f 319//319 383//383 382//382 318//318
f 320//320 384//384 383//383 319//319
f 321//321 385//385 388//388 324//324
f 322//322 386//386 385//385 321//321
f 323//323 387//387 386//386 322//322
f 324//324 388//388 387//387 323//323
f 325//325 389//389 392//392 328//328
f 326//326 390//390 389//389 325//325
f 327//327 391//391 390//390 326//326
f 328//328 392//392 391//391 327//327
f 329//329 393//393 396//396 332//332
f 330//330 394//394 393//393 329//329
f 331//331 395//395 394//394 330//330
f 332//332 396//396 395//395 331//331
f 333//333 397//397 400//400 336//336
f 334//334 398//398 397//397 333//333
f 335//335 399//399 398//398 334//334
f 336//336 400//400 399//399 335//335
f 337//337 401//401 404//404 340//340
f 338//338 402//402 401//401 337//337
f 339//339 403//403 402//402 338//338
f 340//340 404//404 403//403 339//339
f 341//341 405//405 408//408 344//344
f 342//342 406//406 405//405 341//341
f 343//343 407//407 406//406 342//342
f 344//344 408//408 407//407 343//343
f 345//345 409//409 412//412 348//348
f 346//346 410//410 409//409 345//345
f 347//347 411//411 410//410 346//346
f 348//348 412//412 411//411 347//347
f 349//349 413//413 416//416 352//352
f 350//350 414//414 413//413 349//349
f 351//351 415//415 414//414 350//350
f 352//352 416//416 415//415 351//351
f 353//353 417//417 420//420 356//356
f 354//354 418//418 417//417 353//353
f 355//355 419//419 418//418 354//354
f 356//356 420//420 419//419 355//355
f 357//357 421//421 424//424 360//360
f 358//358 422//422 421//421 357//357
f 359//359 423//423 422//422 358//358
f 360//360 424//424 423//423 359//359
f 361//361 425//425 428//428 364//364
f 362//362 426//426 425//425 361//361
f 363//363 427//427 426//426 362//362
f 364//364 428//428 427//427 363//363
f 365//365 429//429 432//432 368//368
f 366//366 430//430 429//429 365//365
f 367//367 431//431 430//430 366//366
f 368//368 432//432 431//431 367//367
f 369//369 433//433 436//436 372//372
f 370//370 434//434 433//433 369//369
f 371//371 435//435 434//434 370//370
f 372//372 436//436 435//435 371//371
f 373//373 437//437 440//440 376//376
f 374//374 438//438 437//437 373//373
f 375//375 439//439 438//438 374//374
f 376//376 440//440 439//439 375//375
f 377//377 441//441 444//444 380//380
f 378//378 442//442 441//441 377//377
f 379//379 443//443 442//442 378//378
f 380//380 444//444 443//443 379//379
f 381//381 445//445 448//448 384//384
f 382//382 446//446 445//445 381//381
f 383//383 447//447 446//446 382//382
f 384//384 448//448 447//447 383//383
f 385//385 449//449 452//452 388//388
f 386//386 450//450 449//449 385//385
f 387//387 451//451 450//450 386//386
f 388//388 452//452 451//451 387//387
f 389//389 453//453 456//456 392//392
f 390//390 454//454 453//453 389//389
f 391//391 455//455 454//454 390//390
f 392//392 456//456 455//455 391//391
f 393//393 457//457 460//460 396//396
f 394//394 458//458 457//457 393//393
f 395//395 459//459 458//458 394//394
f 396//396 460//460 459//459 395//395
f 397//397 461//461 464//464 400//400
f 398//398 462//462 461//461 397//397
f 399//399 463//463 462//462 398//398
f 400//400 464//464 463//463 399//399
f 401//401 465//465 468//468 404//404
f 402//402 466//466 465//465 401//401
f 403//403 467//467 466//466 402//402
f 404//404 468//468 467//467 403//403
f 405//405 469//469 472//472 408//408
f 406//406 470//470 469//469 405//405
f 407//407 471//471 470//470 406//406
f 408//408 472//472 471//471 407//407
f 409//409 473//473 476//476 412//412
f 410//410 474//474 473//473 409//409
f 411//411 475//475 474//474 410//410
f 412//412 476//476 475//475 411//411
f 413//413 477//477 480//480 416//416
f 414//414 478//478 477//477 413//413
f 415//415 479//479 478//478 414//414
f 416//416 480//480 479//479 415//415
f 417//417 481//481 484//484 420//420
f 418//418 482//482 481//481 417//417
f 419//419 483//483 482//482 418//418
f 420//420 484//484 483//483 419//419
f 421//421 485//485 488//488 424//424
f 422//422 486//486 485//485 421//421
f 423//423 487//487 486//486 422//422
f 424//424 488//488 487//487 423//423
f 425//425 489//489 492//492 428//428
f 426//426 490//490 489//489 425//425
f 427//427 491//491 490//490 426//426
f 428//428 492//492 491//491 427//427
f 429//429 493//493 496//496 432//432
f 430//430 494//494 493//493 429//429
f 431//431 495//495 494//494 430//430
f 432//432 496//496 495//495 431//431
f 434//434 435//435 543//543 542//542
f 435//435 436//436 544//544 543//543
f 436//436 433//433 541//541 544//544
f 438//438 439//439 519//519 518//518
f 439//439 440//440 520//520 519//519
f 440//440 437//437 517//517 520//520
f 442//442 443//443 551//551 550//550
f 443//443 444//444 552//552 551//551
f 444//444 441//441 549//549 552//552
f 446//446 447//447 527//527 526//526
f 447//447 448//448 528//528 527//527
f 448//448 445//445 525//525 528//528
f 450//450 451//451 507//507 506//506
f 451//451 452//452 508//508 507//507
f 452//452 449//449 505//505 508//508
f 454//454 455//455 503//503 502//502
f 455//455 456//456 504//504 503//503
f 456//456 453//453 501//501 504//504
f 458//458 459//459 499//499 498//498
f 459//459 460//460 500//500 499//499
f 460//460 457//457 497//497 500//500
f 462//462 463//463 511//511 510//510
f 463//463 464//464 512//512 511//511
f 464//464 461//461 509//509 512//512
f 466//466 467//467 531//531 530//530
f 467//467 468//468 532//532 531//531
f 468//468 465//465 529//529 532//532
f 470//470 471//471 515//515 514//514
f 471//471 472//472 516//516 515//515
f 472//472 469//469 513//513 516//516
f 474//474 475//475 555//555 554//554
f 475//475 476//476 556//556 555//555
f 476//476 473//473 553//553 556//556
f 478//478 479//479 523//523 522//522
f 479//479 480//480 524//524 523//523
f 480//480 477//477 521//521 524//524
f 482//482 483//483 535//535 534//534
f 483//483 484//484 536//536 535//535
f 484//484 481//481 533//533 536//536
f 486//486 487//487 539//539 538//538
f 487//487 488//488 540//540 539//539
f 488//488 485//485 537//537 540//540
f 490//490 491//491 559//559 558//558
f 491//491 492//492 560//560 559//559
f 492//492 489//489 557//557 560//560
f 494//494 495//495 547//547 546//546
f 495//495 496//496 548//548 547//547
f 496//496 493//493 545//545 548//548
f 498//498 497//497 457//457 458//458
f 498//498 499//499 500//500 497//497
f 502//502 501//501 453//453 454//454
f 502//502 503//503 504//504 501//501
f 506//506 505//505 449//449 450//450
f 506//506 507//507 508//508 505//505
f 510//510 509//509 461//461 462//462
f 510//510 511//511 512//512 509//509
f 514//514 513//513 469//469 470//470
f 514//514 515//515 516//516 513//513
f 518//518 517//517 437//437 438//438
f 518//518 519//519 520//520 517//517
f 522//522 521//521 477//477 478//478
f 522//522 523//523 524//524 521//521
f 526//526 525//525 445//445 446//446
f 526//526 527//527 528//528 525//525
f 530//530 529//529 465//465 466//466
f 530//530 531//531 532//532 529//529
f 534//534 533//533 481//481 482//482
f 534//534 535//535 536//536 533//533
f 538//538 537//537 485//485 486//486
f 538//538 539//539 540//540 537//537
f 542//542 541//541 433//433 434//434
f 542//542 543//543 544//544 541//541
f 546//546 545//545 493//493 494//494
f 546//546 547//547 548//548 545//545
f 550//550 549//549 441//441 442//442
f 550//550 551//551 552//552 549//549
f 554//554 553//553 473//473 474//474
f 554//554 555//555 556//556 553//553
f 558//558 557//557 489//489 490//490
f 558//558 559//559 560//560 557//557
f 561//561 577//577 592//592 576//576
f 562//562 578//578 577//577 561//561
f 563//563 579//579 578//578 562//562
f 564//564 580//580 579//579 563//563
f 565//565 581//581 580//580 564//564
f 566//566 582//582 581//581 565//565
f 567//567 583//583 582//582 566//566
f 568//568 584//584 583//583 567//567
f 569//569 585//585 584//584 568//568
f 570//570 586//586 585//585 569//569
f 571//571 587//587 586//586 570//570
f 572//572 588//588 587//587 571//571
f 573//573 589//589 588//588 572//572
f 574//574 590//590 589//589 573//573
f 575//575 591//591 590//590 574//574
f 576//576 592//592 591//591 575//575
f 577//577 593//593 608//608 592//592
f 578//578 594//594 593//593 577//577
f 579//579 595//595 594//594 578//578
f 580//580 596//596 595//595 579//579
f 581//581 597//597 596//596 580//580
f 582//582 598//598 597//597 581//581
f 583//583 599//599 598//598 582//582
f 584//584 600//600 599//599 583//583
f 585//585 601//601 600//600 584//584
f 586//586 602//602 601//601 585//585
f 587//587 603//603 602//602 586//586
f 588//588 604//604 603//603 587//587
f 589//589 605//605 604//604 588//588
f 590//590 606//606 605//605 589//589
f 591//591 607//607 606//606 590//590
f 592//592 608//608 607//607 591//591
f 593//593 609//609 624//624 608//608
f 593//593 687//687 686//686 609//609
f 594//594 688//688 687//687 593//593
f 595//595 611//611 610//610 594//594
f 595//595 683//683 682//682 611//611
f 596//596 684//684 683//683 595//595
f 597//597 613//613 612//612 596//596
f 597//597 679//679 678//678 613//613
f 598//598 680//680 679//679 597//597
f 599//599 615//615 614//614 598//598
f 599//599 675//675 674//674 615//615
f 600//600 676//676 675//675 599//599
f 601//601 617//617 616//616 600//600
f 601//601 671//671 670//670 617//617
f 602//602 672//672 671//671 601//601
f 603//603 619//619 618//618 602//602
f 603//603 667//667 666//666 619//619
f 604//604 668//668 667//667 603//603
f 605//605 621//621 620//620 604//604
f 605//605 663//663 662//662 621//621
f 606//606 664//664 663//663 605//605
f 607//607 623//623 622//622 606//606
f 607//607 659//659 658//658 623//623
f 608//608 660//660 659//659 607//607
f 609//609 625//625 640//640 624//624
f 609//609 686//686 685//685 610//610
f 610//610 626//626 625//625 609//609
f 610//610 685//685 688//688 594//594
f 611//611 627//627 626//626 610//610
f 611//611 682//682 681//681 612//612
f 612//612 628//628 627//627 611//611
f 612//612 681//681 684//684 596//596
f 613//613 629//629 628//628 612//612
f 613//613 678//678 677//677 614//614
f 614//614 630//630 629//629 613//613
f 614//614 677//677 680//680 598//598
f 615//615 631//631 630//630 614//614
f 615//615 674//674 673//673 616//616
f 616//616 632//632 631//631 615//615
f 616//616 673//673 676//676 600//600
f 617//617 633//633 632//632 616//616
f 617//617 670//670 669//669 618//618
f 618//618 634//634 633//633 617//617
f 618//618 669//669 672//672 602//602
f 619//619 635//635 634//634 618//618
f 619//619 666//666 665//665 620//620
f 620//620 636//636 635//635 619//619
f 620//620 665//665 668//668 604//604
f 621//621 637//637 636//636 620//620
f 621//621 662//662 661//661 622//622
f 622//622 638//638 637//637 621//621
f 622//622 661//661 664//664 606//606
f 623//623 639//639 638//638 622//622
f 623//623 658//658 657//657 624//624
f 624//624 640//640 639//639 623//623
f 624//624 657//657 660//660 608//608
f 625//625 641//641 656//656 640//640
f 626//626 642//642 641//641 625//625
f 627//627 643//643 642//642 626//626
f 628//628 644//644 643//643 627//627
f 629//629 645//645 644//644 628//628
f 630//630 646//646 645//645 629//629
f 631//631 647//647 646//646 630//630
f 632//632 648//648 647//647 631//631
f 633//633 649//649 648//648 632//632
f 634//634 650//650 649//649 633//633
f 635//635 651//651 650//650 634//634
f 636//636 652//652 651//651 635//635
f 637//637 653//653 652//652 636//636
f 638//638 654//654 653//653 637//637
f 639//639 655//655 654//654 638//638
f 640//640 656//656 655//655 639//639
f 642//642 643//643 644//644 645//645 646//646 647//647 648//648 649//649 650//650 651//651 652//652 653//653 654//654 655//655 656//656 641//641
f 657//657 689//689 692//692 660//660
f 658//658 690//690 689//689 657//657
f 659//659 691//691 690//690 658//658
f 660//660 692//692 691//691 659//659
f 661//661 693//693 696//696 664//664
f 662//662 694//694 693//693 661//661
f 663//663 695//695 694//694 662//662
f 664//664 696//696 695//695 663//663
f 665//665 697//697 700//700 668//668
f 666//666 698//698 697//697 665//665
f 667//667 699//699 698//698 666//666
f 668//668 700//700 699//699 667//667
f 669//669 701//701 704//704 672//672
f 670//670 702//702 701//701 669//669
f 671//671 703//703 702//702 670//670
f 672//672 704//704 703//703 671//671
f 673//673 705//705 708//708 676//676
f 674//674 706//706 705//705 673//673
f 675//675 707//707 706//706 674//674
f 676//676 708//708 707//707 675//675
f 677//677 709//709 712//712 680//680
f 678//678 710//710 709//709 677//677
f 679//679 711//711 710//710 678//678
f 680//680 712//712 711//711 679//679
f 681//681 713//713 716//716 684//684
f 682//682 714//714 713//713 681//681
f 683//683 715//715 714//714 682//682
f 684//684 716//716 715//715 683//683
f 685//685 717//717 720//720 688//688
f 686//686 718//718 717//717 685//685
f 687//687 719//719 718//718 686//686
f 688//688 720//720 719//719 687//687
f 689//689 823//823 791//791 692//692
f 690//690 824//824 823//823 689//689
f 691//691 792//792 824//824 690//690
f 692//692 791//791 792//792 691//691
f 693//693 827//827 795//795 696//696
f 694//694 828//828 827//827 693//693
f 695//695 796//796 828//828 694//694
f 696//696 795//795 796//796 695//695
f 697//697 831//831 799//799 700//700
f 698//698 832//832 831//831 697//697
f 699//699 800//800 832//832 698//698
f 700//700 799//799 800//800 699//699
f 701//701 835//835 803//803 704//704
f 702//702 836//836 835//835 701//701
f 703//703 804//804 836//836 702//702
f 704//704 803//803 804//804 703//703
f 705//705 839//839 807//807 708//708
f 706//706 840//840 839//839 705//705
f 707//707 808//808 840//840 706//706
f 708//708 807//807 808//808 707//707
f 709//709 843//843 811//811 712//712
f 710//710 844//844 843//843 709//709
f 711//711 812//812 844//844 710//710
f 712//712 811//811 812//812 711//711
f 713//713 847//847 815//815 716//716
f 714//714 848//848 847//847 713//713
f 715//715 816//816 848//848 714//714
f 716//716 815//815 816//816 715//715
f 717//717 819//819 787//787 720//720
f 718//718 820//820 819//819 717//717
f 719//719 788//788 820//820 718//718
f 720//720 787//787 788//788 719//719
f 721//721 781//781 784//784 724//724
f 722//722 782//782 781//781 721//721
f 723//723 783//783 782//782 722//722
f 724//724 784//784 783//783 723//723
f 725//725 777//777 780//780 728//728
f 726//726 778//778 777//777 725//725
f 727//727 779//779 778//778 726//726
f 728//728 780//780 779//779 727//727
f 729//729 773//773 776//776 732//732
f 730//730 774//774 773//773 729//729
f 731//731 775//775 774//774 730//730
f 732//732 776//776 775//775 731//731
f 733//733 769//769 772//772 736//736
f 734//734 770//770 769//769 733//733
f 735//735 771//771 770//770 734//734
f 736//736 772//772 771//771 735//735
f 737//737 765//765 768//768 740//740
f 738//738 766//766 765//765 737//737
f 739//739 767//767 766//766 738//738
f 740//740 768//768 767//767 739//739
f 741//741 761//761 764//764 744//744
f 742//742 762//762 761//761 741//741
f 743//743 763//763 762//762 742//742
f 744//744 764//764 763//763 743//743
f 745//745 757//757 760//760 748//748
f 746//746 758//758 757//757 745//745
f 747//747 759//759 758//758 746//746
f 748//748 760//760 759//759 747//747
f 749//749 753//753 756//756 752//752
f 750//750 754//754 753//753 749//749
f 751//751 755//755 754//754 750//750
f 752//752 756//756 755//755 751//751
f 753//753 785//785 788//788 756//756
f 754//754 786//786 785//785 753//753
f 755//755 787//787 786//786 754//754
f 756//756 788//788 787//787 755//755
f 757//757 789//789 792//792 760//760
f 758//758 790//790 789//789 757//757
f 759//759 791//791 790//790 758//758
f 760//760 792//792 791//791 759//759
f 761//761 793//793 796//796 764//764
f 762//762 794//794 793//793 761//761
f 763//763 795//795 794//794 762//762
f 764//764 796//796 795//795 763//763
f 765//765 797//797 800//800 768//768
f 766//766 798//798 797//797 765//765
f 767//767 799//799 798//798 766//766
f 768//768 800//800 799//799 767//767
f 769//769 801//801 804//804 772//772
f 770//770 802//802 801//801 769//769
f 771//771 803//803 802//802 770//770
f 772//772 804//804 803//803 771//771
f 773//773 805//805 808//808 776//776
f 774//774 806//806 805//805 773//773
f 775//775 807//807 806//806 774//774
f 776//776 808//808 807//807 775//775
f 777//777 809//809 812//812 780//780
f 778//778 810//810 809//809 777//777
f 779//779 811//811 810//810 778//778
f 780//780 812//812 811//811 779//779
f 781//781 813//813 816//816 784//784
f 782//782 814//814 813//813 781//781
f 783//783 815//815 814//814 782//782
f 784//784 816//816 815//815 783//783
f 785//785 817//817 820//820 788//788
f 786//786 818//818 817//817 785//785
f 787//787 819//819 818//818 786//786
f 789//789 821//821 824//824 792//792
f 790//790 822//822 821//821 789//789
f 791//791 823//823 822//822 790//790
f 793//793 825//825 828//828 796//796
f 794//794 826//826 825//825 793//793
f 795//795 827//827 826//826 794//794
f 797//797 829//829 832//832 800//800
f 798//798 830//830 829//829 797//797
f 799//799 831//831 830//830 798//798
f 801//801 833//833 836//836 804//804
f 802//802 834//834 833//833 801//801
f 803//803 835//835 834//834 802//802
f 805//805 837//837 840//840 808//808
f 806//806 838//838 837//837 805//805
f 807//807 839//839 838//838 806//806
f 809//809 841//841 844//844 812//812
f 810//810 842//842 841//841 809//809
f 811//811 843//843 842//842 810//810
f 813//813 845//845 848//848 816//816
f 814//814 846//846 845//845 813//813
f 815//815 847//847 846//846 814//814
f 818//818 819//819 820//820 817//817
f 822//822 823//823 824//824 821//821
f 826//826 827//827 828//828 825//825
f 830//830 831//831 832//832 829//829
f 834//834 835//835 836//836 833//833
f 838//838 839//839 840//840 837//837
f 842//842 843//843 844//844 841//841
f 846//846 847//847 848//848 845//845
f 849//849 865//865 880//880 864//864
f 850//850 866//866 865//865 849//849
f 851//851 867//867 866//866 850//850
f 852//852 868//868 867//867 851//851
f 853//853 869//869 868//868 852//852
f 854//854 870//870 869//869 853//853
f 855//855 871//871 870//870 854//854
f 856//856 872//872 871//871 855//855
f 857//857 873//873 872//872 856//856
f 858//858 874//874 873//873 857//857
f 859//859 875//875 874//874 858//858
f 860//860 876//876 875//875 859//859
f 861//861 877//877 876//876 860//860
f 862//862 878//878 877//877 861//861
f 863//863 879//879 878//878 862//862
f 864//864 880//880 879//879 863//863
f 865//865 881//881 896//896 880//880
f 866//866 882//882 881//881 865//865
f 867//867 883//883 882//882 866//866
f 868//868 884//884 883//883 867//867
f 869//869 885//885 884//884 868//868
f 870//870 886//886 885//885 869//869
f 871//871 887//887 886//886 870//870
f 872//872 888//888 887//887 871//871
f 873//873 889//889 888//888 872//872
f 874//874 890//890 889//889 873//873
f 875//875 891//891 890//890 874//874
f 876//876 892//892 891//891 875//875
f 877//877 893//893 892//892 876//876
f 878//878 894//894 893//893 877//877
f 879//879 895//895 894//894 878//878
f 880//880 896//896 895//895 879//879
f 882//882 883//883 899//899 898//898
f 883//883 884//884 900//900 899//899
f 884//884 885//885 901//901 900//900
f 885//885 886//886 902//902 901//901
f 886//886 887//887 903//903 902//902
f 887//887 888//888 904//904 903//903
f 888//888 889//889 905//905 904//904
f 889//889 890//890 906//906 905//905
f 890//890 891//891 907//907 906//906
f 891//891 892//892 908//908 907//907
f 892//892 893//893 909//909 908//908
f 893//893 894//894 910//910 909//909
f 894//894 895//895 911//911 910//910
f 895//895 896//896 912//912 911//911
f 896//896 881//881 897//897 912//912
f 898//898 897//897 881//881 882//882
f 898//898 899//899 900//900 901//901 902//902 903//903 904//904 905//905 906//906 907//907 908//908 909//909 910//910 911//911 912//912 897//897
